Date,Adj Close,Close,High,Low,Open,Volume
2021-01-04,125.63250732421876,129.41000366210938,133.61000061035156,126.76000213623048,133.52000427246094,143301900
2021-01-05,127.1857681274414,131.00999450683594,131.74000549316406,128.42999267578125,128.88999938964844,97664900
2021-01-06,122.9045181274414,126.5999984741211,131.0500030517578,126.37999725341795,127.72000122070312,155088000
2021-01-07,127.09841918945312,130.9199981689453,131.6300048828125,127.86000061035156,128.36000061035156,109578200
2021-01-08,128.19544982910156,132.0500030517578,132.6300048828125,130.22999572753906,132.42999267578125,105158200
2021-01-11,125.21505737304688,128.97999572753906,130.1699981689453,128.5,129.19000244140625,100384500
2021-01-12,125.04031372070312,128.8000030517578,129.69000244140625,126.86000061035156,128.5,91951100
2021-01-13,127.06932830810548,130.88999938964844,131.4499969482422,128.49000549316406,128.75999450683594,88636800
2021-01-14,125.1471176147461,128.91000366210938,131.0,128.75999450683594,130.8000030517578,90221800
2021-01-15,123.4287567138672,127.13999938964844,130.22000122070312,127.0,128.77999877929688,111598500
2021-01-19,124.09862518310548,127.83000183105467,128.7100067138672,126.94000244140624,127.77999877929688,90757300
2021-01-20,128.17604064941406,132.02999877929688,132.49000549316406,128.5500030517578,128.66000366210938,104319500
2021-01-21,132.87472534179688,136.8699951171875,139.6699981689453,133.58999633789062,133.8000030517578,120150900
2021-01-22,135.010498046875,139.07000732421875,139.85000610351562,135.02000427246094,136.27999877929688,114459400
2021-01-25,138.74813842773438,142.9199981689453,145.08999633789062,136.5399932861328,143.07000732421875,157611700
2021-01-26,138.98110961914062,143.16000366210938,144.3000030517578,141.3699951171875,143.60000610351562,98390600
2021-01-27,137.91322326660156,142.05999755859375,144.3000030517578,140.41000366210938,143.42999267578125,140843800
2021-01-28,133.0883026123047,137.08999633789062,141.99000549316406,136.6999969482422,139.52000427246094,142621100
2021-01-29,128.10809326171875,131.9600067138672,136.74000549316406,130.2100067138672,135.8300018310547,177523800
2021-02-01,130.2244415283203,134.13999938964844,135.3800048828125,130.92999267578125,133.75,106239800
2021-02-02,131.0496368408203,134.99000549316406,136.30999755859375,134.61000061035156,135.72999572753906,83305400
2021-02-03,130.03025817871094,133.94000244140625,135.77000427246094,133.61000061035156,135.75999450683594,89880900
2021-02-04,133.37953186035156,137.38999938964844,137.39999389648438,134.58999633789062,136.3000030517578,84183100
2021-02-05,132.9663543701172,136.75999450683594,137.4199981689453,135.86000061035156,137.35000610351562,75693800
2021-02-08,133.11219787597656,136.91000366210938,136.9600067138672,134.9199981689453,136.02999877929688,71297200
2021-02-09,132.23719787597656,136.00999450683594,137.8800048828125,135.85000610351562,136.6199951171875,76774200
2021-02-10,131.63433837890625,135.38999938964844,136.99000549316406,134.39999389648438,136.47999572753906,73046600
2021-02-11,131.38156127929688,135.1300048828125,136.38999938964844,133.77000427246094,135.89999389648438,64280000
2021-02-12,131.61489868164062,135.3699951171875,135.52999877929688,133.69000244140625,134.35000610351562,60145100
2021-02-16,129.49539184570312,133.19000244140625,136.00999450683594,132.7899932861328,135.49000549316406,80576300
2021-02-17,127.21056365966795,130.83999633789062,132.22000122070312,129.47000122070312,131.25,97918500
2021-02-18,126.11193084716795,129.7100067138672,130.0,127.41000366210938,129.1999969482422,96856700
2021-02-19,126.2674560546875,129.8699951171875,130.7100067138672,128.8000030517578,130.24000549316406,87668800
2021-02-22,122.50482940673828,126.0,129.72000122070312,125.5999984741211,128.00999450683594,103916400
2021-02-23,122.36872100830078,125.86000061035156,126.70999908447266,118.38999938964844,123.76000213623048,158273000
2021-02-24,121.87286376953124,125.3499984741211,125.55999755859376,122.2300033569336,124.94000244140624,111039900
2021-02-25,117.6338119506836,120.98999786376952,126.45999908447266,120.54000091552734,124.68000030517578,148199500
2021-02-26,117.89630889892578,121.26000213623048,124.8499984741211,121.1999969482422,122.58999633789062,164560400
2021-03-01,124.24517059326172,127.79000091552734,127.93000030517578,122.79000091552734,123.75,116307900
2021-03-02,121.64924621582033,125.12000274658205,128.72000122070312,125.01000213623048,128.41000366210938,102260900
2021-03-03,118.67411041259766,122.05999755859376,125.70999908447266,121.83999633789062,124.80999755859376,112966300
2021-03-04,116.7976531982422,120.12999725341795,123.5999984741211,118.62000274658205,121.75,178155000
2021-03-05,118.0518569946289,121.41999816894533,121.94000244140624,117.56999969482422,120.9800033569336,153766600
2021-03-08,113.13221740722656,116.36000061035156,121.0,116.20999908447266,120.93000030517578,154376600
2021-03-09,117.73102569580078,121.08999633789062,122.05999755859376,118.79000091552734,119.02999877929688,129525800
2021-03-10,116.65180206298828,119.9800033569336,122.16999816894533,119.4499969482422,121.69000244140624,111943300
2021-03-11,118.5768814086914,121.95999908447266,123.20999908447266,121.26000213623048,122.54000091552734,103026500
2021-03-12,117.67268371582033,121.02999877929688,121.16999816894533,119.16000366210938,120.4000015258789,88105100
2021-03-15,120.55056762695312,123.98999786376952,124.0,120.41999816894533,121.41000366210938,92403800
2021-03-16,122.08674621582033,125.56999969482422,127.22000122070312,124.72000122070312,125.6999969482422,115227900
2021-03-17,121.29923248291016,124.76000213623048,125.86000061035156,122.33999633789062,124.0500030517578,111932600
2021-03-18,117.18656158447266,120.52999877929688,123.18000030517578,120.31999969482422,122.87999725341795,121229700
2021-03-19,116.66152954101562,119.98999786376952,121.43000030517578,119.68000030517578,119.9000015258789,185549500
2021-03-22,119.96721649169922,123.38999938964844,123.87000274658205,120.26000213623048,120.33000183105467,111912300
2021-03-23,119.14078521728516,122.54000091552734,124.23999786376952,122.13999938964844,123.33000183105467,95467100
2021-03-24,116.7587661743164,120.08999633789062,122.9000015258789,120.06999969482422,122.81999969482422,88530500
2021-03-25,117.2448959350586,120.58999633789062,121.66000366210938,119.0,119.54000091552734,98844700
2021-03-26,117.84768676757812,121.20999908447266,121.4800033569336,118.91999816894533,120.3499984741211,94071200
2021-03-29,118.02271270751952,121.38999938964844,122.58000183105467,120.7300033569336,121.6500015258789,80819200
2021-03-30,116.57402801513672,119.9000015258789,120.4000015258789,118.86000061035156,120.11000061035156,85671900
2021-03-31,118.76163482666016,122.1500015258789,123.5199966430664,121.1500015258789,121.6500015258789,118323800
2021-04-01,119.58805084228516,123.0,124.18000030517578,122.48999786376952,123.66000366210938,75089100
2021-04-05,122.4075927734375,125.9000015258789,126.16000366210938,123.06999969482422,123.87000274658205,88651200
2021-04-06,122.70899963378906,126.20999908447266,127.12999725341795,125.6500015258789,126.5,80171300
2021-04-07,124.35211944580078,127.9000015258789,127.91999816894533,125.13999938964844,125.83000183105467,83466700
2021-04-08,126.743896484375,130.36000061035156,130.38999938964844,128.52000427246094,128.9499969482422,88844600
2021-04-09,129.31065368652344,133.0,133.0399932861328,129.47000122070312,129.8000030517578,106686700
2021-04-12,127.59950256347656,131.24000549316406,132.85000610351562,130.6300048828125,132.52000427246094,91420000
2021-04-13,130.70094299316406,134.42999267578125,134.66000366210938,131.92999267578125,132.44000244140625,91266500
2021-04-14,128.36756896972656,132.02999877929688,135.0,131.66000366210938,134.94000244140625,87222800
2021-04-15,130.76901245117188,134.5,135.0,133.63999938964844,133.82000732421875,89347100
2021-04-16,130.43844604492188,134.16000366210938,134.6699981689453,133.27999877929688,134.3000030517578,84922400
2021-04-19,131.0995635986328,134.83999633789062,135.47000122070312,133.33999633789062,133.50999450683594,94264200
2021-04-20,129.41757202148438,133.11000061035156,135.52999877929688,131.80999755859375,135.02000427246094,94812300
2021-04-21,129.79676818847656,133.5,133.75,131.3000030517578,132.36000061035156,68847100
2021-04-22,128.28005981445312,131.94000244140625,134.14999389648438,131.41000366210938,133.0399932861328,84566500
2021-04-23,130.59400939941406,134.32000732421875,135.1199951171875,132.16000366210938,132.16000366210938,78657500
2021-04-26,130.9829559326172,134.72000122070312,135.05999755859375,133.55999755859375,134.8300018310547,66905100
2021-04-27,130.6620635986328,134.38999938964844,135.41000366210938,134.11000061035156,135.00999450683594,66015800
2021-04-28,129.87457275390625,133.5800018310547,135.02000427246094,133.0800018310547,134.30999755859375,107760100
2021-04-29,129.77732849121094,133.47999572753906,137.07000732421875,132.4499969482422,136.47000122070312,151101000
2021-04-30,127.81338500976562,131.4600067138672,133.55999755859375,131.07000732421875,131.77999877929688,109839500
2021-05-03,128.86337280273438,132.5399932861328,134.07000732421875,131.8300018310547,132.0399932861328,75135100
2021-05-04,124.3035125732422,127.8499984741211,131.49000549316406,126.6999969482422,131.19000244140625,137564700
2021-05-05,124.54656982421876,128.10000610351562,130.4499969482422,127.97000122070312,129.1999969482422,84000900
2021-05-06,126.14105987548828,129.74000549316406,129.75,127.12999725341795,127.88999938964844,78128300
2021-05-07,126.81307220458984,130.2100067138672,131.25999450683594,129.47999572753906,130.85000610351562,78973300
2021-05-10,123.5407257080078,126.8499984741211,129.5399932861328,126.80999755859376,129.41000366210938,88071200
2021-05-11,122.62525939941406,125.91000366210938,126.2699966430664,122.7699966430664,123.5,126142800
2021-05-12,119.56716918945312,122.7699966430664,124.63999938964844,122.25,123.4000015258789,112172300
2021-05-13,121.70978546142578,124.97000122070312,126.1500015258789,124.26000213623048,124.58000183105467,105861300
2021-05-14,124.12506866455078,127.4499969482422,127.88999938964844,125.8499984741211,126.25,81918000
2021-05-17,122.9758758544922,126.2699966430664,126.93000030517578,125.16999816894533,126.81999969482422,74244600
2021-05-18,121.59293365478516,124.8499984741211,126.98999786376952,124.77999877929688,126.55999755859376,63342900
2021-05-19,121.43708038330078,124.69000244140624,124.91999816894533,122.86000061035156,123.16000366210938,92612000
2021-05-20,123.98873901367188,127.30999755859376,127.72000122070312,125.0999984741211,125.2300033569336,76857100
2021-05-21,122.15779113769533,125.43000030517578,128.0,125.20999908447266,127.81999969482422,79295400
2021-05-24,123.78418731689452,127.0999984741211,127.94000244140624,125.94000244140624,126.01000213623048,63092900
2021-05-25,123.58943939208984,126.9000015258789,128.32000732421875,126.31999969482422,127.81999969482422,72009500
2021-05-26,123.5407257080078,126.8499984741211,127.38999938964844,126.41999816894533,126.95999908447266,56575900
2021-05-27,122.01168823242188,125.27999877929688,127.63999938964844,125.08000183105467,126.44000244140624,94625600
2021-05-28,121.35916137695312,124.61000061035156,125.8000030517578,124.5500030517578,125.56999969482422,71311100
2021-06-01,121.03778076171876,124.27999877929688,125.3499984741211,123.94000244140624,125.08000183105467,67637100
2021-06-02,121.79741668701172,125.05999755859376,125.23999786376952,124.0500030517578,124.27999877929688,59278900
2021-06-03,120.31707763671876,123.54000091552734,124.8499984741211,123.12999725341795,124.68000030517578,76229200
2021-06-04,122.60578918457033,125.88999938964844,126.16000366210938,123.8499984741211,124.06999969482422,75169300
2021-06-07,122.61550903320312,125.9000015258789,126.31999969482422,124.83000183105467,126.16999816894533,71057600
2021-06-08,123.43360137939452,126.73999786376952,128.4600067138672,126.20999908447266,126.5999984741211,74403800
2021-06-09,123.81341552734376,127.12999725341795,127.75,126.5199966430664,127.20999908447266,56877900
2021-06-10,122.82003784179688,126.11000061035156,128.19000244140625,125.94000244140624,127.0199966430664,71186400
2021-06-11,124.02769470214844,127.3499984741211,127.44000244140624,126.0999984741211,126.52999877929688,53522400
2021-06-14,127.07601165771484,130.47999572753906,130.5399932861328,127.06999969482422,127.81999969482422,96906500
2021-06-15,126.25794982910156,129.63999938964844,130.60000610351562,129.38999938964844,129.94000244140625,62746300
2021-06-16,126.754638671875,130.14999389648438,130.88999938964844,128.4600067138672,130.3699951171875,91815000
2021-06-17,128.3518524169922,131.7899932861328,132.5500030517578,129.64999389648438,129.8000030517578,96721700
2021-06-18,127.05654907226562,130.4600067138672,131.50999450683594,130.24000549316406,130.7100067138672,108953300
2021-06-21,128.84854125976562,132.3000030517578,132.41000366210938,129.2100067138672,130.3000030517578,79663300
2021-06-22,130.48471069335938,133.97999572753906,134.0800018310547,131.6199951171875,132.1300048828125,74783600
2021-06-23,130.21202087402344,133.6999969482422,134.32000732421875,133.22999572753906,133.77000427246094,60214200
2021-06-24,129.92959594726562,133.41000366210938,134.63999938964844,132.92999267578125,134.4499969482422,68711000
2021-06-25,129.6374053955078,133.11000061035156,133.88999938964844,132.80999755859375,133.4600067138672,70783700
2021-06-28,131.26385498046875,134.77999877929688,135.25,133.35000610351562,133.41000366210938,62111300
2021-06-29,132.7734375,136.3300018310547,136.49000549316406,134.35000610351562,134.8000030517578,64556100
2021-06-30,133.3870086669922,136.9600067138672,137.41000366210938,135.8699951171875,136.1699981689453,63261400
2021-07-01,133.6888885498047,137.27000427246094,137.3300018310547,135.75999450683594,136.60000610351562,52485800
2021-07-02,136.30868530273438,139.9600067138672,140.0,137.75,137.89999389648438,78852600
2021-07-06,138.3149871826172,142.02000427246094,143.14999389648438,140.07000732421875,140.07000732421875,108181800
2021-07-07,140.79847717285156,144.57000732421875,144.88999938964844,142.66000366210938,143.5399932861328,104911600
2021-07-08,139.50318908691406,143.24000549316406,144.05999755859375,140.6699981689453,141.5800018310547,105575500
2021-07-09,141.3243408203125,145.11000061035156,145.64999389648438,142.64999389648438,142.75,99890800
2021-07-12,140.73031616210938,144.5,146.32000732421875,144.0,146.2100067138672,76299700
2021-07-13,141.84054565429688,145.63999938964844,147.4600067138672,143.6300048828125,144.02999877929688,100827100
2021-07-14,145.25897216796875,149.14999389648438,149.57000732421875,147.67999267578125,148.10000610351562,127050800
2021-07-15,144.6064453125,148.47999572753906,150.0,147.08999633789062,149.24000549316406,106820300
2021-07-16,142.57098388671875,146.38999938964844,149.75999450683594,145.8800048828125,148.4600067138672,93251400
2021-07-19,138.73374938964844,142.4499969482422,144.07000732421875,141.6699981689453,143.75,121434600
2021-07-20,142.33718872070312,146.14999389648438,147.10000610351562,142.9600067138672,143.4600067138672,96350000
2021-07-21,141.6068115234375,145.39999389648438,146.1300048828125,144.6300048828125,145.52999877929688,74993500
2021-07-22,142.9702606201172,146.8000030517578,148.1999969482422,145.80999755859375,145.94000244140625,77338200
2021-07-23,144.684326171875,148.55999755859375,148.72000122070312,146.9199981689453,147.5500030517578,71447400
2021-07-26,145.10313415527344,148.99000549316406,149.8300018310547,147.6999969482422,148.27000427246094,72434100
2021-07-27,142.94105529785156,146.77000427246094,149.2100067138672,145.5500030517578,149.1199951171875,104818600
2021-07-28,141.19773864746094,144.97999572753906,146.97000122070312,142.5399932861328,144.80999755859375,118931200
2021-07-29,141.84054565429688,145.63999938964844,146.5500030517578,144.5800018310547,144.69000244140625,56699500
2021-07-30,142.05484008789062,145.86000061035156,146.3300018310547,144.11000061035156,144.3800048828125,70440600
2021-08-02,141.7236328125,145.52000427246094,146.9499969482422,145.25,146.36000061035156,62880000
2021-08-03,143.51564025878906,147.36000061035156,148.0399932861328,145.17999267578125,145.80999755859375,64786600
2021-08-04,143.11634826660156,146.9499969482422,147.7899932861328,146.27999877929688,147.27000427246094,56368300
2021-08-05,143.2235107421875,147.05999755859375,147.83999633789062,146.1699981689453,146.97999572753906,46397700
2021-08-06,142.54074096679688,146.13999938964844,147.11000061035156,145.6300048828125,146.35000610351562,54126800
2021-08-09,142.4919891357422,146.08999633789062,146.6999969482422,145.52000427246094,146.1999969482422,48908700
2021-08-10,142.01402282714844,145.60000610351562,147.7100067138672,145.3000030517578,146.44000244140625,69023100
2021-08-11,142.26766967773438,145.86000061035156,146.72000122070312,145.52999877929688,146.0500030517578,48493500
2021-08-12,145.22300720214844,148.88999938964844,149.0500030517578,145.83999633789062,146.19000244140625,72282600
2021-08-13,145.4279022216797,149.10000610351562,149.44000244140625,148.27000427246094,148.97000122070312,59375000
2021-08-16,147.39805603027344,151.1199951171875,151.19000244140625,146.47000122070312,148.5399932861328,103296000
2021-08-17,146.49098205566406,150.19000244140625,151.67999267578125,149.08999633789062,150.22999572753906,92229700
2021-08-18,142.7553253173828,146.36000061035156,150.72000122070312,146.14999389648438,149.8000030517578,86326000
2021-08-19,143.08694458007812,146.6999969482422,148.0,144.5,145.02999877929688,86960300
2021-08-20,144.5402374267578,148.19000244140625,148.5,146.77999877929688,147.44000244140625,60549600
2021-08-23,146.02279663085938,149.7100067138672,150.19000244140625,147.88999938964844,148.30999755859375,60131800
2021-08-24,145.93504333496094,149.6199951171875,150.86000061035156,149.14999389648438,149.4499969482422,48606400
2021-08-25,144.70606994628906,148.36000061035156,150.32000732421875,147.8000030517578,149.80999755859375,58991300
2021-08-26,143.90625,147.5399932861328,149.1199951171875,147.50999450683594,148.35000610351562,48597200
2021-08-27,144.94017028808594,148.60000610351562,148.75,146.8300018310547,147.47999572753906,55802400
2021-08-30,149.34881591796875,153.1199951171875,153.49000549316406,148.61000061035156,149.0,90956700
2021-08-31,148.0906219482422,151.8300018310547,152.8000030517578,151.2899932861328,152.66000366210938,86453100
2021-09-01,148.75384521484375,152.50999450683594,154.97999572753906,152.33999633789062,152.8300018310547,80313700
2021-09-02,149.8657989501953,153.64999389648438,154.72000122070312,152.39999389648438,153.8699951171875,71115500
2021-09-03,150.499755859375,154.3000030517578,154.6300048828125,153.08999633789062,153.75999450683594,57808700
2021-09-07,152.8308868408203,156.69000244140625,157.25999450683594,154.38999938964844,154.97000122070312,82278300
2021-09-08,151.28982543945312,155.11000061035156,157.0399932861328,153.97999572753906,156.97999572753906,74420200
2021-09-09,150.27542114257812,154.07000732421875,156.11000061035156,153.9499969482422,155.49000549316406,57305700
2021-09-10,145.30101013183594,148.97000122070312,155.47999572753906,148.6999969482422,155.0,140893200
2021-09-13,145.8667449951172,149.5500030517578,151.4199981689453,148.75,150.6300048828125,102404300
2021-09-14,144.47195434570312,148.1199951171875,151.07000732421875,146.91000366210938,150.35000610351562,109296300
2021-09-15,145.3595428466797,149.02999877929688,149.44000244140625,146.3699951171875,148.55999755859375,83281300
2021-09-16,145.12542724609375,148.7899932861328,148.97000122070312,147.22000122070312,148.44000244140625,68034100
2021-09-17,142.46273803710938,146.05999755859375,148.82000732421875,145.75999450683594,148.82000732421875,129868800
2021-09-20,139.4195556640625,142.94000244140625,144.83999633789062,141.27000427246094,143.8000030517578,123478900
2021-09-21,139.89747619628906,143.42999267578125,144.60000610351562,142.77999877929688,143.92999267578125,75834000
2021-09-22,142.25790405273438,145.85000610351562,146.42999267578125,143.6999969482422,144.4499969482422,76404300
2021-09-23,143.21376037597656,146.8300018310547,147.0800018310547,145.63999938964844,146.64999389648438,64838200
2021-09-24,143.3015594482422,146.9199981689453,147.47000122070312,145.55999755859375,145.66000366210938,53477900
2021-09-27,141.7897186279297,145.3699951171875,145.9600067138672,143.82000732421875,145.47000122070312,74150700
2021-09-28,138.41494750976562,141.91000366210938,144.75,141.69000244140625,143.25,108972300
2021-09-29,139.31227111816406,142.8300018310547,144.4499969482422,142.02999877929688,142.47000122070312,74602000
2021-09-30,138.0150146484375,141.5,144.3800048828125,141.27999877929688,143.66000366210938,89056700
2021-10-01,139.13671875,142.64999389648438,142.9199981689453,139.11000061035156,141.89999389648438,94639600
2021-10-04,135.71316528320312,139.13999938964844,142.2100067138672,138.27000427246094,141.75999450683594,98322000
2021-10-05,137.63462829589844,141.11000061035156,142.24000549316406,139.36000061035156,139.49000549316406,80861100
2021-10-06,138.50270080566406,142.0,142.14999389648438,138.3699951171875,139.47000122070312,83221100
2021-10-07,139.7609405517578,143.2899932861328,144.22000122070312,142.72000122070312,143.05999755859375,61732700
2021-10-08,139.3805389404297,142.89999389648438,144.17999267578125,142.55999755859375,144.02999877929688,58773200
2021-10-11,139.2927703857422,142.80999755859375,144.80999755859375,141.80999755859375,142.27000427246094,64452200
2021-10-12,138.0247802734375,141.50999450683594,143.25,141.0399932861328,143.22999572753906,73035900
2021-10-13,137.43955993652344,140.91000366210938,141.39999389648438,139.1999969482422,141.24000549316406,78762700
2021-10-14,140.21932983398438,143.75999450683594,143.8800048828125,141.50999450683594,142.11000061035156,69907100
2021-10-15,141.2727508544922,144.83999633789062,144.89999389648438,143.50999450683594,143.77000427246094,67940300
2021-10-18,142.94064331054688,146.5500030517578,146.83999633789062,143.16000366210938,143.4499969482422,85589200
2021-10-19,145.09619140625,148.75999450683594,149.1699981689453,146.5500030517578,147.00999450683594,76378900
2021-10-20,145.58387756347656,149.25999450683594,149.75,148.1199951171875,148.6999969482422,58418800
2021-10-21,145.7985076904297,149.47999572753906,149.63999938964844,147.8699951171875,148.80999755859375,61421000
2021-10-22,145.02796936035156,148.69000244140625,150.17999267578125,148.63999938964844,149.69000244140625,58883400
2021-10-25,144.97911071777344,148.63999938964844,149.3699951171875,147.6199951171875,148.67999267578125,50720600
2021-10-26,145.64239501953125,149.32000732421875,150.83999633789062,149.00999450683594,149.3300018310547,60893400
2021-10-27,145.1840057373047,148.85000610351562,149.72999572753906,148.49000549316406,149.36000061035156,56094900
2021-10-28,148.81239318847656,152.57000732421875,153.1699981689453,149.72000122070312,149.82000732421875,100077900
2021-10-29,146.11062622070312,149.8000030517578,149.94000244140625,146.41000366210938,147.22000122070312,124953200
2021-11-01,145.29129028320312,148.9600067138672,149.6999969482422,147.8000030517578,148.99000549316406,74588300
2021-11-02,146.32521057128906,150.02000427246094,151.57000732421875,148.64999389648438,148.66000366210938,69122000
2021-11-03,147.7589569091797,151.49000549316406,151.97000122070312,149.82000732421875,150.38999938964844,54511500
2021-11-04,147.24200439453125,150.9600067138672,152.42999267578125,150.63999938964844,151.5800018310547,60394600
2021-11-05,147.7694854736328,151.27999877929688,152.1999969482422,150.05999755859375,151.88999938964844,65463900
2021-11-08,146.94895935058594,150.44000244140625,151.57000732421875,150.16000366210938,151.41000366210938,55020900
2021-11-09,147.31039428710938,150.80999755859375,151.42999267578125,150.05999755859375,150.1999969482422,56787900
2021-11-10,144.48744201660156,147.9199981689453,150.1300048828125,147.85000610351562,150.02000427246094,65187100
2021-11-11,144.43861389160156,147.8699951171875,149.42999267578125,147.67999267578125,148.9600067138672,41000000
2021-11-12,146.50942993164062,149.99000549316406,150.39999389648438,147.47999572753906,148.42999267578125,63804000
2021-11-15,146.51918029785156,150.0,151.8800048828125,149.42999267578125,150.3699951171875,59222800
2021-11-16,147.49595642089844,151.0,151.49000549316406,149.33999633789062,149.94000244140625,59256200
2021-11-17,149.92822265625,153.49000549316406,155.0,150.99000549316406,151.0,88807000
2021-11-18,154.20657348632812,157.8699951171875,158.6699981689453,153.0500030517578,153.7100067138672,137827700
2021-11-19,156.82440185546875,160.5500030517578,161.02000427246094,156.52999877929688,157.64999389648438,117305600
2021-11-22,157.28346252441406,161.02000427246094,165.6999969482422,161.0,161.67999267578125,117467900
2021-11-23,157.66441345214844,161.41000366210938,161.8000030517578,159.05999755859375,161.1199951171875,96041900
2021-11-24,158.18212890625,161.94000244140625,162.13999938964844,159.63999938964844,160.75,69463600
2021-11-26,153.17117309570312,156.80999755859375,160.4499969482422,156.36000061035156,159.57000732421875,76959800
2021-11-29,156.5215606689453,160.24000549316406,161.19000244140625,158.7899932861328,159.3699951171875,88748200
2021-11-30,161.4641876220703,165.3000030517578,165.52000427246094,159.9199981689453,159.99000549316406,174048100
2021-12-01,160.9464874267578,164.77000427246094,170.3000030517578,164.52999877929688,167.47999572753906,152052500
2021-12-02,159.9598846435547,163.75999450683594,164.1999969482422,157.8000030517578,158.74000549316406,136739200
2021-12-03,158.08444213867188,161.83999633789062,164.9600067138672,159.72000122070312,164.02000427246094,118023100
2021-12-06,161.48370361328125,165.32000732421875,167.8800048828125,164.27999877929688,164.2899932861328,107497000
2021-12-07,167.2076873779297,171.17999267578125,171.5800018310547,168.33999633789062,169.0800018310547,120405400
2021-12-08,171.01724243164062,175.0800018310547,175.9600067138672,170.6999969482422,172.1300048828125,116998900
2021-12-09,170.50926208496094,174.55999755859375,176.75,173.9199981689453,174.91000366210938,108923700
2021-12-10,175.28582763671875,179.4499969482422,179.6300048828125,174.69000244140625,175.2100067138672,115402700
2021-12-13,171.66189575195312,175.74000549316406,182.1300048828125,175.52999877929688,181.1199951171875,153237000
2021-12-14,170.2845916748047,174.3300018310547,177.74000549316406,172.2100067138672,175.25,139380400
2021-12-15,175.1392822265625,179.3000030517578,179.5,172.30999755859375,175.11000061035156,131063300
2021-12-16,168.26266479492188,172.25999450683594,181.13999938964844,170.75,179.27999877929688,150185800
2021-12-17,167.1686553955078,171.13999938964844,173.47000122070312,169.69000244140625,169.92999267578125,195432700
2021-12-20,165.81088256835938,169.75,170.5800018310547,167.4600067138672,168.27999877929688,107499100
2021-12-21,168.97569274902344,172.99000549316406,173.1999969482422,169.1199951171875,171.55999755859375,91185900
2021-12-22,171.564208984375,175.63999938964844,175.86000061035156,172.14999389648438,173.0399932861328,92135300
2021-12-23,172.18939208984375,176.27999877929688,176.85000610351562,175.27000427246094,175.85000610351562,68356600
2021-12-27,176.14537048339844,180.3300018310547,180.4199981689453,177.07000732421875,177.08999633789062,74919600
2021-12-28,175.12948608398438,179.2899932861328,181.3300018310547,178.52999877929688,180.16000366210935,79144300
2021-12-29,175.2174530029297,179.3800048828125,180.6300048828125,178.13999938964844,179.3300018310547,62348900
2021-12-30,174.06478881835938,178.1999969482422,180.57000732421875,178.08999633789062,179.47000122070312,59773000
2021-12-31,173.44944763183594,177.57000732421875,179.22999572753906,177.25999450683594,178.08999633789062,64062300
2022-01-03,177.78640747070312,182.00999450683597,182.8800048828125,177.7100067138672,177.8300018310547,104487900
2022-01-04,175.5299835205078,179.6999969482422,182.94000244140625,179.1199951171875,182.6300048828125,99310400
2022-01-05,170.8608856201172,174.9199981689453,180.1699981689453,174.63999938964844,179.61000061035156,94537600
2022-01-06,168.0086669921875,172.0,175.3000030517578,171.63999938964844,172.6999969482422,96904000
2022-01-07,168.17471313476562,172.1699981689453,174.13999938964844,171.02999877929688,172.88999938964844,86709100
2022-01-10,168.19427490234375,172.19000244140625,172.5,168.1699981689453,169.0800018310547,106765600
2022-01-11,171.01724243164062,175.0800018310547,175.17999267578125,170.82000732421875,172.32000732421875,76138300
2022-01-12,171.4567413330078,175.52999877929688,177.17999267578125,174.82000732421875,176.1199951171875,74805200
2022-01-13,168.19427490234375,172.19000244140625,176.6199951171875,171.7899932861328,175.77999877929688,84505800
2022-01-14,169.05386352539062,173.07000732421875,173.77999877929688,171.08999633789062,171.33999633789062,80440800
2022-01-18,165.8597412109375,169.8000030517578,172.5399932861328,169.41000366210938,171.50999450683594,90956700
2022-01-19,162.37257385253906,166.22999572753906,171.0800018310547,165.94000244140625,170.0,94815000
2022-01-20,160.6925048828125,164.50999450683594,169.67999267578125,164.17999267578125,166.97999572753906,91420500
2022-01-21,158.6412353515625,162.41000366210938,166.3300018310547,162.3000030517578,164.4199981689453,122848900
2022-01-24,157.8695526123047,161.6199951171875,162.3000030517578,154.6999969482422,160.02000427246094,162294600
2022-01-25,156.07223510742188,159.77999877929688,162.75999450683594,157.02000427246094,158.97999572753906,115798400
2022-01-26,155.98434448242188,159.69000244140625,164.38999938964844,157.82000732421875,163.5,108275300
2022-01-27,155.52523803710938,159.22000122070312,163.83999633789062,158.27999877929688,162.4499969482422,121954600
2022-01-28,166.37744140625,170.3300018310547,170.35000610351562,162.8000030517578,165.7100067138672,179935700
2022-01-31,170.72415161132812,174.77999877929688,175.0,169.50999450683594,170.16000366210938,115541600
2022-02-01,170.55813598632812,174.61000061035156,174.83999633789062,172.30999755859375,174.00999450683594,86213900
2022-02-02,171.7595672607422,175.83999633789062,175.8800048828125,173.3300018310547,174.75,84914300
2022-02-03,168.88780212402344,172.89999389648438,176.24000549316406,172.1199951171875,174.47999572753906,89418100
2022-02-04,168.6041717529297,172.38999938964844,174.10000610351562,170.67999267578125,171.67999267578125,82465400
2022-02-07,167.89022827148438,171.66000366210938,173.9499969482422,170.9499969482422,172.86000061035156,77251200
2022-02-08,170.99057006835938,174.8300018310547,175.35000610351562,171.42999267578125,171.72999572753906,74829200
2022-02-09,172.40875244140625,176.27999877929688,176.64999389648438,174.89999389648438,176.0500030517578,71285000
2022-02-10,168.340087890625,172.1199951171875,175.47999572753906,171.5500030517578,174.13999938964844,90865900
2022-02-11,164.93650817871094,168.63999938964844,173.0800018310547,168.0399932861328,172.3300018310547,98670700
2022-02-14,165.17124938964844,168.8800048828125,169.5800018310547,166.55999755859375,167.3699951171875,86185500
2022-02-15,168.99534606933594,172.7899932861328,172.9499969482422,170.25,170.97000122070312,62527400
2022-02-16,168.7606658935547,172.5500030517578,173.33999633789062,170.0500030517578,171.85000610351562,61177400
2022-02-17,165.17124938964844,168.8800048828125,171.91000366210938,168.47000122070312,171.02999877929688,69589300
2022-02-18,163.62596130371094,167.3000030517578,170.5399932861328,166.19000244140625,169.82000732421875,82772700
2022-02-22,160.71139526367188,164.32000732421875,166.69000244140625,162.14999389648438,164.97999572753906,91162800
2022-02-23,156.55474853515625,160.07000732421875,166.14999389648438,159.75,165.5399932861328,90009200
2022-02-24,159.16610717773438,162.74000549316406,162.85000610351562,152.0,152.5800018310547,141147500
2022-02-25,161.22972106933594,164.85000610351562,165.1199951171875,160.8699951171875,163.83999633789062,91974200
2022-02-28,161.49383544921875,165.1199951171875,165.4199981689453,162.42999267578125,163.05999755859375,95056600
2022-03-01,159.61602783203125,163.1999969482422,166.60000610351562,161.97000122070312,164.6999969482422,83474400
2022-03-02,162.90219116210938,166.55999755859375,167.36000061035156,162.9499969482422,164.38999938964844,79724800
2022-03-03,162.5794677734375,166.22999572753906,168.91000366210938,165.5500030517578,168.47000122070312,76678400
2022-03-04,159.5866241455078,163.1699981689453,165.5500030517578,162.10000610351562,164.49000549316406,83737200
2022-03-07,155.80166625976562,159.3000030517578,165.02000427246094,159.0399932861328,163.36000061035156,96418800
2022-03-08,153.9824676513672,157.44000244140625,162.8800048828125,155.8000030517578,158.82000732421875,131148300
2022-03-09,159.37149047851562,162.9499969482422,163.41000366210938,159.41000366210938,161.47999572753906,91454900
2022-03-10,155.03878784179688,158.52000427246094,160.38999938964844,155.97999572753906,160.1999969482422,105342000
2022-03-11,151.3319549560547,154.72999572753906,159.27999877929688,154.5,158.92999267578125,96970100
2022-03-14,147.312255859375,150.6199951171875,154.1199951171875,150.10000610351562,151.4499969482422,108732100
2022-03-15,151.68411254882812,155.08999633789062,155.57000732421875,150.3800048828125,150.89999389648438,92964300
2022-03-16,156.08526611328125,159.58999633789062,160.0,154.4600067138672,157.0500030517578,102300200
2022-03-17,157.09266662597656,160.6199951171875,161.0,157.6300048828125,158.61000061035156,75615400
2022-03-18,160.37884521484375,163.97999572753906,164.47999572753906,159.75999450683594,160.50999450683594,123511700
2022-03-21,161.74810791015625,165.3800048828125,166.35000610351562,163.00999450683594,163.50999450683594,95811400
2022-03-22,165.11256408691406,168.82000732421875,169.4199981689453,164.91000366210938,165.50999450683594,81532000
2022-03-23,166.4720458984375,170.2100067138672,172.63999938964844,167.64999389648438,167.99000549316406,98062700
2022-03-24,170.24725341796875,174.07000732421875,174.13999938964844,170.2100067138672,171.05999755859375,90131400
2022-03-25,170.8830108642578,174.72000122070312,175.27999877929688,172.75,173.8800048828125,80546200
2022-03-28,171.74368286132812,175.60000610351562,175.72999572753906,172.0,172.1699981689453,90371900
2022-03-29,175.02989196777344,178.9600067138672,179.00999450683594,176.33999633789062,176.69000244140625,100589400
2022-03-30,173.86602783203125,177.77000427246094,179.61000061035156,176.6999969482422,178.5500030517578,92633200
2022-03-31,170.77542114257812,174.61000061035156,178.02999877929688,174.39999389648438,177.83999633789062,103049300
2022-04-01,170.4820098876953,174.30999755859375,174.8800048828125,171.94000244140625,174.02999877929688,78751300
2022-04-04,174.52130126953125,178.44000244140625,178.49000549316406,174.44000244140625,174.57000732421875,76468400
2022-04-05,171.21551513671875,175.05999755859375,178.3000030517578,174.4199981689453,177.5,73401800
2022-04-06,168.05645751953125,171.8300018310547,173.6300048828125,170.1300048828125,172.36000061035156,89058800
2022-04-07,168.35968017578125,172.13999938964844,173.36000061035156,169.85000610351562,171.16000366210938,77594700
2022-04-08,166.35464477539062,170.08999633789062,171.77999877929688,169.1999969482422,171.77999877929688,76575500
2022-04-11,162.11000061035156,165.75,169.02999877929688,165.5,168.7100067138672,72246700
2022-04-12,163.97808837890625,167.66000366210938,169.8699951171875,166.63999938964844,168.02000427246094,79265200
2022-04-13,166.65786743164062,170.39999389648438,171.0399932861328,166.77000427246094,167.38999938964844,70618900
2022-04-14,161.66009521484375,165.2899932861328,171.27000427246094,165.0399932861328,170.6199951171875,75329400
2022-04-18,161.4449005126953,165.07000732421875,166.60000610351562,163.57000732421875,163.9199981689453,69023900
2022-04-19,163.72377014160156,167.39999389648438,167.82000732421875,163.91000366210938,165.02000427246094,67723800
2022-04-20,163.55747985839844,167.22999572753906,168.8800048828125,166.10000610351562,168.75999450683594,67929800
2022-04-21,162.76527404785156,166.4199981689453,171.52999877929688,165.91000366210938,168.91000366210938,87227800
2022-04-22,158.23695373535156,161.7899932861328,167.8699951171875,161.5,166.4600067138672,84882400
2022-04-25,159.30300903320312,162.8800048828125,163.1699981689453,158.4600067138672,161.1199951171875,96046400
2022-04-26,153.3565216064453,156.8000030517578,162.33999633789062,156.72000122070312,162.25,95623200
2022-04-27,153.13160705566406,156.57000732421875,159.7899932861328,155.3800048828125,155.91000366210938,88063200
2022-04-28,160.04632568359375,163.63999938964844,164.52000427246094,158.92999267578125,159.25,130216800
2022-04-29,154.1878662109375,157.64999389648438,166.1999969482422,157.25,161.83999633789062,131747600
2022-05-02,154.49102783203125,157.9600067138672,158.22999572753906,153.27000427246094,156.7100067138672,123055300
2022-05-03,155.97767639160156,159.47999572753906,160.7100067138672,156.32000732421875,158.14999389648438,88966500
2022-05-04,162.37405395507812,166.02000427246094,166.47999572753906,159.25999450683594,159.6699981689453,108256500
2022-05-05,153.3272247314453,156.77000427246094,164.0800018310547,154.9499969482422,163.85000610351562,130525300
2022-05-06,154.05201721191406,157.27999877929688,159.44000244140625,154.17999267578125,156.00999450683594,116124600
2022-05-09,148.9391326904297,152.05999755859375,155.8300018310547,151.49000549316406,154.92999267578125,131577900
2022-05-10,151.3388671875,154.50999450683594,156.74000549316406,152.92999267578125,155.52000427246094,115366700
2022-05-11,143.49327087402344,146.5,155.4499969482422,145.80999755859375,153.5,142689800
2022-05-12,139.63414001464844,142.55999755859375,146.1999969482422,138.8000030517578,142.77000427246094,182602000
2022-05-13,144.09071350097656,147.11000061035156,148.10000610351562,143.11000061035156,144.58999633789062,113990900
2022-05-16,142.55294799804688,145.5399932861328,147.52000427246094,144.17999267578125,145.5500030517578,86643800
2022-05-17,146.177001953125,149.24000549316406,149.77000427246094,146.67999267578125,148.86000061035156,78336300
2022-05-18,137.92984008789062,140.82000732421875,147.36000061035156,139.89999389648438,146.85000610351562,109742900
2022-05-19,134.53106689453125,137.35000610351562,141.66000366210938,136.60000610351562,139.8800048828125,136095600
2022-05-20,134.76611328125,137.58999633789062,140.6999969482422,132.61000061035156,139.08999633789062,137426100
2022-05-23,140.17283630371094,143.11000061035156,143.25999450683594,137.64999389648438,137.7899932861328,117726300
2022-05-24,137.47923278808594,140.36000061035156,141.97000122070312,137.3300018310547,140.80999755859375,104132700
2022-05-25,137.635986328125,140.52000427246094,141.7899932861328,138.33999633789062,138.42999267578125,92482700
2022-05-26,140.8291015625,143.77999877929688,144.33999633789062,137.13999938964844,137.38999938964844,90601500
2022-05-27,146.56881713867188,149.63999938964844,149.67999267578125,145.25999450683594,145.38999938964844,90978500
2022-05-31,145.78521728515625,148.83999633789062,150.66000366210938,146.83999633789062,149.07000732421875,103718400
2022-06-01,145.6579132080078,148.7100067138672,151.74000549316406,147.67999267578125,149.89999389648438,74286600
2022-06-02,148.10658264160156,151.2100067138672,151.27000427246094,146.86000061035156,147.8300018310547,72348100
2022-06-03,142.39625549316406,145.3800048828125,147.97000122070312,144.4600067138672,146.89999389648438,88570300
2022-06-06,143.140625,146.13999938964844,148.57000732421875,144.89999389648438,147.02999877929688,71598400
2022-06-07,145.6579132080078,148.7100067138672,149.0,144.10000610351562,144.35000610351562,67808200
2022-06-08,144.9232635498047,147.9600067138672,149.8699951171875,147.4600067138672,148.5800018310547,53950200
2022-06-09,139.7124786376953,142.63999938964844,147.9499969482422,142.52999877929688,147.0800018310547,69473000
2022-06-10,134.31556701660156,137.1300048828125,140.75999450683594,137.05999755859375,140.27999877929688,91437900
2022-06-13,129.17330932617188,131.8800048828125,135.1999969482422,131.44000244140625,132.8699951171875,122207100
2022-06-14,130.03524780273438,132.75999450683594,133.88999938964844,131.47999572753906,133.1300048828125,84784300
2022-06-15,132.65042114257812,135.42999267578125,137.33999633789062,132.16000366210938,134.2899932861328,91533000
2022-06-16,127.3906707763672,130.05999755859375,132.38999938964844,129.0399932861328,132.0800018310547,108123900
2022-06-17,128.85989379882812,131.55999755859375,133.0800018310547,129.80999755859375,130.07000732421875,134520300
2022-06-21,133.08143615722656,135.8699951171875,137.05999755859375,133.32000732421875,133.4199981689453,81000500
2022-06-22,132.57208251953125,135.35000610351562,137.75999450683594,133.91000366210938,134.7899932861328,73409200
2022-06-23,135.4321746826172,138.27000427246094,138.58999633789062,135.6300048828125,136.82000732421875,72433800
2022-06-24,138.75259399414062,141.66000366210938,141.91000366210938,139.77000427246094,139.89999389648438,89116800
2022-06-27,138.75259399414062,141.66000366210938,143.49000549316406,140.97000122070312,142.6999969482422,70207900
2022-06-28,134.6192169189453,137.44000244140625,143.4199981689453,137.32000732421875,142.1300048828125,67083400
2022-06-29,136.37246704101562,139.22999572753906,140.6699981689453,136.6699981689453,137.4600067138672,66242400
2022-06-30,133.9139862060547,136.72000122070312,138.3699951171875,133.77000427246094,137.25,98964500
2022-07-01,136.07861328125,138.92999267578125,139.0399932861328,135.66000366210938,136.0399932861328,71051600
2022-07-05,138.6546630859375,141.55999755859375,141.61000061035156,136.92999267578125,137.77000427246094,73353800
2022-07-06,139.98672485351562,142.9199981689453,144.1199951171875,141.0800018310547,141.35000610351562,74064300
2022-07-07,143.34634399414062,146.35000610351562,146.5500030517578,143.27999877929688,143.2899932861328,66253700
2022-07-08,144.0221405029297,147.0399932861328,147.5500030517578,145.0,145.25999450683594,64547800
2022-07-11,141.89671325683594,144.8699951171875,146.63999938964844,143.77999877929688,145.6699981689453,63141600
2022-07-12,142.8663787841797,145.86000061035156,148.4499969482422,145.0500030517578,145.75999450683594,77588800
2022-07-13,142.50401306152344,145.49000549316406,146.4499969482422,142.1199951171875,142.99000549316406,71185600
2022-07-14,145.42283630371094,148.47000122070312,148.9499969482422,143.25,144.0800018310547,78140700
2022-07-15,147.08790588378906,150.1699981689453,150.86000061035156,148.1999969482422,149.77999877929688,76259900
2022-07-18,144.0515594482422,147.07000732421875,151.57000732421875,146.6999969482422,150.74000549316406,81420900
2022-07-19,147.90090942382812,151.0,151.22999572753906,146.91000366210938,147.9199981689453,82982400
2022-07-20,149.89903259277344,153.0399932861328,153.72000122070312,150.3699951171875,151.1199951171875,64823400
2022-07-21,152.16160583496094,155.35000610351562,155.57000732421875,151.94000244140625,154.5,65086600
2022-07-22,150.92750549316406,154.08999633789062,156.27999877929688,153.41000366210938,155.38999938964844,66675400
2022-07-25,149.8108673095703,152.9499969482422,155.0399932861328,152.27999877929688,154.00999450683594,53623900
2022-07-26,148.48855590820312,151.60000610351562,153.08999633789062,150.8000030517578,152.25999450683594,55138700
2022-07-27,153.57203674316406,156.7899932861328,157.3300018310547,152.16000366210938,152.5800018310547,78620700
2022-07-28,154.1205596923828,157.35000610351562,157.63999938964844,154.41000366210938,156.97999572753906,81378700
2022-07-29,159.1746826171875,162.50999450683594,163.6300048828125,159.5,161.24000549316406,101786900
2022-08-01,158.19517517089844,161.50999450683594,163.58999633789062,160.88999938964844,161.00999450683594,67829400
2022-08-02,156.72598266601562,160.00999450683594,162.41000366210938,159.6300048828125,160.10000610351562,59907000
2022-08-03,162.72036743164062,166.1300048828125,166.58999633789062,160.75,160.83999633789062,82507500
2022-08-04,162.40695190429688,165.80999755859375,167.19000244140625,164.42999267578125,166.00999450683594,55474100
2022-08-05,162.1813201904297,165.35000610351562,165.85000610351562,163.0,163.2100067138672,56697000
2022-08-08,161.71055603027344,164.8699951171875,167.80999755859375,164.1999969482422,166.3699951171875,60276900
2022-08-09,161.7595977783203,164.9199981689453,165.82000732421875,163.25,164.02000427246094,63135500
2022-08-10,165.9967803955078,169.24000549316406,169.33999633789062,166.89999389648438,167.67999267578125,70170500
2022-08-11,165.2611846923828,168.49000549316406,170.99000549316406,168.19000244140625,170.05999755859375,57149200
2022-08-12,168.80201721191406,172.10000610351562,172.1699981689453,169.39999389648438,169.82000732421875,68039400
2022-08-15,169.87112426757812,173.19000244140625,173.38999938964844,171.35000610351562,171.52000427246094,54091700
2022-08-16,169.71417236328125,173.02999877929688,173.7100067138672,171.66000366210938,172.77999877929688,56377100
2022-08-17,171.20504760742188,174.5500030517578,176.14999389648438,172.57000732421875,172.77000427246094,79542000
2022-08-18,170.8126983642578,174.14999389648438,174.89999389648438,173.1199951171875,173.75,62290100
2022-08-19,168.2331085205078,171.52000427246094,173.74000549316406,171.30999755859375,173.02999877929688,70346300
2022-08-22,164.35879516601562,167.57000732421875,169.86000061035156,167.13999938964844,169.69000244140625,69026800
2022-08-23,164.0253143310547,167.22999572753906,168.7100067138672,166.64999389648438,167.0800018310547,54147100
2022-08-24,164.31959533691406,167.52999877929688,168.11000061035156,166.25,167.32000732421875,53841500
2022-08-25,166.77162170410156,170.02999877929688,170.13999938964844,168.35000610351562,168.77999877929688,51218200
2022-08-26,160.4844970703125,163.6199951171875,171.0500030517578,163.55999755859375,170.57000732421875,78961000
2022-08-29,158.2874298095703,161.3800048828125,162.89999389648438,159.82000732421875,161.14999389648438,73314000
2022-08-30,155.86476135253906,158.91000366210938,162.55999755859375,157.72000122070312,162.1300048828125,77906200
2022-08-31,154.20713806152344,157.22000122070312,160.5800018310547,157.13999938964844,160.30999755859375,87991100
2022-09-01,154.93296813964844,157.9600067138672,158.4199981689453,154.6699981689453,156.63999938964844,74229900
2022-09-02,152.8241729736328,155.80999755859375,160.36000061035156,154.97000122070312,159.75,76957800
2022-09-06,151.56869506835938,154.52999877929688,157.08999633789062,153.69000244140625,156.47000122070312,73714800
2022-09-07,152.9713134765625,155.9600067138672,156.6699981689453,153.61000061035156,154.82000732421875,87449600
2022-09-08,151.5000457763672,154.4600067138672,156.36000061035156,152.67999267578125,154.63999938964844,84923800
2022-09-09,154.354248046875,157.3699951171875,157.82000732421875,154.75,155.47000122070312,68028800
2022-09-12,160.29812622070312,163.42999267578125,164.25999450683594,159.3000030517578,159.58999633789062,104956000
2022-09-13,150.89190673828125,153.83999633789062,160.5399932861328,153.3699951171875,159.89999389648438,122656600
2022-09-14,152.33370971679688,155.30999755859375,157.10000610351562,153.61000061035156,154.7899932861328,87965400
2022-09-15,149.45008850097656,152.3699951171875,155.24000549316406,151.3800048828125,154.64999389648438,90481100
2022-09-16,147.8120880126953,150.6999969482422,151.35000610351562,148.3699951171875,151.2100067138672,162278800
2022-09-19,151.5196533203125,154.47999572753906,154.55999755859375,149.10000610351562,149.30999755859375,81474200
2022-09-20,153.89328002929688,156.89999389648438,158.0800018310547,153.0800018310547,153.39999389648438,107689800
2022-09-21,150.7742462158203,153.72000122070312,158.74000549316406,153.60000610351562,157.33999633789062,101696800
2022-09-22,149.81301879882812,152.74000549316406,154.47000122070312,150.91000366210938,152.3800048828125,86652500
2022-09-23,147.54727172851562,150.42999267578125,151.47000122070312,148.55999755859375,151.19000244140625,96029900
2022-09-26,147.8807373046875,150.77000427246094,153.77000427246094,149.63999938964844,149.66000366210938,93339400
2022-09-27,148.85177612304688,151.75999450683594,154.72000122070312,149.9499969482422,152.74000549316406,84442700
2022-09-28,146.9685516357422,149.83999633789062,150.63999938964844,144.83999633789062,147.63999938964844,146691400
2022-09-29,139.74961853027344,142.47999572753906,146.72000122070312,140.67999267578125,146.10000610351562,128138200
2022-09-30,135.55162048339844,138.1999969482422,143.10000610351562,138.0,141.27999877929688,124925300
2022-10-03,139.7201690673828,142.4499969482422,143.07000732421875,137.69000244140625,138.2100067138672,114311700
2022-10-04,143.3002471923828,146.10000610351562,146.22000122070312,144.25999450683594,145.02999877929688,87830100
2022-10-05,143.594482421875,146.39999389648438,147.3800048828125,143.00999450683594,144.07000732421875,79471000
2022-10-06,142.64306640625,145.42999267578125,147.5399932861328,145.22000122070312,145.80999755859375,68402200
2022-10-07,137.4053955078125,140.08999633789062,143.10000610351562,139.4499969482422,142.5399932861328,85925600
2022-10-10,137.7290802001953,140.4199981689453,141.88999938964844,138.57000732421875,140.4199981689453,74899000
2022-10-11,136.31666564941406,138.97999572753906,141.35000610351562,138.22000122070312,139.89999389648438,77033700
2022-10-12,135.68894958496094,138.33999633789062,140.36000061035156,138.16000366210938,139.1300048828125,70433700
2022-10-13,140.24986267089844,142.99000549316406,143.58999633789062,134.3699951171875,134.99000549316406,113224000
2022-10-14,135.7281494140625,138.3800048828125,144.52000427246094,138.19000244140625,144.30999755859375,88598000
2022-10-17,139.6809539794922,142.41000366210938,142.89999389648438,140.27000427246094,141.07000732421875,85250900
2022-10-18,140.99526977539062,143.75,146.6999969482422,140.61000061035156,145.49000549316406,99136600
2022-10-19,141.1031494140625,143.86000061035156,144.9499969482422,141.5,141.69000244140625,61758300
2022-10-20,140.6421661376953,143.38999938964844,145.88999938964844,142.64999389648438,143.02000427246094,64522000
2022-10-21,144.44781494140625,147.27000427246094,147.85000610351562,142.64999389648438,142.8699951171875,86548600
2022-10-24,146.58602905273438,149.4499969482422,150.22999572753906,146.0,147.19000244140625,75981900
2022-10-25,149.42063903808594,152.33999633789062,152.49000549316406,149.36000061035156,150.08999633789062,74732300
2022-10-26,146.48794555664062,149.35000610351562,151.99000549316406,148.0399932861328,150.9600067138672,88194300
2022-10-27,142.02516174316406,144.8000030517578,149.0500030517578,144.1300048828125,148.07000732421875,109180200
2022-10-28,152.75552368164062,155.74000549316406,157.5,147.82000732421875,148.1999969482422,164762400
2022-10-31,150.4014892578125,153.33999633789062,154.24000549316406,151.9199981689453,153.16000366210938,97943200
2022-11-01,147.76304626464844,150.64999389648438,155.4499969482422,149.1300048828125,155.0800018310547,80379300
2022-11-02,142.250732421875,145.02999877929688,152.1699981689453,145.0,148.9499969482422,93604600
2022-11-03,136.21859741210938,138.8800048828125,142.8000030517578,138.75,142.05999755859375,97918500
2022-11-04,135.9533233642578,138.3800048828125,142.6699981689453,134.3800048828125,142.08999633789062,140814800
2022-11-07,136.48385620117188,138.9199981689453,139.14999389648438,135.6699981689453,137.11000061035156,83374600
2022-11-08,137.05368041992188,139.5,141.42999267578125,137.49000549316406,140.41000366210938,89908500
2022-11-09,132.5048828125,134.8699951171875,138.5500030517578,134.58999633789062,138.5,74917800
2022-11-10,144.29446411132812,146.8699951171875,146.8699951171875,139.5,141.24000549316406,118854000
2022-11-11,147.0748291015625,149.6999969482422,150.00999450683594,144.3699951171875,145.82000732421875,93979700
2022-11-14,145.67971801757812,148.27999877929688,150.27999877929688,147.42999267578125,148.97000122070312,73374100
2022-11-15,147.4088592529297,150.0399932861328,153.58999633789062,148.55999755859375,152.22000122070312,89868300
2022-11-16,146.1808319091797,148.7899932861328,149.8699951171875,147.2899932861328,149.1300048828125,64218300
2022-11-17,148.07696533203125,150.72000122070312,151.47999572753906,146.14999389648438,146.42999267578125,80389400
2022-11-18,148.63694763183594,151.2899932861328,152.6999969482422,149.97000122070312,152.30999755859375,74829600
2022-11-21,145.41448974609375,148.00999450683594,150.3699951171875,147.72000122070312,150.16000366210938,58724100
2022-11-22,147.54640197753906,150.17999267578125,150.4199981689453,146.92999267578125,148.1300048828125,51804100
2022-11-23,148.4208221435547,151.07000732421875,151.8300018310547,149.33999633789062,149.4499969482422,58301400
2022-11-25,145.5126953125,148.11000061035156,148.8800048828125,147.1199951171875,148.30999755859375,35195900
2022-11-28,141.69090270996094,144.22000122070312,146.63999938964844,143.3800048828125,145.13999938964844,69246000
2022-11-29,138.6944122314453,141.1699981689453,144.80999755859375,140.35000610351562,144.2899932861328,83763800
2022-11-30,145.43409729003906,148.02999877929688,148.72000122070312,140.5500030517578,141.39999389648438,111380900
2022-12-01,145.7091827392578,148.30999755859375,149.1300048828125,146.61000061035156,148.2100067138672,71250400
2022-12-02,145.21798706054688,147.80999755859375,148.0,145.64999389648438,145.9600067138672,65447400
2022-12-05,144.0586700439453,146.6300048828125,150.9199981689453,145.77000427246094,147.77000427246094,68826400
2022-12-06,140.40390014648438,142.91000366210938,147.3000030517578,141.9199981689453,147.07000732421875,64727200
2022-12-07,138.4684600830078,140.94000244140625,143.3699951171875,140.0,142.19000244140625,69721100
2022-12-08,140.1484375,142.64999389648438,143.52000427246094,141.10000610351562,142.36000061035156,62128300
2022-12-09,139.66705322265625,142.16000366210938,145.57000732421875,140.89999389648438,142.33999633789062,76097000
2022-12-12,141.9561767578125,144.49000549316406,144.5,141.05999755859375,142.6999969482422,70462700
2022-12-13,142.9189910888672,145.47000122070312,149.97000122070312,144.24000549316406,149.5,93886200
2022-12-14,140.69862365722656,143.2100067138672,146.66000366210938,141.16000366210938,145.35000610351562,82291200
2022-12-15,134.1063232421875,136.5,141.8000030517578,136.02999877929688,141.11000061035156,98931900
2022-12-16,132.15118408203125,134.50999450683594,137.64999389648438,133.72999572753906,136.69000244140625,160156900
2022-12-19,130.04872131347656,132.3699951171875,135.1999969482422,131.32000732421875,135.11000061035156,79592600
2022-12-20,129.97996520996094,132.3000030517578,133.25,129.88999938964844,131.38999938964844,77432800
2022-12-21,133.07472229003906,135.4499969482422,136.80999755859375,132.75,132.97999572753906,85928000
2022-12-22,129.9111785888672,132.22999572753906,134.55999755859375,130.3000030517578,134.35000610351562,77852100
2022-12-23,129.54769897460938,131.86000061035156,132.4199981689453,129.63999938964844,130.9199981689453,63814900
2022-12-27,127.74976348876952,130.02999877929688,131.41000366210938,128.72000122070312,131.3800048828125,69007800
2022-12-28,123.8297348022461,126.04000091552734,131.02999877929688,125.87000274658205,129.6699981689453,85438400
2022-12-29,127.33712768554688,129.61000061035156,130.47999572753906,127.7300033569336,127.98999786376952,75703700
2022-12-30,127.65154266357422,129.92999267578125,129.9499969482422,127.43000030517578,128.41000366210938,77034200
2023-01-03,122.8767318725586,125.06999969482422,130.89999389648438,124.16999816894533,130.27999877929688,112117500
2023-01-04,124.14413452148438,126.36000061035156,128.66000366210938,125.08000183105467,126.88999938964844,89113600
2023-01-05,122.8276138305664,125.0199966430664,127.7699966430664,124.76000213623048,127.12999725341795,80962700
2023-01-06,127.346923828125,129.6199951171875,130.2899932861328,124.88999938964844,126.01000213623048,87754700
2023-01-09,127.8676300048828,130.14999389648438,133.41000366210938,129.88999938964844,130.47000122070312,70790800
2023-01-10,128.4375,130.72999572753906,131.25999450683594,128.1199951171875,130.25999450683594,63896200
2023-01-11,131.14907836914062,133.49000549316406,133.50999450683594,130.4600067138672,131.25,69458900
2023-01-12,131.0704803466797,133.41000366210938,134.25999450683594,131.44000244140625,133.8800048828125,71379600
2023-01-13,132.39683532714844,134.75999450683594,134.9199981689453,131.66000366210938,132.02999877929688,57809700
2023-01-17,133.55615234375,135.94000244140625,137.2899932861328,134.1300048828125,134.8300018310547,63646600
2023-01-18,132.83892822265625,135.2100067138672,138.61000061035156,135.02999877929688,136.82000732421875,69672800
2023-01-19,132.8978729248047,135.27000427246094,136.25,133.77000427246094,134.0800018310547,58280400
2023-01-20,135.45225524902344,137.8699951171875,138.02000427246094,134.22000122070312,135.27999877929688,80223600
2023-01-23,138.63546752929688,141.11000061035156,143.32000732421875,137.89999389648438,138.1199951171875,81760300
2023-01-24,140.03057861328125,142.52999877929688,143.16000366210938,140.3000030517578,140.30999755859375,66435100
2023-01-25,139.372314453125,141.86000061035156,142.42999267578125,138.80999755859375,140.88999938964844,65799300
2023-01-26,141.4355010986328,143.9600067138672,144.25,141.89999389648438,143.1699981689453,54105100
2023-01-27,143.3709259033203,145.92999267578125,147.22999572753906,143.0800018310547,143.16000366210938,70555800
2023-01-30,140.4923095703125,143.0,145.5500030517578,142.85000610351562,144.9600067138672,64015300
2023-01-31,141.7596893310547,144.2899932861328,144.33999633789062,142.27999877929688,142.6999969482422,65874500
2023-02-01,142.8796844482422,145.42999267578125,146.61000061035156,141.32000732421875,143.97000122070312,77663600
2023-02-02,148.17518615722656,150.82000732421875,151.17999267578125,148.1699981689453,148.89999389648438,118339000
2023-02-03,151.7906494140625,154.5,157.3800048828125,147.8300018310547,148.02999877929688,154357300
2023-02-06,149.0692138671875,151.72999572753906,153.10000610351562,150.77999877929688,152.57000732421875,69858300
2023-02-07,151.93800354003906,154.64999389648438,155.22999572753906,150.63999938964844,150.63999938964844,83322600
2023-02-08,149.25588989257812,151.9199981689453,154.5800018310547,151.1699981689453,153.8800048828125,64120100
2023-02-09,148.2242889404297,150.8699951171875,154.3300018310547,150.4199981689453,153.77999877929688,56007100
2023-02-10,148.58834838867188,151.00999450683594,151.33999633789062,149.22000122070312,149.4600067138672,57450700
2023-02-13,151.38284301757812,153.85000610351562,154.25999450683594,150.9199981689453,150.9499969482422,62199000
2023-02-14,150.74327087402344,153.1999969482422,153.77000427246094,150.86000061035156,152.1199951171875,61707600
2023-02-15,152.83909606933594,155.3300018310547,155.5,152.8800048828125,153.11000061035156,65573800
2023-02-16,151.2450714111328,153.7100067138672,156.3300018310547,153.35000610351562,153.50999450683594,68167900
2023-02-17,150.10369873046875,152.5500030517578,153.0,150.85000610351562,152.35000610351562,59144100
2023-02-21,146.09896850585938,148.47999572753906,151.3000030517578,148.41000366210938,150.1999969482422,58867200
2023-02-22,146.5220489501953,148.91000366210938,149.9499969482422,147.16000366210938,148.8699951171875,51011300
2023-02-23,147.00418090820312,149.39999389648438,150.33999633789062,147.24000549316406,150.08999633789062,48394200
2023-02-24,144.35736083984375,146.7100067138672,147.19000244140625,145.72000122070312,147.11000061035156,55469600
2023-02-27,145.5479278564453,147.9199981689453,149.1699981689453,147.4499969482422,147.7100067138672,44998500
2023-02-28,145.04611206054688,147.41000366210938,149.0800018310547,146.8300018310547,147.0500030517578,50547000
2023-03-01,142.97976684570312,145.30999755859375,147.22999572753906,145.00999450683594,146.8300018310547,55479000
2023-03-02,143.57017517089844,145.91000366210938,146.7100067138672,143.89999389648438,144.3800048828125,52238100
2023-03-03,148.60801696777344,151.02999877929688,151.11000061035156,147.3300018310547,148.0399932861328,70732300
2023-03-06,151.3631591796875,153.8300018310547,156.3000030517578,153.4600067138672,153.7899932861328,87558000
2023-03-07,149.16893005371094,151.60000610351562,154.02999877929688,151.1300048828125,153.6999969482422,56182000
2023-03-08,150.4185791015625,152.8699951171875,153.47000122070312,151.8300018310547,152.80999755859375,47204800
2023-03-09,148.1751251220703,150.58999633789062,154.5399932861328,150.22999572753906,153.55999755859375,53833600
2023-03-10,146.11862182617188,148.5,150.94000244140625,147.61000061035156,150.2100067138672,68572400
2023-03-13,148.05706787109375,150.47000122070312,153.13999938964844,147.6999969482422,147.80999755859375,84457100
2023-03-14,150.14305114746094,152.58999633789062,153.39999389648438,150.10000610351562,151.27999877929688,73695900
2023-03-15,150.5366668701172,152.99000549316406,153.25,149.9199981689453,151.19000244140625,77167900
2023-03-16,153.3507537841797,155.85000610351562,156.4600067138672,151.63999938964844,152.16000366210938,76161100
2023-03-17,152.51438903808594,155.0,156.74000549316406,154.27999877929688,156.0800018310547,98944600
2023-03-20,154.8759002685547,157.39999389648438,157.82000732421875,154.14999389648438,155.07000732421875,73641400
2023-03-21,156.72576904296875,159.27999877929688,159.39999389648438,156.5399932861328,157.32000732421875,73938300
2023-03-22,155.2989959716797,157.8300018310547,162.13999938964844,157.80999755859375,159.3000030517578,75701800
2023-03-23,156.38136291503906,158.92999267578125,161.5500030517578,157.67999267578125,158.8300018310547,67622100
2023-03-24,157.68020629882812,160.25,160.33999633789062,157.85000610351562,158.86000061035156,59196500
2023-03-27,155.7417755126953,158.27999877929688,160.77000427246094,157.8699951171875,159.94000244140625,52390300
2023-03-28,155.1219024658203,157.64999389648438,158.49000549316406,155.97999572753906,157.97000122070312,45992200
2023-03-29,158.19186401367188,160.77000427246094,161.0500030517578,159.35000610351562,159.3699951171875,51305700
2023-03-30,159.75634765625,162.36000061035156,162.47000122070312,161.27000427246094,161.52999877929688,49501700
2023-03-31,162.2556610107422,164.89999389648438,165.0,161.91000366210938,162.44000244140625,68749800
2023-04-03,163.50531005859375,166.1699981689453,166.2899932861328,164.22000122070312,164.27000427246094,56976200
2023-04-04,162.97393798828125,165.6300048828125,166.83999633789062,165.11000061035156,166.60000610351562,46278300
2023-04-05,161.13392639160156,163.75999450683594,165.0500030517578,161.8000030517578,164.74000549316406,51511700
2023-04-06,162.0194854736328,164.66000366210938,164.9600067138672,162.0,162.42999267578125,45390100
2023-04-10,159.4316864013672,162.02999877929688,162.02999877929688,160.0800018310547,161.4199981689453,47716900
2023-04-11,158.22137451171875,160.8000030517578,162.36000061035156,160.50999450683594,162.35000610351562,47644200
2023-04-12,157.53262329101562,160.10000610351562,162.05999755859375,159.77999877929688,161.22000122070312,50133100
2023-04-13,162.9050750732422,165.55999755859375,165.8000030517578,161.4199981689453,161.6300048828125,68445600
2023-04-14,162.56065368652344,165.2100067138672,166.32000732421875,163.82000732421875,164.58999633789062,49386500
2023-04-17,162.58035278320312,165.22999572753906,165.38999938964844,164.02999877929688,165.08999633789062,41516200
2023-04-18,163.80043029785156,166.47000122070312,167.41000366210938,165.64999389648438,166.10000610351562,49923000
2023-04-19,164.94186401367188,167.6300048828125,168.16000366210938,165.5399932861328,165.8000030517578,47720200
2023-04-20,163.9775848388672,166.64999389648438,167.8699951171875,165.55999755859375,166.08999633789062,52456400
2023-04-21,162.37371826171875,165.02000427246094,166.4499969482422,164.49000549316406,165.0500030517578,58337300
2023-04-24,162.67872619628906,165.3300018310547,165.60000610351562,163.88999938964844,165.0,41949600
2023-04-25,161.1437530517578,163.77000427246094,166.30999755859375,163.72999572753906,165.19000244140625,48714100
2023-04-26,161.13392639160156,163.75999450683594,165.27999877929688,162.8000030517578,163.05999755859375,45498800
2023-04-27,165.70933532714844,168.41000366210938,168.55999755859375,165.19000244140625,165.19000244140625,64902300
2023-04-28,166.95896911621094,169.67999267578125,169.85000610351562,167.8800048828125,168.49000549316406,55275900
2023-05-01,166.8704071044922,169.58999633789062,170.4499969482422,168.63999938964844,169.27999877929688,52472900
2023-05-02,165.83724975585938,168.5399932861328,170.35000610351562,167.5399932861328,170.08999633789062,48425700
2023-05-03,164.76473999023438,167.4499969482422,170.9199981689453,167.16000366210938,169.5,65136000
2023-05-04,163.13134765625,165.7899932861328,167.0399932861328,164.30999755859375,164.88999938964844,81235400
2023-05-05,170.78660583496094,173.57000732421875,174.3000030517578,170.75999450683594,170.97999572753906,113453200
2023-05-08,170.7177276611328,173.5,173.85000610351562,172.11000061035156,172.47999572753906,55962800
2023-05-09,169.01547241210938,171.77000427246094,173.5399932861328,171.60000610351562,173.0500030517578,45326900
2023-05-10,170.77676391601562,173.55999755859375,174.02999877929688,171.89999389648438,173.02000427246094,53724500
2023-05-11,170.96371459960938,173.75,174.58999633789062,172.1699981689453,173.85000610351562,49514700
2023-05-12,170.0375213623047,172.57000732421875,174.05999755859375,171.0,173.6199951171875,45533100
2023-05-15,169.54483032226562,172.07000732421875,173.2100067138672,171.47000122070312,173.16000366210938,37266700
2023-05-16,169.54483032226562,172.07000732421875,173.13999938964844,171.8000030517578,171.99000549316406,42110300
2023-05-17,170.15573120117188,172.69000244140625,172.92999267578125,170.4199981689453,171.7100067138672,57951600
2023-05-18,172.48114013671875,175.0500030517578,175.24000549316406,172.5800018310547,173.0,65496700
2023-05-19,172.58950805664062,175.16000366210938,176.38999938964844,174.94000244140625,176.38999938964844,55809500
2023-05-22,171.64356994628906,174.1999969482422,174.7100067138672,173.4499969482422,173.97999572753906,43570900
2023-05-23,169.04232788085938,171.55999755859375,173.3800048828125,171.27999877929688,173.1300048828125,50747300
2023-05-24,169.3181915283203,171.83999633789062,172.4199981689453,170.52000427246094,171.08999633789062,45143500
2023-05-25,170.45135498046875,172.99000549316406,173.89999389648438,171.69000244140625,172.41000366210938,56058300
2023-05-26,172.85552978515625,175.42999267578125,175.77000427246094,173.11000061035156,173.32000732421875,54835000
2023-05-30,174.69810485839844,177.3000030517578,178.99000549316406,176.57000732421875,176.9600067138672,55964400
2023-05-31,174.6488037109375,177.25,179.35000610351562,176.75999450683594,177.3300018310547,99625300
2023-06-01,177.44711303710938,180.08999633789062,180.1199951171875,176.92999267578125,177.6999969482422,68901800
2023-06-02,178.29452514648438,180.9499969482422,181.77999877929688,179.25999450683594,181.02999877929688,61996900
2023-06-05,176.94464111328125,179.5800018310547,184.9499969482422,178.0399932861328,182.6300048828125,121946500
2023-06-06,176.58006286621094,179.2100067138672,180.1199951171875,177.42999267578125,179.97000122070312,64848400
2023-06-07,175.21047973632812,177.82000732421875,181.2100067138672,177.32000732421875,178.44000244140625,61944600
2023-06-08,177.9200897216797,180.57000732421875,180.83999633789065,177.4600067138672,177.89999389648438,50214900
2023-06-09,178.3043670654297,180.9600067138672,182.22999572753903,180.6300048828125,181.5,48900000
2023-06-12,181.09283447265625,183.7899932861328,183.88999938964844,180.97000122070312,181.2700042724609,54274900
2023-06-13,180.6198883056641,183.30999755859372,184.1499938964844,182.44000244140625,182.8000030517578,54929100
2023-06-14,181.25051879882807,183.9499969482422,184.38999938964844,182.0200042724609,183.3699951171875,57462900
2023-06-15,183.2802581787109,186.00999450683597,186.5200042724609,183.77999877929688,183.9600067138672,65433200
2023-06-16,182.20623779296875,184.9199981689453,186.9900054931641,184.2700042724609,186.72999572753903,101256200
2023-06-20,182.29495239257807,185.00999450683597,186.1000061035156,184.41000366210935,184.41000366210935,49799100
2023-06-21,181.26036071777344,183.9600067138672,185.41000366210935,182.58999633789065,184.8999938964844,49515700
2023-06-22,184.2557373046875,187.0,187.0500030517578,183.6699981689453,183.7400054931641,51245300
2023-06-23,183.94039916992188,186.67999267578125,187.55999755859372,185.00999450683597,185.5500030517578,53117000
2023-06-26,182.55113220214844,185.2700042724609,188.0500030517578,185.22999572753903,186.8300018310547,48088700
2023-06-27,185.3001708984375,188.05999755859372,188.38999938964844,185.6699981689453,185.88999938964844,50730800
2023-06-28,186.4727325439453,189.25,189.8999938964844,187.6000061035156,187.92999267578125,51216800
2023-06-29,186.80772399902344,189.58999633789065,190.07000732421875,188.94000244140625,189.0800018310547,46347300
2023-06-30,191.1234893798828,193.97000122070312,194.47999572753903,191.25999450683597,191.6300048828125,85213200
2023-07-03,189.63563537597656,192.4600067138672,193.8800048828125,191.75999450683597,193.77999877929688,31458200
2023-07-05,188.5222320556641,191.3300018310547,192.97999572753903,190.6199951171875,191.57000732421875,46920300
2023-07-06,188.99513244628903,191.80999755859372,192.0200042724609,189.1999969482422,189.83999633789065,45094300
2023-07-07,187.88172912597656,190.67999267578125,192.6699981689453,190.2400054931641,191.41000366210935,46815000
2023-07-10,185.8421173095703,188.6100006103516,189.9900054931641,187.0399932861328,189.25999450683597,59922200
2023-07-11,185.31988525390625,188.0800018310547,189.3000030517578,186.6000061035156,189.16000366210935,46638100
2023-07-12,186.98507690429688,189.7700042724609,191.6999969482422,188.47000122070312,189.67999267578125,60750200
2023-07-13,187.74380493164065,190.5399932861328,191.19000244140625,189.77999877929688,190.5,41342300
2023-07-14,187.8915863037109,190.69000244140625,191.17999267578125,189.6300048828125,190.22999572753903,41616200
2023-07-17,191.1431579589844,193.9900054931641,194.32000732421875,191.80999755859372,191.8999938964844,50520200
2023-07-18,190.88699340820312,193.72999572753903,194.3300018310547,192.4199981689453,193.3500061035156,48288200
2023-07-19,192.2368927001953,195.1000061035156,198.22999572753903,192.6499938964844,193.1000061035156,80507300
2023-07-20,190.29579162597656,193.1300048828125,196.47000122070312,192.5,195.08999633789065,59581200
2023-07-21,189.12326049804688,191.94000244140625,194.97000122070312,191.22999572753903,194.1000061035156,71951700
2023-07-24,189.9213714599609,192.75,194.91000366210935,192.25,193.41000366210935,45377800
2023-07-25,190.77859497070312,193.6199951171875,194.44000244140625,192.9199981689453,193.3300018310547,37283200
2023-07-26,191.64569091796875,194.5,195.63999938964844,193.32000732421875,193.6699981689453,47471900
2023-07-27,190.38446044921875,193.22000122070312,197.1999969482422,192.5500030517578,196.0200042724609,47460200
2023-07-28,192.95616149902344,195.8300018310547,196.6300048828125,194.13999938964844,194.6699981689453,48291400
2023-07-31,193.5670166015625,196.4499969482422,196.4900054931641,195.25999450683597,196.05999755859372,38824100
2023-08-01,192.7393951416016,195.6100006103516,196.72999572753903,195.27999877929688,196.2400054931641,35175100
2023-08-02,189.7538604736328,192.5800018310547,195.17999267578125,191.8500061035156,195.0399932861328,50389300
2023-08-03,188.36453247070312,191.1699981689453,192.3699951171875,190.69000244140625,191.57000732421875,61235200
2023-08-04,179.31927490234375,181.9900054931641,187.3800048828125,181.9199981689453,185.5200042724609,115956800
2023-08-07,176.22535705566406,178.85000610351562,183.1300048828125,177.35000610351562,182.1300048828125,97576100
2023-08-08,177.1614227294922,179.8000030517578,180.2700042724609,177.5800018310547,179.69000244140625,67823000
2023-08-09,175.5750274658203,178.19000244140625,180.92999267578125,177.00999450683594,180.8699951171875,60378500
2023-08-10,175.35829162597656,177.97000122070312,180.75,177.60000610351562,179.47999572753906,54686900
2023-08-11,175.41746520996094,177.7899932861328,178.6199951171875,176.5500030517578,177.32000732421875,52036700
2023-08-14,177.065185546875,179.4600067138672,179.69000244140625,177.30999755859375,177.97000122070312,43675600
2023-08-15,175.08200073242188,177.4499969482422,179.47999572753906,177.0500030517578,178.8800048828125,43622600
2023-08-16,174.2137451171875,176.57000732421875,178.5399932861328,176.5,177.1300048828125,46964900
2023-08-17,171.67803955078125,174.0,177.50999450683594,173.47999572753906,177.13999938964844,66062900
2023-08-18,172.16151428222656,174.49000549316406,175.10000610351562,171.9600067138672,172.3000030517578,61172200
2023-08-21,173.49349975585938,175.83999633789062,176.1300048828125,173.74000549316406,175.07000732421875,46311900
2023-08-22,174.86492919921875,177.22999572753906,177.67999267578125,176.25,177.05999755859375,42038900
2023-08-23,178.70301818847656,181.1199951171875,181.5500030517578,178.3300018310547,178.52000427246094,52722800
2023-08-24,174.02627563476562,176.3800048828125,181.1000061035156,176.00999450683594,180.6699981689453,54945800
2023-08-25,176.2265167236328,178.61000061035156,179.14999389648438,175.82000732421875,177.3800048828125,51449600
2023-08-28,177.78543090820312,180.19000244140625,180.58999633789065,178.5500030517578,180.08999633789062,43820700
2023-08-29,181.6629943847656,184.1199951171875,184.8999938964844,179.5,179.6999969482422,53003900
2023-08-30,185.1458740234375,187.6499938964844,187.8500061035156,184.7400054931641,184.94000244140625,60813900
2023-08-31,185.3629302978516,187.8699951171875,189.1199951171875,187.47999572753903,187.83999633789065,60794500
2023-09-01,186.9317169189453,189.4600067138672,189.9199981689453,188.27999877929688,189.4900054931641,45766500
2023-09-05,187.16851806640625,189.6999969482422,189.97999572753903,187.6100006103516,188.27999877929688,45280000
2023-09-06,180.4691467285156,182.91000366210935,188.8500061035156,181.47000122070312,188.3999938964844,81755800
2023-09-07,175.1905517578125,177.55999755859375,178.2100067138672,173.5399932861328,175.17999267578125,112488800
2023-09-08,175.80224609375,178.17999267578125,180.2400054931641,177.7899932861328,178.35000610351562,65551300
2023-09-11,176.96649169921875,179.36000061035156,180.3000030517578,177.33999633789062,180.07000732421875,58953100
2023-09-12,173.9473419189453,176.3000030517578,180.1300048828125,174.82000732421875,179.49000549316406,90370200
2023-09-13,171.88523864746094,174.2100067138672,177.3000030517578,173.97999572753906,176.50999450683594,84267900
2023-09-14,173.3948211669922,175.74000549316406,176.10000610351562,173.5800018310547,174.0,60895800
2023-09-15,172.67454528808594,175.00999450683594,176.5,173.82000732421875,176.47999572753906,109259500
2023-09-18,175.59507751464844,177.97000122070312,179.3800048828125,176.1699981689453,176.47999572753906,67257600
2023-09-19,176.68040466308594,179.07000732421875,179.6300048828125,177.1300048828125,177.52000427246094,51826900
2023-09-20,173.1481475830078,175.49000549316406,179.6999969482422,175.39999389648438,179.25999450683594,58436200
2023-09-21,171.6089630126953,173.92999267578125,176.3000030517578,173.86000061035156,174.5500030517578,63149100
2023-09-22,172.45748901367188,174.7899932861328,177.0800018310547,174.0500030517578,174.6699981689453,56725400
2023-09-25,173.7302703857422,176.0800018310547,176.97000122070312,174.14999389648438,174.1999969482422,46172700
2023-09-26,169.66526794433594,171.9600067138672,175.1999969482422,171.66000366210938,174.82000732421875,64588900
2023-09-27,168.15565490722656,170.42999267578125,173.0399932861328,169.0500030517578,172.6199951171875,66921800
2023-09-28,168.41220092773438,170.69000244140625,172.02999877929688,167.6199951171875,169.33999633789062,56294400
2023-09-29,168.92527770996094,171.2100067138672,173.07000732421875,170.33999633789062,172.02000427246094,51861100
2023-10-02,171.431396484375,173.75,174.3000030517578,170.92999267578125,171.22000122070312,52164500
2023-10-03,170.09939575195312,172.39999389648438,173.6300048828125,170.82000732421875,172.25999450683594,49594600
2023-10-04,171.3425750732422,173.66000366210938,174.2100067138672,170.97000122070312,171.08999633789062,53020300
2023-10-05,172.57589721679688,174.91000366210938,175.4499969482422,172.67999267578125,173.7899932861328,48527900
2023-10-06,175.1214599609375,177.49000549316406,177.99000549316406,173.17999267578125,173.8000030517578,57266700
2023-10-09,176.6014404296875,178.99000549316406,179.0500030517578,175.8000030517578,176.80999755859375,42390800
2023-10-10,176.0094451904297,178.38999938964844,179.72000122070312,177.9499969482422,178.10000610351562,43698000
2023-10-11,177.40065002441406,179.8000030517578,179.85000610351562,177.60000610351562,178.1999969482422,47551100
2023-10-12,178.2985076904297,180.7100067138672,182.33999633789065,179.0399932861328,180.07000732421875,56743100
2023-10-13,176.4633331298828,178.85000610351562,181.92999267578125,178.13999938964844,181.4199981689453,51427100
2023-10-16,176.3350372314453,178.72000122070312,179.0800018310547,176.50999450683594,176.75,52517000
2023-10-17,174.7860107421875,177.14999389648438,178.4199981689453,174.8000030517578,176.64999389648438,57549400
2023-10-18,173.49349975585938,175.83999633789062,177.5800018310547,175.11000061035156,175.5800018310547,54764400
2023-10-19,173.11856079101562,175.4600067138672,177.83999633789062,175.19000244140625,176.0399932861328,59302900
2023-10-20,170.572998046875,172.8800048828125,175.4199981689453,172.63999938964844,175.30999755859375,64244000
2023-10-23,170.69137573242188,173.0,174.00999450683594,169.92999267578125,170.91000366210938,55980100
2023-10-24,171.12551879882812,173.44000244140625,173.6699981689453,171.4499969482422,173.0500030517578,43816600
2023-10-25,168.81674194335938,171.10000610351562,173.05999755859375,170.64999389648438,171.8800048828125,57157000
2023-10-26,164.66290283203125,166.88999938964844,171.3800048828125,165.6699981689453,170.3699951171875,70625300
2023-10-27,165.97518920898438,168.22000122070312,168.9600067138672,166.8300018310547,166.91000366210938,58499100
2023-10-30,168.0175323486328,170.2899932861328,171.1699981689453,168.8699951171875,169.02000427246094,51131000
2023-10-31,168.4911651611328,170.77000427246094,170.89999389648438,167.89999389648438,169.35000610351562,44846000
2023-11-01,171.6484375,173.97000122070312,174.22999572753906,170.1199951171875,171.0,56934900
2023-11-02,175.20040893554688,177.57000732421875,177.77999877929688,175.4600067138672,175.52000427246094,77334800
2023-11-03,174.2926483154297,176.64999389648438,176.82000732421875,173.35000610351562,174.24000549316406,79829200
2023-11-06,176.83827209472656,179.22999572753906,179.42999267578125,176.2100067138672,176.3800048828125,63841300
2023-11-07,179.3936767578125,181.82000732421875,182.44000244140625,178.97000122070312,179.17999267578125,70530000
2023-11-08,180.44940185546875,182.88999938964844,183.4499969482422,181.58999633789065,182.3500061035156,49340300
2023-11-09,179.975830078125,182.41000366210935,184.1199951171875,181.80999755859372,182.9600067138672,53763500
2023-11-10,184.1548614501953,186.3999938964844,186.57000732421875,183.52999877929688,183.97000122070312,66133400
2023-11-13,182.5741271972656,184.8000030517578,186.02999877929688,184.2100067138672,185.82000732421875,43627500
2023-11-14,185.1823272705078,187.44000244140625,188.1100006103516,186.3000030517578,187.6999969482422,60108400
2023-11-15,185.74546813964844,188.00999450683597,189.5,187.77999877929688,187.8500061035156,53790500
2023-11-16,187.42495727539065,189.7100067138672,190.9600067138672,188.6499938964844,189.57000732421875,54412900
2023-11-17,187.4052276611328,189.69000244140625,190.3800048828125,188.57000732421875,190.25,50922700
2023-11-20,189.1440277099609,191.4499969482422,191.91000366210935,189.8800048828125,189.88999938964844,46505100
2023-11-21,188.34378051757807,190.63999938964844,191.5200042724609,189.7400054931641,191.41000366210935,38134500
2023-11-22,189.00572204589844,191.30999755859372,192.92999267578125,190.8300018310547,191.4900054931641,39617700
2023-11-24,187.68186950683597,189.97000122070312,190.8999938964844,189.25,190.8699951171875,24048300
2023-11-27,187.5040283203125,189.7899932861328,190.6699981689453,188.8999938964844,189.9199981689453,40552600
2023-11-28,188.10665893554688,190.3999938964844,191.0800018310547,189.3999938964844,189.77999877929688,38415400
2023-11-29,187.08908081054688,189.3699951171875,192.08999633789065,188.97000122070312,190.8999938964844,43014200
2023-11-30,187.662109375,189.9499969482422,190.32000732421875,188.19000244140625,189.83999633789065,48794400
2023-12-01,188.93655395507807,191.2400054931641,191.55999755859372,189.22999572753903,190.3300018310547,45704800
2023-12-04,187.1483612060547,189.42999267578125,190.0500030517578,187.4499969482422,189.97999572753903,43389500
2023-12-05,191.0902862548828,193.4199981689453,194.3999938964844,190.17999267578125,190.2100067138672,66628400
2023-12-06,190.0035552978516,192.32000732421875,194.75999450683597,192.1100006103516,194.4499969482422,41089700
2023-12-07,191.9300537109375,194.2700042724609,195.0,193.58999633789065,193.6300048828125,47477700
2023-12-08,193.35272216796875,195.7100067138672,195.9900054931641,193.6699981689453,194.1999969482422,53406400
2023-12-11,190.85317993164065,193.17999267578125,193.4900054931641,191.4199981689453,193.1100006103516,60943700
2023-12-12,192.36476135253903,194.7100067138672,194.72000122070312,191.72000122070312,193.0800018310547,52696900
2023-12-13,195.57562255859372,197.9600067138672,198.0,194.8500061035156,195.08999633789065,70404200
2023-12-14,195.72381591796875,198.1100006103516,199.6199951171875,196.16000366210935,198.0200042724609,66831600
2023-12-15,195.1903381347656,197.57000732421875,198.3999938964844,197.0,197.52999877929688,128538400
2023-12-18,193.53054809570312,195.88999938964844,196.6300048828125,194.38999938964844,196.08999633789065,55751900
2023-12-19,194.56790161132807,196.94000244140625,196.9499969482422,195.88999938964844,196.16000366210935,40714100
2023-12-20,192.48333740234372,194.8300018310547,197.67999267578125,194.8300018310547,196.8999938964844,52242800
2023-12-21,192.3351287841797,194.67999267578125,197.0800018310547,193.5,196.1000061035156,46482500
2023-12-22,191.2681427001953,193.6000061035156,195.41000366210935,192.97000122070312,195.17999267578125,37149600
2023-12-26,190.72476196289065,193.0500030517578,193.88999938964844,192.8300018310547,193.6100006103516,28919300
2023-12-27,190.82357788085935,193.1499938964844,193.5,191.08999633789065,192.4900054931641,48087700
2023-12-28,191.2483673095703,193.5800018310547,194.66000366210935,193.1699981689453,194.13999938964844,34049900
2023-12-29,190.2110137939453,192.52999877929688,194.3999938964844,191.72999572753903,193.8999938964844,42672100
2024-01-02,183.40399169921875,185.63999938964844,188.44000244140625,183.88999938964844,187.1499938964844,82488700
2024-01-03,182.0307464599609,184.25,185.8800048828125,183.42999267578125,184.22000122070312,58414500
2024-01-04,179.7189483642578,181.91000366210935,183.08999633789065,180.8800048828125,182.1499938964844,71983600
2024-01-05,178.9977264404297,181.17999267578125,182.75999450683597,180.1699981689453,181.9900054931641,62379700
2024-01-08,183.3249664306641,185.55999755859372,185.6000061035156,181.5,182.08999633789065,59144500
2024-01-09,182.91001892089844,185.13999938964844,185.1499938964844,182.72999572753903,183.9199981689453,42841800
2024-01-10,183.9473876953125,186.19000244140625,186.3999938964844,183.9199981689453,184.3500061035156,46792900
2024-01-11,183.3546142578125,185.58999633789065,187.0500030517578,183.6199951171875,186.5399932861328,49128400
2024-01-12,183.68063354492188,185.9199981689453,186.7400054931641,185.19000244140625,186.05999755859372,40477800
2024-01-16,181.418212890625,183.6300048828125,184.25999450683597,180.92999267578125,182.16000366210935,65603000
2024-01-17,180.4796600341797,182.67999267578125,182.92999267578125,180.3000030517578,181.2700042724609,47317400
2024-01-18,186.3579864501953,188.6300048828125,189.13999938964844,185.8300018310547,186.08999633789065,78005800
2024-01-19,189.25271606445312,191.55999755859372,191.9499969482422,188.82000732421875,189.3300018310547,68903000
2024-01-22,191.5546112060547,193.88999938964844,195.3300018310547,192.25999450683597,192.3000030517578,60133900
2024-01-23,192.8291015625,195.17999267578125,195.75,193.8300018310547,195.0200042724609,42355600
2024-01-24,192.1573028564453,194.5,196.3800048828125,194.33999633789065,195.4199981689453,53631300
2024-01-25,191.8312530517578,194.1699981689453,196.2700042724609,193.1100006103516,195.22000122070312,54822100
2024-01-26,190.102294921875,192.4199981689453,194.75999450683597,191.94000244140625,194.2700042724609,44594000
2024-01-29,189.42063903808597,191.72999572753903,192.1999969482422,189.5800018310547,192.00999450683597,47145600
2024-01-30,185.77511596679688,188.0399932861328,191.8000030517578,187.47000122070312,190.94000244140625,55859400
2024-01-31,182.17893981933597,184.3999938964844,187.1000061035156,184.3500061035156,187.0399932861328,55467800
2024-02-01,184.6092834472656,186.8600006103516,186.9499969482422,183.82000732421875,183.9900054931641,64885400
2024-02-02,183.6114959716797,185.8500061035156,187.3300018310547,179.25,179.86000061035156,102551700
2024-02-05,185.41944885253903,187.67999267578125,189.25,185.83999633789065,188.1499938964844,69668800
2024-02-06,187.01991271972656,189.3000030517578,189.30999755859372,186.7700042724609,186.8600006103516,43490800
2024-02-07,187.1286163330078,189.41000366210935,191.0500030517578,188.6100006103516,190.63999938964844,53439000
2024-02-08,186.0517425537109,188.32000732421875,189.5399932861328,187.3500061035156,189.38999938964844,40962000
2024-02-09,186.8134307861328,188.8500061035156,189.9900054931641,188.0,188.6499938964844,45155200
2024-02-12,185.1317596435547,187.1499938964844,188.6699981689453,186.7899932861328,188.4199981689453,41781900
2024-02-13,183.0445098876953,185.0399932861328,186.2100067138672,183.50999450683597,185.7700042724609,56529500
2024-02-14,182.1641082763672,184.1499938964844,185.52999877929688,182.44000244140625,185.32000732421875,54630500
2024-02-15,181.8772125244141,183.8600006103516,184.4900054931641,181.3500061035156,183.5500030517578,65434500
2024-02-16,180.3439483642578,182.30999755859372,184.8500061035156,181.6699981689453,183.4199981689453,49752500
2024-02-20,179.60205078125,181.55999755859372,182.42999267578125,180.0,181.7899932861328,53665600
2024-02-21,180.3538360595703,182.32000732421875,182.88999938964844,180.66000366210935,181.94000244140625,41371400
2024-02-22,182.38172912597656,184.3699951171875,184.9600067138672,182.4600067138672,183.47999572753903,52292200
2024-02-23,180.5516815185547,182.5200042724609,185.0399932861328,182.22999572753903,185.00999450683597,45119700
2024-02-26,179.20639038085938,181.16000366210935,182.75999450683597,180.6499938964844,182.2400054931641,40867400
2024-02-27,180.66049194335935,182.6300048828125,183.9199981689453,179.55999755859375,181.1000061035156,54318900
2024-02-28,179.4635467529297,181.4199981689453,183.1199951171875,180.1300048828125,182.50999450683597,48953900
2024-02-29,178.80078125,180.75,182.57000732421875,179.52999877929688,181.2700042724609,136682600
2024-03-01,177.7225341796875,179.66000366210938,180.52999877929688,177.3800048828125,179.5500030517578,73563100
2024-03-04,173.21170043945312,175.10000610351562,176.89999389648438,173.7899932861328,176.14999389648438,81510100
2024-03-05,168.28541564941406,170.1199951171875,172.0399932861328,169.6199951171875,170.75999450683594,95132400
2024-03-06,167.2961883544922,169.1199951171875,171.24000549316406,168.67999267578125,171.05999755859375,68587700
2024-03-07,167.177490234375,169.0,170.72999572753906,168.49000549316406,169.14999389648438,71765100
2024-03-08,168.88880920410156,170.72999572753906,173.6999969482422,168.94000244140625,169.0,76267000
2024-03-11,170.88705444335938,172.75,174.3800048828125,172.0500030517578,172.94000244140625,60139500
2024-03-12,171.36187744140625,173.22999572753906,174.02999877929688,171.00999450683594,173.14999389648438,59825400
2024-03-13,169.2845458984375,171.1300048828125,173.19000244140625,170.75999450683594,172.77000427246094,52488700
2024-03-14,171.1343536376953,173.0,174.30999755859375,172.0500030517578,172.91000366210938,72913500
2024-03-15,170.75843811035156,172.6199951171875,172.6199951171875,170.2899932861328,171.1699981689453,121752700
2024-03-18,171.8466033935547,173.72000122070312,177.7100067138672,173.52000427246094,175.57000732421875,75604200
2024-03-19,174.18113708496094,176.0800018310547,176.61000061035156,173.02999877929688,174.33999633789062,55215200
2024-03-20,176.7432098388672,178.6699981689453,178.6699981689453,175.08999633789062,175.72000122070312,53423100
2024-03-21,169.52194213867188,171.3699951171875,177.49000549316406,170.83999633789062,177.0500030517578,106181300
2024-03-22,170.422119140625,172.27999877929688,173.0500030517578,170.05999755859375,171.75999450683594,71160100
2024-03-25,169.00755310058594,170.85000610351562,171.94000244140625,169.4499969482422,170.57000732421875,54288300
2024-03-26,167.87985229492188,169.7100067138672,171.4199981689453,169.5800018310547,170.0,57388400
2024-03-27,171.44100952148438,173.30999755859375,173.60000610351562,170.11000061035156,170.41000366210938,60273300
2024-03-28,169.6307373046875,171.47999572753906,172.22999572753906,170.50999450683594,171.75,65672700
2024-04-01,168.19638061523438,170.02999877929688,171.25,169.47999572753906,171.19000244140625,46240500
2024-04-02,167.01919555664062,168.83999633789062,169.33999633789062,168.22999572753906,169.0800018310547,49329500
2024-04-03,167.8204803466797,169.64999389648438,170.67999267578125,168.5800018310547,168.7899932861328,47691700
2024-04-04,166.99945068359375,168.82000732421875,171.9199981689453,168.82000732421875,170.2899932861328,53704400
2024-04-05,167.75123596191406,169.5800018310547,170.38999938964844,168.9499969482422,169.58999633789062,42104800
2024-04-08,166.63343811035156,168.4499969482422,169.1999969482422,168.24000549316406,169.02999877929688,37425500
2024-04-09,167.8402557373047,169.6699981689453,170.0800018310547,168.35000610351562,168.6999969482422,42373800
2024-04-10,165.9706268310547,167.77999877929688,169.08999633789062,167.11000061035156,168.8000030517578,49709300
2024-04-11,173.15232849121094,175.0399932861328,175.4600067138672,168.16000366210938,168.33999633789062,91070300
2024-04-12,174.64608764648438,176.5500030517578,178.36000061035156,174.2100067138672,174.25999450683594,101670900
2024-04-15,170.8276824951172,172.69000244140625,176.6300048828125,172.5,175.36000061035156,73531800
2024-04-16,167.55340576171875,169.3800048828125,173.75999450683594,168.27000427246094,171.75,73711200
2024-04-17,166.1882781982422,168.0,170.64999389648438,168.0,169.61000061035156,50901200
2024-04-18,165.23858642578125,167.0399932861328,168.63999938964844,166.5500030517578,168.02999877929688,43122900
2024-04-19,163.2206268310547,165.0,166.39999389648438,164.0800018310547,166.2100067138672,68149400
2024-04-22,164.0515594482422,165.83999633789062,167.25999450683594,164.77000427246094,165.52000427246094,48116400
2024-04-23,165.10012817382812,166.89999389648438,167.0500030517578,164.9199981689453,165.35000610351562,49537800
2024-04-24,167.1973114013672,169.02000427246094,169.3000030517578,166.2100067138672,166.5399932861328,48251800
2024-04-25,168.05787658691406,169.88999938964844,170.61000061035156,168.14999389648438,169.52999877929688,50558300
2024-04-26,167.47427368164062,169.3000030517578,171.33999633789062,169.17999267578125,169.8800048828125,44838400
2024-04-29,171.62896728515625,173.5,176.02999877929688,173.10000610351562,173.3699951171875,68169400
2024-04-30,168.4931640625,170.3300018310547,174.99000549316406,170.0,173.3300018310547,65934800
2024-05-01,167.47427368164062,169.3000030517578,172.7100067138672,169.11000061035156,169.5800018310547,50383100
2024-05-02,171.16404724121094,173.02999877929688,173.4199981689453,170.88999938964844,172.50999450683594,94214900
2024-05-03,181.4024200439453,183.3800048828125,187.0,182.66000366210935,186.6499938964844,163224100
2024-05-06,179.7504425048828,181.7100067138672,184.1999969482422,180.4199981689453,182.3500061035156,78569700
2024-05-07,180.4329833984375,182.3999938964844,184.8999938964844,181.32000732421875,183.4499969482422,77305800
2024-05-08,180.76931762695312,182.7400054931641,183.07000732421875,181.4499969482422,182.8500061035156,45057100
2024-05-09,182.5795745849609,184.57000732421875,184.66000366210935,182.1100006103516,182.55999755859372,48983000
2024-05-10,181.3215789794922,183.0500030517578,185.08999633789065,182.1300048828125,184.8999938964844,50759500
2024-05-13,184.5210876464844,186.27999877929688,187.1000061035156,184.6199951171875,185.44000244140625,72044800
2024-05-14,185.6602020263672,187.42999267578125,188.3000030517578,186.2899932861328,187.50999450683597,52393600
2024-05-15,187.9285888671875,189.72000122070312,190.6499938964844,187.3699951171875,187.91000366210935,70400000
2024-05-16,188.0474548339844,189.83999633789065,191.1000061035156,189.66000366210935,190.47000122070312,52845200
2024-05-17,188.07716369628903,189.8699951171875,190.80999755859372,189.17999267578125,189.50999450683597,41282900
2024-05-20,189.23611450195312,191.0399932861328,191.9199981689453,189.00999450683597,189.3300018310547,44361300
2024-05-21,190.53375244140625,192.3500061035156,192.72999572753903,190.9199981689453,191.08999633789065,42309400
2024-05-22,189.0974578857422,190.8999938964844,192.82000732421875,190.2700042724609,192.2700042724609,34648500
2024-05-23,185.11541748046875,186.8800048828125,191.0,186.6300048828125,190.97999572753903,51005900
2024-05-24,188.18614196777344,189.97999572753903,190.5800018310547,188.0399932861328,188.82000732421875,36327000
2024-05-28,188.19602966308597,189.9900054931641,193.0,189.1000061035156,191.50999450683597,52280100
2024-05-29,188.4932098388672,190.2899932861328,192.25,189.50999450683597,189.6100006103516,53068000
2024-05-30,189.48374938964844,191.2899932861328,192.17999267578125,190.6300048828125,190.75999450683597,49889100
2024-05-31,190.4347381591797,192.25,192.57000732421875,189.91000366210935,191.44000244140625,75158300
2024-06-03,192.1978759765625,194.02999877929688,194.9900054931641,192.5200042724609,192.8999938964844,50080500
2024-06-04,192.51487731933597,194.3500061035156,195.32000732421875,193.02999877929688,194.63999938964844,47471400
2024-06-05,194.02053833007807,195.8699951171875,196.8999938964844,194.8699951171875,195.3999938964844,54156800
2024-06-06,192.6436462402344,194.47999572753903,196.5,194.1699981689453,195.69000244140625,41181800
2024-06-07,195.03086853027344,196.88999938964844,196.94000244140625,194.13999938964844,194.6499938964844,53103900
2024-06-10,191.2964630126953,193.1199951171875,197.3000030517578,192.1499938964844,196.8999938964844,97010200
2024-06-11,205.19403076171875,207.1499938964844,207.16000366210935,193.6300048828125,193.6499938964844,172373300
2024-06-12,211.05812072753903,213.07000732421875,220.1999969482422,206.8999938964844,207.3699951171875,198134300
2024-06-13,212.2170867919922,214.2400054931641,216.75,211.6000061035156,214.7400054931641,97862700
2024-06-14,210.48361206054688,212.4900054931641,215.1699981689453,211.3000030517578,213.8500061035156,70122700
2024-06-17,214.62413024902344,216.6699981689453,218.9499969482422,212.72000122070312,213.3699951171875,93728300
2024-06-18,212.2666015625,214.2899932861328,218.6300048828125,213.0,217.58999633789065,79943300
2024-06-20,207.7001190185547,209.67999267578125,214.2400054931641,208.8500061035156,213.92999267578125,86172500
2024-06-21,205.53082275390625,207.4900054931641,211.88999938964844,207.1100006103516,210.38999938964844,241805100
2024-06-24,206.17466735839844,208.13999938964844,212.6999969482422,206.58999633789065,207.72000122070312,80727000
2024-06-25,207.09588623046875,209.07000732421875,211.3800048828125,208.6100006103516,209.1499938964844,55549700
2024-06-26,211.2364044189453,213.25,214.8600006103516,210.63999938964844,211.5,66213200
2024-06-27,212.07839965820312,214.1000061035156,215.7400054931641,212.3500061035156,214.69000244140625,49772700
2024-06-28,208.6312561035156,210.6199951171875,216.07000732421875,210.3000030517578,215.7700042724609,82542700
2024-07-01,214.70335388183597,216.75,217.50999450683597,211.9199981689453,212.08999633789065,60402900
2024-07-02,218.1901397705078,220.2700042724609,220.3800048828125,215.1000061035156,216.1499938964844,58046200
2024-07-03,219.45803833007807,221.5500030517578,221.5500030517578,219.02999877929688,220.0,37369800
2024-07-05,224.20281982421875,226.33999633789065,226.4499969482422,221.6499938964844,221.6499938964844,60412400
2024-07-08,225.6688537597656,227.82000732421875,227.8500061035156,223.25,227.08999633789065,59085900
2024-07-09,226.5207061767578,228.67999267578125,229.3999938964844,226.3699951171875,227.92999267578125,48076100
2024-07-10,230.7801055908203,232.97999572753903,233.0800018310547,229.25,229.3000030517578,62627700
2024-07-11,225.42120361328125,227.57000732421875,232.38999938964844,225.7700042724609,231.38999938964844,64710600
2024-07-12,228.36317443847656,230.5399932861328,232.63999938964844,228.67999267578125,228.9199981689453,53046500
2024-07-15,232.18670654296875,234.3999938964844,237.22999572753903,233.08999633789065,236.47999572753903,62631300
2024-07-16,232.6027374267578,234.82000732421875,236.2700042724609,232.3300018310547,235.0,43234300
2024-07-17,226.7188415527344,228.8800048828125,231.4600067138672,226.63999938964844,229.4499969482422,57345900
2024-07-18,222.0631866455078,224.17999267578125,230.44000244140625,222.2700042724609,230.27999877929688,66034600
2024-07-19,222.19200134277344,224.30999755859372,226.8000030517578,223.27999877929688,224.82000732421875,49151500
2024-07-22,221.8452911376953,223.9600067138672,227.77999877929688,223.08999633789065,227.00999450683597,48201800
2024-07-23,222.8853912353516,225.00999450683597,226.94000244140625,222.67999267578125,224.3699951171875,39960300
2024-07-24,216.4764709472656,218.5399932861328,224.8000030517578,217.1300048828125,224.0,61777600
2024-07-25,215.4364013671875,217.4900054931641,220.8500061035156,214.6199951171875,218.92999267578125,51391200
2024-07-26,215.9019470214844,217.9600067138672,219.4900054931641,216.00999450683597,218.6999969482422,41601300
2024-07-29,216.1793212890625,218.2400054931641,219.3000030517578,215.75,216.9600067138672,36311800
2024-07-30,216.7340087890625,218.8000030517578,220.3300018310547,216.1199951171875,219.19000244140625,41643800
2024-07-31,219.98301696777344,222.0800018310547,223.82000732421875,220.6300048828125,221.44000244140625,50036300
2024-08-01,216.2981719970703,218.3600006103516,224.47999572753903,217.0200042724609,224.3699951171875,62501000
2024-08-02,217.7840118408203,219.8600006103516,225.6000061035156,217.7100067138672,219.1499938964844,105568600
2024-08-05,207.29397583007807,209.2700042724609,213.5,196.0,199.08999633789065,119548600
2024-08-06,205.2732696533203,207.22999572753903,209.9900054931641,201.07000732421875,205.3000030517578,69660500
2024-08-07,207.8388214111328,209.82000732421875,213.63999938964844,206.38999938964844,206.8999938964844,63516400
2024-08-08,211.29586791992188,213.30999755859372,214.1999969482422,208.8300018310547,213.1100006103516,47161100
2024-08-09,214.1981964111328,216.2400054931641,216.77999877929688,211.97000122070312,212.1000061035156,42201600
2024-08-12,215.72540283203125,217.52999877929688,219.50999450683597,215.6000061035156,216.07000732421875,38028100
2024-08-13,219.43438720703125,221.2700042724609,221.88999938964844,219.00999450683597,219.00999450683597,44155300
2024-08-14,219.8806610107422,221.72000122070312,223.02999877929688,219.6999969482422,220.57000732421875,41960600
2024-08-15,222.8557586669922,224.72000122070312,225.3500061035156,222.75999450683597,224.6000061035156,46414000
2024-08-16,224.1747283935547,226.0500030517578,226.8300018310547,223.6499938964844,223.9199981689453,44340200
2024-08-19,224.01605224609372,225.88999938964844,225.9900054931641,223.0399932861328,225.72000122070312,40687800
2024-08-20,224.6309051513672,226.50999450683597,227.1699981689453,225.4499969482422,225.7700042724609,30299000
2024-08-21,224.52183532714844,226.3999938964844,227.97999572753903,225.0500030517578,226.5200042724609,34765500
2024-08-22,222.66732788085935,224.52999877929688,228.33999633789065,223.8999938964844,227.7899932861328,43695300
2024-08-23,224.95819091796875,226.83999633789065,228.22000122070312,224.3300018310547,225.66000366210935,38677300
2024-08-26,225.29534912109372,227.17999267578125,227.27999877929688,223.88999938964844,226.75999450683597,30602200
2024-08-27,226.1383056640625,228.02999877929688,228.8500061035156,224.88999938964844,226.0,35934600
2024-08-28,224.61111450195312,226.4900054931641,229.8600006103516,225.67999267578125,227.9199981689453,38052200
2024-08-29,227.8836975097656,229.7899932861328,232.9199981689453,228.8800048828125,230.1000061035156,51906300
2024-08-30,227.1002655029297,229.0,230.3999938964844,227.47999572753903,230.19000244140625,52990800
2024-09-03,220.9219512939453,222.7700042724609,229.0,221.1699981689453,228.5500030517578,50190600
2024-09-04,219.0178680419922,220.8500061035156,221.77999877929688,217.47999572753903,221.66000366210935,43840200
2024-09-05,220.53515625,222.3800048828125,225.47999572753903,221.5200042724609,221.6300048828125,36615400
2024-09-06,218.9881134033203,220.82000732421875,225.2400054931641,219.7700042724609,223.9499969482422,48423000
2024-09-09,219.077392578125,220.91000366210935,221.2700042724609,216.7100067138672,220.82000732421875,67180000
2024-09-10,218.2840118408203,220.1100006103516,221.47999572753903,216.72999572753903,218.9199981689453,51591000
2024-09-11,220.81288146972656,222.66000366210935,223.08999633789065,217.88999938964844,221.4600067138672,44587100
2024-09-12,220.9219512939453,222.7700042724609,223.5500030517578,219.82000732421875,222.5,37455600
2024-09-13,220.6541748046875,222.5,224.0399932861328,221.91000366210935,223.5800018310547,36766600
2024-09-16,214.52545166015625,216.32000732421875,217.22000122070312,213.9199981689453,216.5399932861328,59357400
2024-09-17,214.99156188964844,216.7899932861328,216.8999938964844,214.5,215.75,45519300
2024-09-18,218.85922241210935,220.69000244140625,222.7100067138672,217.5399932861328,217.5500030517578,59894900
2024-09-19,226.9713134765625,228.8699951171875,229.82000732421875,224.6300048828125,224.9900054931641,66781300
2024-09-20,226.306884765625,228.1999969482422,233.08999633789065,227.6199951171875,229.97000122070312,318679900
2024-09-23,224.59124755859372,226.47000122070312,229.4499969482422,225.80999755859372,227.33999633789065,54146000
2024-09-24,225.48377990722656,227.3699951171875,229.3500061035156,225.72999572753903,228.6499938964844,43556100
2024-09-25,224.49208068847656,226.3699951171875,227.2899932861328,224.0200042724609,224.92999267578125,42308700
2024-09-26,225.63255310058597,227.5200042724609,228.5,225.41000366210935,227.3000030517578,36636700
2024-09-27,225.9002685546875,227.7899932861328,229.5200042724609,227.3000030517578,228.4600067138672,34026000
2024-09-30,231.0670928955078,233.0,233.0,229.6499938964844,230.0399932861328,54541900
2024-10-01,224.33343505859372,226.2100067138672,229.6499938964844,223.7400054931641,229.5200042724609,63285000
2024-10-02,224.898681640625,226.77999877929688,227.3699951171875,223.0200042724609,225.88999938964844,32880600
2024-10-03,223.7978973388672,225.6699981689453,226.80999755859372,223.32000732421875,225.13999938964844,34044200
2024-10-04,224.9185028076172,226.8000030517578,228.0,224.1300048828125,227.8999938964844,37245100
2024-10-07,219.85089111328125,221.69000244140625,225.69000244140625,221.3300018310547,224.5,39505400
2024-10-08,223.8970642089844,225.7700042724609,225.97999572753903,223.25,224.3000030517578,31855700
2024-10-09,227.63580322265625,229.5399932861328,229.75,224.8300018310547,225.22999572753903,33591100
2024-10-10,227.13992309570312,229.0399932861328,229.5,227.1699981689453,227.77999877929688,28183500
2024-10-11,225.6623077392578,227.5500030517578,229.41000366210935,227.33999633789065,229.3000030517578,31759200
2024-10-14,229.38116455078125,231.3000030517578,231.72999572753903,228.6000061035156,228.6999969482422,39882100
2024-10-15,231.9100341796875,233.8500061035156,237.4900054931641,232.3699951171875,233.6100006103516,64751400
2024-10-16,229.8571929931641,231.77999877929688,232.1199951171875,229.83999633789065,231.6000061035156,34082200
2024-10-17,230.22412109375,232.1499938964844,233.8500061035156,230.5200042724609,233.42999267578125,32993800
2024-10-18,233.05047607421875,235.0,236.17999267578125,234.00999450683597,236.17999267578125,46431500
2024-10-21,234.5181884765625,236.47999572753903,236.8500061035156,234.4499969482422,234.4499969482422,36254500
2024-10-22,233.9033660888672,235.8600006103516,236.22000122070312,232.6000061035156,233.88999938964844,38846600
2024-10-23,228.8456573486328,230.75999450683597,235.13999938964844,227.75999450683597,234.0800018310547,52287000
2024-10-24,228.65724182128903,230.57000732421875,230.82000732421875,228.41000366210935,229.97999572753903,31109500
2024-10-25,229.49026489257807,231.41000366210935,233.22000122070312,229.57000732421875,229.7400054931641,38802300
2024-10-28,231.4637451171875,233.3999938964844,234.72999572753903,232.5500030517578,233.32000732421875,36087100
2024-10-29,231.7315216064453,233.6699981689453,234.3300018310547,232.32000732421875,233.1000061035156,35417200
2024-10-30,228.19113159179688,230.1000061035156,233.47000122070312,229.5500030517578,232.6100006103516,47070900
2024-10-31,224.0359039306641,225.91000366210935,229.8300018310547,225.3699951171875,229.33999633789065,64370100
2024-11-01,221.0608062744141,222.91000366210935,225.3500061035156,220.2700042724609,220.97000122070312,65276700
2024-11-04,220.1682281494141,222.00999450683597,222.7899932861328,219.7100067138672,220.9900054931641,44944500
2024-11-05,221.59629821777344,223.4499969482422,223.9499969482422,221.13999938964844,221.8000030517578,28111300
2024-11-06,220.87234497070312,222.72000122070312,226.07000732421875,221.19000244140625,222.6100006103516,54561100
2024-11-07,225.5928649902344,227.47999572753903,227.8800048828125,224.57000732421875,224.6300048828125,42137700
2024-11-08,225.3247985839844,226.9600067138672,228.66000366210935,226.41000366210935,227.1699981689453,38328800
2024-11-11,222.61448669433597,224.22999572753903,225.6999969482422,221.5,225.0,42005600
2024-11-12,222.61448669433597,224.22999572753903,225.58999633789065,223.3600006103516,224.5500030517578,40398300
2024-11-13,223.49807739257807,225.1199951171875,226.6499938964844,222.75999450683597,224.00999450683597,48566200
2024-11-14,226.5757598876953,228.22000122070312,228.8699951171875,225.0,225.0200042724609,44923900
2024-11-15,223.3789520263672,225.0,226.9199981689453,224.2700042724609,226.3999938964844,47923700
2024-11-18,226.37718200683597,228.0200042724609,229.7400054931641,225.1699981689453,225.25,44633700
2024-11-19,226.63528442382807,228.27999877929688,230.16000366210935,226.66000366210935,226.97999572753903,36211800
2024-11-20,227.35011291503903,229.0,229.92999267578125,225.88999938964844,228.05999755859372,35169600
2024-11-21,226.87359619140625,228.5200042724609,230.16000366210935,225.7100067138672,228.8800048828125,42108300
2024-11-22,228.21383666992188,229.8699951171875,230.72000122070312,228.05999755859372,228.05999755859372,38168300
2024-11-25,231.19224548339844,232.8699951171875,233.25,229.7400054931641,231.4600067138672,90152800
2024-11-26,233.36643981933597,235.05999755859372,235.57000732421875,233.3300018310547,233.3300018310547,45986200
2024-11-27,233.23736572265625,234.92999267578125,235.69000244140625,233.80999755859372,234.47000122070312,33498400
2024-11-29,235.62008666992188,237.3300018310547,237.80999755859372,233.97000122070312,234.80999755859372,28481400
2024-12-02,237.8638153076172,239.58999633789065,240.7899932861328,237.16000366210935,237.2700042724609,48137100
2024-12-03,240.9017639160156,242.6499938964844,242.75999450683597,238.8999938964844,239.80999755859372,38861000
2024-12-04,241.2591857910156,243.00999450683597,244.1100006103516,241.25,242.8699951171875,44383900
2024-12-05,241.28895568847656,243.0399932861328,244.5399932861328,242.1300048828125,243.9900054931641,40033900
2024-12-06,241.09036254882807,242.83999633789065,244.6300048828125,242.0800018310547,242.91000366210935,36870600
2024-12-09,244.9722595214844,246.75,247.2400054931641,241.75,241.8300018310547,44649200
2024-12-10,245.98487854003903,247.7700042724609,248.2100067138672,245.33999633789065,246.88999938964844,36914800
2024-12-11,244.71409606933597,246.4900054931641,250.8000030517578,246.25999450683597,247.9600067138672,45205800
2024-12-12,246.1735076904297,247.9600067138672,248.7400054931641,245.67999267578125,246.88999938964844,32777500
2024-12-13,246.34228515625,248.1300048828125,249.2899932861328,246.2400054931641,247.82000732421875,33155300
2024-12-16,249.2313232421875,251.0399932861328,251.3800048828125,247.6499938964844,247.9900054931641,51694800
2024-12-17,251.6537322998047,253.47999572753903,253.8300018310547,249.77999877929688,250.0800018310547,51356400
2024-12-18,246.2628631591797,248.0500030517578,254.27999877929688,247.7400054931641,252.16000366210935,56774100
2024-12-19,247.9903106689453,249.7899932861328,252.0,247.08999633789065,247.5,60882300
2024-12-20,252.65646362304688,254.4900054931641,255.0,245.69000244140625,248.0399932861328,147495300
2024-12-23,253.43087768554688,255.2700042724609,255.6499938964844,253.4499969482422,254.7700042724609,40858800
2024-12-24,256.3397216796875,258.20001220703125,258.2099914550781,255.2899932861328,255.4900054931641,23234700
2024-12-26,257.15380859375,259.0199890136719,260.1000061035156,257.6300048828125,258.19000244140625,27237100
2024-12-27,253.74853515625,255.58999633789065,258.70001220703125,253.05999755859372,257.8299865722656,42355300
2024-12-30,250.38296508789065,252.1999969482422,253.5,250.75,252.22999572753903,35557500
2024-12-31,248.6158142089844,250.4199981689453,253.27999877929688,249.42999267578125,252.44000244140625,39480700
2025-01-02,242.0931396484375,243.8500061035156,249.1000061035156,241.82000732421875,248.92999267578125,55740700
2025-01-03,241.60665893554688,243.3600006103516,244.17999267578125,241.88999938964844,243.3600006103516,40244100
2025-01-06,243.2348480224609,245.0,247.3300018310547,243.1999969482422,244.30999755859372,45045600
2025-01-07,240.46495056152344,242.2100067138672,245.5500030517578,241.3500061035156,242.97999572753903,40856000
2025-01-08,240.95140075683597,242.6999969482422,243.7100067138672,240.0500030517578,241.9199981689453,37628900
2025-01-10,235.14356994628903,236.8500061035156,240.16000366210935,233.0,240.00999450683597,61710900
2025-01-13,232.71121215820312,234.3999938964844,234.6699981689453,229.72000122070312,233.52999877929688,49630700
2025-01-14,231.59927368164065,233.27999877929688,236.1199951171875,232.47000122070312,234.75,39435300
2025-01-15,236.1562042236328,237.8699951171875,238.9600067138672,234.42999267578125,234.63999938964844,39832000
2025-01-16,226.61544799804688,228.25999450683597,238.00999450683597,228.02999877929688,237.3500061035156,71759100
2025-01-17,228.32305908203125,229.97999572753903,232.2899932861328,228.47999572753903,232.1199951171875,68488300
2025-01-21,221.03594970703125,222.63999938964844,224.4199981689453,219.3800048828125,224.0,98070400
2025-01-22,222.2173614501953,223.8300018310547,224.1199951171875,219.7899932861328,219.7899932861328,64126500
2025-01-23,222.0485992431641,223.66000366210935,227.02999877929688,222.3000030517578,224.7400054931641,60234800
2025-01-24,221.1749267578125,222.77999877929688,225.6300048828125,221.41000366210935,224.77999877929688,54697900
2025-01-27,228.2039031982422,229.8600006103516,232.1499938964844,223.97999572753903,224.0200042724609,94863400
2025-01-28,236.5434112548828,238.25999450683597,240.19000244140625,230.80999755859372,230.8500061035156,75707600
2025-01-29,237.63548278808597,239.3600006103516,239.8600006103516,234.00999450683597,234.1199951171875,45486100
2025-01-30,235.8782196044922,237.58999633789065,240.7899932861328,237.2100067138672,238.6699981689453,55658300
2025-01-31,234.2996826171875,236.0,247.19000244140625,233.44000244140625,247.19000244140625,100959800
2025-02-03,226.36724853515625,228.00999450683597,231.8300018310547,225.6999969482422,229.9900054931641,73063300
2025-02-04,231.1227569580078,232.8000030517578,233.1300048828125,226.6499938964844,227.25,45067300
2025-02-05,230.7951202392578,232.47000122070312,232.6699981689453,228.2700042724609,228.52999877929688,39620300
2025-02-06,231.53973388671875,233.22000122070312,233.8000030517578,230.42999267578125,231.2899932861328,29925300
2025-02-07,225.98997497558597,227.6300048828125,234.0,227.25999450683597,232.6000061035156,39707200
2025-02-10,226.2583465576172,227.6499938964844,230.58999633789065,227.1999969482422,229.57000732421875,33115600
2025-02-11,231.19793701171875,232.6199951171875,235.22999572753903,228.1300048828125,228.1999969482422,53718400
2025-02-12,235.4219665527344,236.8699951171875,236.9600067138672,230.67999267578125,231.1999969482422,45243300
2025-02-13,240.0534820556641,241.52999877929688,242.33999633789065,235.57000732421875,236.91000366210935,53614100
2025-02-14,243.104736328125,244.6000061035156,245.5500030517578,240.9900054931641,241.25,40896200
2025-02-18,242.9755096435547,244.47000122070312,245.17999267578125,241.83999633789065,244.1499938964844,48822500
2025-02-19,243.3730926513672,244.8699951171875,246.00999450683597,243.16000366210935,244.66000366210935,32204200
2025-02-20,244.3271942138672,245.8300018310547,246.77999877929688,244.2899932861328,244.94000244140625,32316900
2025-02-21,244.0489044189453,245.5500030517578,248.69000244140625,245.22000122070312,245.9499969482422,53197400
2025-02-24,245.58946228027344,247.1000061035156,248.8600006103516,244.4199981689453,244.92999267578125,51326400
2025-02-25,245.52978515625,247.0399932861328,250.0,244.91000366210935,248.0,48013300
2025-02-26,238.890625,240.3600006103516,244.97999572753903,239.1300048828125,244.3300018310547,44433600
2025-02-27,235.84933471679688,237.3000030517578,242.4600067138672,237.05999755859372,239.41000366210935,41153600
2025-02-28,240.36160278320312,241.83999633789065,242.08999633789065,230.1999969482422,236.9499969482422,56833400
2025-03-03,236.57489013671875,238.02999877929688,244.02999877929688,236.1100006103516,241.7899932861328,47184000
2025-03-04,234.4877166748047,235.92999267578125,240.07000732421875,234.67999267578125,237.7100067138672,53798100
2025-03-05,234.29888916015625,235.7400054931641,236.5500030517578,229.22999572753903,235.4199981689453,47227600
2025-03-06,233.8914031982422,235.3300018310547,237.8600006103516,233.16000366210935,234.44000244140625,45170400
2025-03-07,237.6085357666016,239.07000732421875,241.3699951171875,234.75999450683597,235.1100006103516,46273600
2025-03-10,226.08938598632807,227.47999572753903,236.16000366210935,224.22000122070312,235.5399932861328,72071200
2025-03-11,219.48997497558597,220.83999633789065,225.83999633789065,217.4499969482422,223.80999755859372,76137400
2025-03-12,215.65354919433597,216.97999572753903,221.75,214.91000366210935,220.13999938964844,62547500
2025-03-13,208.39817810058597,209.67999267578125,216.83999633789065,208.4199981689453,215.9499969482422,61368300
2025-03-14,212.18490600585935,213.4900054931641,213.9499969482422,209.5800018310547,211.25,60107600
2025-03-17,212.6917724609375,214.0,215.22000122070312,209.97000122070312,213.30999755859372,48073400
2025-03-18,211.3897857666016,212.69000244140625,215.1499938964844,211.4900054931641,214.16000366210935,42432400
2025-03-19,213.9242248535156,215.2400054931641,218.75999450683597,213.75,214.22000122070312,54385400
2025-03-20,212.79116821289065,214.1000061035156,217.4900054931641,212.22000122070312,213.9900054931641,48862900
2025-03-21,216.93569946289065,218.2700042724609,218.83999633789065,211.27999877929688,211.55999755859372,94127800
2025-03-24,219.38064575195312,220.72999572753903,221.47999572753903,218.5800018310547,221.0,44299500
2025-03-25,222.38217163085935,223.75,224.1000061035156,220.0800018310547,220.7700042724609,34493600
2025-03-26,220.17575073242188,221.52999877929688,225.0200042724609,220.47000122070312,223.50999450683597,34466100
2025-03-27,222.4815826416016,223.8500061035156,224.9900054931641,220.55999755859372,221.38999938964844,37094800
2025-03-28,216.56793212890625,217.8999938964844,223.80999755859372,217.67999267578125,221.6699981689453,39818600
2025-03-31,220.7721099853516,222.1300048828125,225.6199951171875,216.22999572753903,217.00999450683597,65299300
2025-04-01,221.8256072998047,223.19000244140625,223.67999267578125,218.8999938964844,219.80999755859372,36412700
2025-04-02,222.52130126953125,223.88999938964844,225.19000244140625,221.0200042724609,221.32000732421875,35905900
2025-04-03,201.94786071777344,203.19000244140625,207.4900054931641,201.25,205.5399932861328,103419000
2025-04-04,187.2283935546875,188.3800048828125,199.8800048828125,187.33999633789065,193.88999938964844,125910900
2025-04-07,180.3507080078125,181.4600067138672,194.1499938964844,174.6199951171875,177.1999969482422,160466300
2025-04-08,171.365966796875,172.4199981689453,190.33999633789065,169.2100067138672,186.6999969482422,120859500
2025-04-09,197.63438415527344,198.8500061035156,200.6100006103516,171.88999938964844,171.9499969482422,184395900
2025-04-10,189.2559356689453,190.4199981689453,194.77999877929688,183.0,189.07000732421875,121880000
2025-04-11,196.93865966796875,198.1499938964844,199.5399932861328,186.05999755859372,186.1000061035156,87435900
2025-04-14,201.28195190429688,202.5200042724609,212.94000244140625,201.16000366210935,211.44000244140625,101352900
2025-04-15,200.9042816162109,202.13999938964844,203.50999450683597,199.8000030517578,201.8600006103516,51343900
2025-04-16,193.0823974609375,194.2700042724609,200.6999969482422,192.3699951171875,198.3600006103516,59732400
2025-04-17,195.77584838867188,196.97999572753903,198.8300018310547,194.4199981689453,197.1999969482422,52164700
2025-04-21,191.97918701171875,193.16000366210935,193.8000030517578,189.80999755859372,193.2700042724609,46742500
2025-04-22,198.5189666748047,199.7400054931641,201.58999633789065,195.97000122070312,196.1199951171875,52976400
2025-04-23,203.3492431640625,204.6000061035156,208.0,202.8000030517578,206.0,52929200
2025-04-24,207.09619140625,208.3699951171875,208.8300018310547,202.94000244140625,204.88999938964844,47311000
2025-04-25,208.00064086914065,209.27999877929688,209.75,206.1999969482422,206.3699951171875,38222300
2025-04-28,208.8553771972656,210.13999938964844,211.5,207.4600067138672,210.0,38743100
2025-04-29,209.91883850097656,211.2100067138672,212.2400054931641,208.3699951171875,208.69000244140625,36827600
2025-04-30,211.20095825195312,212.5,213.5800018310547,206.6699981689453,209.3000030517578,52286500
2025-05-01,212.01596069335935,213.32000732421875,214.55999755859372,208.8999938964844,209.0800018310547,57365700
2025-05-02,204.09466552734372,205.3500061035156,206.9900054931641,202.16000366210935,206.08999633789065,101010600
2025-05-05,197.67416381835935,198.88999938964844,204.1000061035156,198.2100067138672,203.1000061035156,69018500
2025-05-06,197.2964782714844,198.50999450683597,200.6499938964844,197.0200042724609,198.2100067138672,51216500
2025-05-07,195.05029296875,196.25,199.44000244140625,193.25,199.1699981689453,68536700
2025-05-08,196.28271484375,197.4900054931641,200.0500030517578,194.67999267578125,197.72000122070312,50478900
2025-05-09,197.31634521484372,198.52999877929688,200.5399932861328,197.5399932861328,199.0,36453900
2025-05-12,209.77610778808597,210.7899932861328,211.2700042724609,206.75,210.97000122070312,63775800
2025-05-13,211.9058380126953,212.92999267578125,213.3999938964844,209.0,210.42999267578125,51909300
2025-05-14,211.3087158203125,212.3300018310547,213.94000244140625,210.5800018310547,212.42999267578125,49325800
2025-05-15,210.43296813964844,211.4499969482422,212.9600067138672,209.5399932861328,210.9499969482422,45029500
2025-05-16,210.24388122558597,211.25999450683597,212.57000732421875,209.7700042724609,212.3600006103516,54737900
2025-05-19,207.7757873535156,208.77999877929688,209.47999572753903,204.25999450683597,207.91000366210935,46140500
2025-05-20,205.8650360107422,206.8600006103516,208.47000122070312,205.02999877929688,207.6699981689453,42496600
2025-05-21,201.1179656982422,202.08999633789065,207.0399932861328,200.7100067138672,205.1699981689453,59211800
2025-05-22,200.39149475097656,201.3600006103516,202.75,199.6999969482422,200.7100067138672,46742400
2025-05-23,194.33079528808597,195.2700042724609,197.6999969482422,193.4600067138672,193.6699981689453,78432900
2025-05-27,199.24703979492188,200.2100067138672,200.7400054931641,197.42999267578125,198.3000030517578,56288500
2025-05-28,199.45602416992188,200.4199981689453,202.72999572753903,199.8999938964844,200.58999633789065,45339700
2025-05-29,198.98825073242188,199.9499969482422,203.80999755859372,198.50999450683597,203.5800018310547,51396800
2025-05-30,199.8839263916016,200.8500061035156,201.9600067138672,196.77999877929688,199.3699951171875,70819900
2025-06-02,200.72982788085935,201.6999969482422,202.1300048828125,200.1199951171875,200.27999877929688,35423300
2025-06-03,202.2923126220703,203.2700042724609,203.7700042724609,200.9600067138672,201.3500061035156,46381600
2025-06-04,201.84446716308597,202.82000732421875,206.2400054931641,202.1000061035156,202.91000366210935,43604000
2025-06-05,199.66500854492188,200.6300048828125,204.75,200.1499938964844,203.5,55126100
2025-06-06,202.93919372558597,203.9199981689453,205.6999969482422,202.0500030517578,203.0,46607700
2025-06-09,200.48106384277344,201.4499969482422,206.0,200.0200042724609,204.38999938964844,72862600
2025-06-10,201.6951904296875,202.6699981689453,204.3500061035156,200.57000732421875,200.6000061035156,54672600
2025-06-11,197.8238983154297,198.77999877929688,204.5,198.41000366210935,203.5,60989900
2025-06-12,198.24188232421875,199.1999969482422,199.67999267578125,197.3600006103516,199.0800018310547,43904600
2025-06-13,195.50509643554688,196.4499969482422,200.3699951171875,195.6999969482422,199.72999572753903,51447300
2025-06-16,197.46563720703125,198.4199981689453,198.69000244140625,196.55999755859372,197.3000030517578,43020700
2025-06-17,194.6990203857422,195.63999938964844,198.38999938964844,195.2100067138672,197.1999969482422,38856200
2025-06-18,195.6344757080078,196.5800018310547,197.57000732421875,195.07000732421875,195.94000244140625,45394700
2025-06-20,200.03321838378903,201.0,201.6999969482422,196.8600006103516,198.2400054931641,96813500
2025-06-23,200.53082275390625,201.5,202.3000030517578,198.9600067138672,201.6300048828125,55814300
2025-06-24,199.3365936279297,200.3000030517578,203.44000244140625,200.1999969482422,202.58999633789065,54064000
2025-06-25,200.5905303955078,201.55999755859372,203.6699981689453,200.6199951171875,201.4499969482422,39525700
2025-06-26,200.03321838378903,201.0,202.63999938964844,199.4600067138672,201.42999267578125,50799100
2025-06-27,200.1128387451172,201.0800018310547,203.22000122070312,200.0,201.88999938964844,73188600
2025-06-30,204.1831512451172,205.1699981689453,207.38999938964844,199.25999450683597,202.00999450683597,91912800
2025-07-01,206.82041931152344,207.82000732421875,210.19000244140625,206.13999938964844,206.6699981689453,78788900
2025-07-02,211.41819763183597,212.44000244140625,213.33999633789065,208.13999938964844,208.91000366210935,67941800
2025-07-03,212.5228576660156,213.5500030517578,214.6499938964844,211.80999755859372,212.1499938964844,34955800
2025-07-07,208.940185546875,209.9499969482422,216.22999572753903,208.8000030517578,212.67999267578125,50229000
2025-07-08,208.99986267089844,210.00999450683597,211.42999267578125,208.4499969482422,210.1000061035156,42848900
2025-07-09,210.12445068359372,211.13999938964844,211.3300018310547,207.22000122070312,209.52999877929688,48749400
2025-07-10,211.3883514404297,212.41000366210935,213.47999572753903,210.02999877929688,210.50999450683597,44443600
2025-07-11,210.14434814453125,211.16000366210935,212.1300048828125,209.8600006103516,210.57000732421875,39765800
2025-07-14,207.6165771484375,208.6199951171875,210.91000366210935,207.5399932861328,209.92999267578125,38840100
2025-07-15,208.1042022705078,209.1100006103516,211.88999938964844,208.9199981689453,209.22000122070312,42296300
2025-07-16,209.149169921875,210.16000366210935,212.3999938964844,208.63999938964844,210.3000030517578,47490500
2025-07-17,209.0098571777344,210.0200042724609,211.8000030517578,209.58999633789065,210.57000732421875,48068100
2025-07-18,210.1642608642578,211.17999267578125,211.7899932861328,209.6999969482422,210.8699951171875,48974600
2025-07-21,211.4580078125,212.47999572753903,215.77999877929688,211.6300048828125,212.1000061035156,51377400
2025-07-22,213.36875915527344,214.3999938964844,214.9499969482422,212.22999572753903,213.13999938964844,46404100
2025-07-23,213.11996459960935,214.1499938964844,215.1499938964844,212.41000366210935,215.0,46989300
2025-07-24,212.7318572998047,213.75999450683597,215.69000244140625,213.52999877929688,213.8999938964844,46022600
2025-07-25,212.8512725830078,213.8800048828125,215.2400054931641,213.3999938964844,214.6999969482422,40268800
2025-07-28,213.02044677734372,214.0500030517578,214.8500061035156,213.05999755859372,214.02999877929688,37858000
2025-07-29,210.25384521484372,211.2700042724609,214.80999755859372,210.82000732421875,214.17999267578125,51411700
2025-07-30,208.04449462890625,209.0500030517578,212.38999938964844,207.72000122070312,211.8999938964844,45512500
2025-07-31,206.57162475585935,207.57000732421875,209.83999633789065,207.16000366210935,208.4900054931641,80698400
2025-08-01,201.40658569335935,202.3800048828125,213.5800018310547,201.5,210.8699951171875,104434500
2025-08-04,202.37191772460935,203.3500061035156,207.8800048828125,201.67999267578125,204.50999450683597,75109300
2025-08-05,201.94400024414065,202.9199981689453,205.33999633789065,202.16000366210935,203.3999938964844,44155100
2025-08-06,212.2242889404297,213.25,215.3800048828125,205.58999633789065,205.6300048828125,108483100
2025-08-07,218.9716796875,220.02999877929688,220.8500061035156,216.5800018310547,218.8800048828125,90224800
2025-08-08,228.2468719482422,229.3500061035156,231.0,219.25,220.8300018310547,113854000
2025-08-11,226.3438873291016,227.17999267578125,229.55999755859372,224.75999450683597,227.9199981689453,61806100
2025-08-12,228.80479431152344,229.6499938964844,230.8000030517578,227.07000732421875,228.00999450683597,55626200
2025-08-13,232.47125244140625,233.3300018310547,235.0,230.42999267578125,231.07000732421875,69878500
2025-08-14,231.92327880859372,232.77999877929688,235.1199951171875,230.8500061035156,234.05999755859372,51916300
2025-08-15,230.73764038085935,231.58999633789065,234.27999877929688,229.33999633789065,234.0,56038700
2025-08-18,230.04022216796875,230.88999938964844,233.1199951171875,230.1100006103516,231.6999969482422,37476200
2025-08-19,229.71144104003903,230.55999755859372,232.8699951171875,229.3500061035156,231.27999877929688,39402600
2025-08-20,225.1782073974609,226.00999450683597,230.47000122070312,225.7700042724609,229.97999572753903,42263900
2025-08-21,224.07228088378903,224.8999938964844,226.5200042724609,223.77999877929688,226.2700042724609,30621200
2025-08-22,226.92176818847656,227.75999450683597,229.08999633789065,225.41000366210935,226.1699981689453,42477800
2025-08-25,226.323974609375,227.16000366210935,229.3000030517578,226.22999572753903,226.47999572753903,30983100
2025-08-26,228.46604919433597,229.30999755859372,229.4900054931641,224.69000244140625,226.8699951171875,54575100
2025-08-27,229.6417236328125,230.4900054931641,230.8999938964844,228.25999450683597,228.6100006103516,31259500
2025-08-28,231.7040863037109,232.55999755859372,233.41000366210935,229.33999633789065,230.82000732421875,38074700
2025-08-29,231.2856292724609,232.13999938964844,233.3800048828125,231.3699951171875,232.50999450683597,39418400
2025-09-02,228.8745574951172,229.72000122070312,230.8500061035156,226.97000122070312,229.25,44075600
2025-09-03,237.59234619140625,238.47000122070312,238.8500061035156,234.3600006103516,237.2100067138672,66427800
2025-09-04,238.89752197265625,239.77999877929688,239.8999938964844,236.7400054931641,238.4499969482422,47549400
2025-09-05,238.80784606933597,239.69000244140625,241.32000732421875,238.4900054931641,240.0,54870400
2025-09-08,237.0045166015625,237.8800048828125,240.1499938964844,236.33999633789065,239.3000030517578,48999500
2025-09-09,233.48751831054688,234.3500061035156,238.77999877929688,233.3600006103516,237.0,66313900
2025-09-10,225.955322265625,226.7899932861328,232.4199981689453,225.9499969482422,232.19000244140625,83440800
2025-09-11,229.18341064453125,230.02999877929688,230.4499969482422,226.6499938964844,226.8800048828125,50208600
2025-09-12,233.2085418701172,234.07000732421875,234.50999450683597,229.0200042724609,229.22000122070312,55824200
2025-09-15,235.828857421875,236.6999969482422,238.19000244140625,235.02999877929688,237.0,42699500
2025-09-16,237.27349853515625,238.1499938964844,241.22000122070312,236.32000732421875,237.17999267578125,63421100
2025-09-17,238.1104431152344,238.9900054931641,240.1000061035156,237.72999572753903,238.97000122070312,46508000
2025-09-18,237.0045166015625,237.8800048828125,241.1999969482422,236.6499938964844,239.97000122070312,44249600
2025-09-19,244.59646606445312,245.5,246.3000030517578,240.2100067138672,241.22999572753903,163741300
2025-09-22,255.13751220703125,256.0799865722656,256.6400146484375,248.1199951171875,248.3000030517578,105517400
2025-09-23,253.4936065673828,254.42999267578125,257.3399963378906,253.5800018310547,255.8800048828125,60275200
2025-09-24,251.3813934326172,252.30999755859372,255.7400054931641,251.0399932861328,255.22000122070312,42303700
2025-09-25,255.9246063232422,256.8699951171875,257.1700134277344,251.7100067138672,253.2100067138672,55202100
2025-09-26,254.51980590820312,255.4600067138672,257.6000061035156,253.77999877929688,254.1000061035156,46076300
2025-09-29,253.4936065673828,254.42999267578125,255.0,253.00999450683597,254.55999755859372,40127700
2025-09-30,253.6928558349609,254.6300048828125,255.9199981689453,253.1100006103516,254.8600006103516,37704300
2025-10-01,254.5098419189453,255.4499969482422,258.7900085449219,254.92999267578125,255.0399932861328,48713900
2025-10-02,256.1836853027344,257.1300048828125,258.17999267578125,254.1499938964844,256.5799865722656,42630200
2025-10-03,257.07037353515625,258.0199890136719,259.239990234375,253.9499969482422,254.6699981689453,49155600
2025-10-06,255.74526977539065,256.69000244140625,259.07000732421875,255.0500030517578,257.989990234375,44664100
2025-10-07,255.53607177734372,256.4800109863281,257.3999938964844,255.42999267578125,256.8099975585937,31955800
2025-10-08,257.1102294921875,258.0599975585937,258.5199890136719,256.1099853515625,256.5199890136719,36496900
2025-10-09,253.10504150390625,254.0399932861328,258.0,253.13999938964844,257.8099975585937,38322000
2025-10-10,244.3673095703125,245.2700042724609,256.3800048828125,244.0,254.94000244140625,61999100
2025-10-13,246.7485198974609,247.66000366210935,249.69000244140625,245.55999755859372,249.3800048828125,38142900
2025-10-14,246.85812377929688,247.7700042724609,248.8500061035156,244.6999969482422,246.6000061035156,35478000
2025-10-15,248.4223175048828,249.33999633789065,251.82000732421875,247.47000122070312,249.4900054931641,33893600
2025-10-16,246.53929138183597,247.4499969482422,249.0399932861328,245.1300048828125,248.25,39777000
2025-10-17,251.36148071289065,252.2899932861328,253.3800048828125,247.2700042724609,248.0200042724609,49147000
2025-10-20,261.2748413085937,262.239990234375,264.3800048828125,255.6300048828125,255.88999938964844,90483000
2025-10-21,261.8028564453125,262.7699890136719,265.2900085449219,261.8299865722656,261.8800048828125,46695900
2025-10-22,257.498779296875,258.45001220703125,262.8500061035156,255.42999267578125,262.6499938964844,45015300
2025-10-23,258.6246032714844,259.5799865722656,260.6199951171875,258.010009765625,259.94000244140625,32754900
2025-10-24,261.8527526855469,262.82000732421875,264.1300048828125,259.17999267578125,261.19000244140625,38253700
2025-10-27,267.8207092285156,268.8099975585937,269.1199951171875,264.6499938964844,264.8800048828125,44888200
2025-10-28,268.0099792480469,269.0,269.8900146484375,268.1499938964844,268.989990234375,41534800
2025-10-29,268.7074279785156,269.70001220703125,271.4100036621094,267.1099853515625,269.2799987792969,51086700
2025-10-30,270.4011535644531,271.3999938964844,274.1400146484375,268.4800109863281,271.989990234375,69886500
2025-10-31,269.3749389648437,270.3699951171875,277.32000732421875,269.1600036621094,276.989990234375,86167100
2025-11-03,268.05975341796875,269.04998779296875,270.8500061035156,266.25,270.4200134277344,50194600
2025-11-04,269.0461730957031,270.0400085449219,271.489990234375,267.6199951171875,268.3299865722656,49274800
2025-11-05,269.14581298828125,270.1400146484375,271.70001220703125,266.92999267578125,268.6099853515625,43683100
2025-11-06,268.7771301269531,269.7699890136719,273.3999938964844,267.8900146484375,267.8900146484375,51204000
2025-11-07,267.48193359375,268.4700012207031,272.2900085449219,266.7699890136719,269.79998779296875,48227400
2025-11-10,268.6986083984375,269.42999267578125,273.7300109863281,267.4599914550781,268.9599914550781,41312400
2025-11-11,274.5028381347656,275.25,275.9100036621094,269.79998779296875,269.8099975585937,46208300
2025-11-12,272.7276306152344,273.4700012207031,275.7300109863281,271.70001220703125,275.0,48398000
2025-11-13,272.2090759277344,272.95001220703125,276.70001220703125,272.0899963378906,274.1099853515625,49602800
2025-11-14,271.6705322265625,272.4100036621094,275.9599914550781,269.6000061035156,271.04998779296875,47431300
2025-11-17,266.73394775390625,267.4599914550781,270.489990234375,265.7300109863281,268.82000732421875,45018300
2025-11-18,266.7140197753906,267.44000244140625,270.7099914550781,265.32000732421875,269.989990234375,45677300
2025-11-19,267.8309631347656,268.5599975585937,272.2099914550781,265.5,265.5299987792969,40424500
2025-11-20,265.5272521972656,266.25,275.42999267578125,265.9200134277344,270.8299865722656,45823600
2025-11-21,270.7530212402344,271.489990234375,273.3299865722656,265.6700134277344,265.95001220703125,59030800
2025-11-24,275.1710205078125,275.9200134277344,277.0,270.8999938964844,270.8999938964844,65585800
2025-11-25,276.2181396484375,276.9700012207031,280.3800048828125,275.25,275.2699890136719,46914200
2025-11-26,276.79656982421875,277.54998779296875,279.5299987792969,276.6300048828125,276.9599914550781,33431400
2025-11-28,278.093017578125,278.8500061035156,279.0,275.989990234375,277.260009765625,20135600
2025-12-01,282.3314819335937,283.1000061035156,283.4200134277344,276.1400146484375,278.010009765625,46587700
2025-12-02,285.4131164550781,286.19000244140625,287.3999938964844,282.6300048828125,283.0,53669500
2025-12-03,283.378662109375,284.1499938964844,288.6199951171875,283.29998779296875,286.20001220703125,43538700
2025-12-04,279.93804931640625,280.70001220703125,284.7300109863281,278.5899963378906,284.1000061035156,43989100
2025-12-05,278.02325439453125,278.7799987792969,281.1400146484375,278.04998779296875,280.5400085449219,47265800
2025-12-08,277.1356506347656,277.8900146484375,279.6700134277344,276.1499938964844,278.1300048828125,38211800
2025-12-09,276.4275817871094,277.17999267578125,280.0299987792969,276.9200134277344,278.1600036621094,32193300
2025-12-10,278.02325439453125,278.7799987792969,279.75,276.44000244140625,277.75,33038300
2025-12-11,277.2752380371094,278.0299987792969,279.5899963378906,273.8099975585937,279.1000061035156,33248000
2025-12-12,277.52459716796875,278.2799987792969,279.2200012207031,276.82000732421875,277.8999938964844,39532900
2025-12-15,273.3658752441406,274.1099853515625,280.1499938964844,272.8399963378906,280.1499938964844,50409100
2025-12-16,273.8645324707031,274.6099853515625,275.5,271.7900085449219,272.82000732421875,37648600
2025-12-17,271.10205078125,271.8399963378906,276.1600036621094,271.6400146484375,275.010009765625,50138700
2025-12-18,271.4511108398437,272.19000244140625,273.6300048828125,266.95001220703125,273.6099853515625,51630700
2025-12-19,272.9271240234375,273.6700134277344,274.6000061035156,269.8999938964844,272.1499938964844,144632000
2025-12-22,270.2344665527344,270.9700012207031,273.8800048828125,270.510009765625,272.8599853515625,36571800
2025-12-23,271.62066650390625,272.3599853515625,272.5,269.5599975585937,270.8399963378906,29642000
2025-12-24,273.0667419433594,273.8099975585937,275.42999267578125,272.20001220703125,272.3399963378906,17910600
2025-12-26,272.6578063964844,273.3999938964844,275.3699951171875,272.8599853515625,274.1600036621094,21521800
2025-12-29,273.0168762207031,273.760009765625,274.3599853515625,272.3500061035156,272.69000244140625,23715200
2025-12-30,272.33868408203125,273.0799865722656,274.0799865722656,272.2799987792969,272.8099975585937,22139600
2025-12-31,271.1220092773437,271.8599853515625,273.67999267578125,271.75,273.0599975585937,27293600
