Date,Adj Close,Close,High,Low,Open,Volume
2021-01-04,85.49296569824219,86.30650329589844,88.12449645996094,85.35700225830078,88.0,37324000
2021-01-05,86.18241119384766,87.00250244140625,87.34149932861328,85.84500122070312,86.25450134277344,20360000
2021-01-06,85.33199310302734,86.14399719238281,87.19850158691406,84.80500030517578,85.01300048828125,46588000
2021-01-07,87.8807601928711,88.71700286865234,88.89099884033203,86.33799743652344,86.33799743652344,41936000
2021-01-08,89.04417419433594,89.8915023803711,89.96800231933594,88.06099700927734,88.85800170898438,35484000
2021-01-11,86.98676300048828,87.81449890136719,89.21900177001953,87.60700225830078,88.85099792480469,34796000
2021-01-12,86.0526351928711,86.87149810791016,88.3949966430664,85.81900024414062,87.26799774169922,29528000
2021-01-13,86.53902435302734,87.36250305175781,87.81950378417969,86.36599731445312,86.36599731445312,23432000
2021-01-14,85.73021697998047,86.5459976196289,88.37750244140625,86.30349731445312,87.44349670410156,29212000
2021-01-15,85.56678771972656,86.38099670410156,87.38099670410156,85.58550262451172,86.45099639892578,31444000
2021-01-19,88.38247680664062,89.22350311279297,90.19200134277344,86.6415023803711,87.1500015258789,41660000
2021-01-20,93.117431640625,94.00350189208984,94.98600006103516,90.97550201416016,91.31849670410156,64152000
2021-01-21,93.31950378417969,94.2074966430664,96.60399627685547,93.97049713134766,94.68250274658203,58634000
2021-01-22,93.73603057861328,94.62799835205078,95.21949768066406,93.82499694824219,94.572998046875,32744000
2021-01-25,93.82121276855469,94.71399688720703,96.09100341796875,92.95800018310547,95.63700103759766,50586000
2021-01-26,94.49828338623047,95.39749908447266,95.7874984741211,93.80650329589844,94.29949951171875,31462000
2021-01-27,90.08973693847656,90.9469985961914,94.02349853515625,89.86399841308594,93.74549865722656,82512000
2021-01-28,91.7865982055664,92.66000366210938,94.39949798583984,91.55000305175781,91.55000305175781,55278000
2021-01-29,90.50676727294922,91.36799621582031,92.37699890136719,90.0780029296875,91.70099639892578,44530000
2021-02-01,93.76129913330078,94.65350341796875,95.7770004272461,92.22949981689453,92.22949981689453,40252000
2021-02-02,95.051513671875,95.95600128173828,97.46849822998047,95.31849670410156,95.65650177001953,66332000
2021-02-03,101.9736557006836,102.94400024414062,105.33100128173828,100.67749786376953,103.28050231933594,97882000
2021-02-04,101.71361541748047,102.68150329589844,103.46499633789062,101.75499725341797,103.03099822998047,48596000
2021-02-05,103.45702362060547,104.44149780273438,104.7969970703125,102.5,102.97799682617188,29866000
2021-02-08,103.24357604980469,104.22599792480469,105.75,103.1675033569336,105.0,28828000
2021-02-09,102.79137420654297,103.76950073242188,104.92549896240234,103.5,103.73999786376953,21892000
2021-02-10,103.34064483642578,104.3239974975586,104.94400024414062,102.61199951171875,104.15699768066406,25102000
2021-02-11,103.45307922363281,104.4375,104.69999694824219,103.44300079345703,104.55000305175781,20480000
2021-02-12,103.76410675048828,104.75150299072266,104.9749984741211,103.67849731445312,103.9885025024414,18990000
2021-02-16,104.54022216796875,105.53500366210938,107.25700378417969,104.5875015258789,104.5875015258789,31004000
2021-02-17,104.93250274658203,105.93099975585938,106.12200164794922,104.4175033569336,104.6989974975586,20294000
2021-02-18,104.29802703857422,105.29049682617188,106.09950256347656,104.66649627685547,105.25,22546000
2021-02-19,103.45603942871094,104.44049835205078,105.92900085449219,104.17150115966797,105.3895034790039,37938000
2021-02-22,101.74482727050781,102.71299743652344,104.0165023803711,102.4000015258789,102.68000030517578,29466000
2021-02-23,102.03504943847656,103.00599670410156,103.625,99.5114974975586,100.69950103759766,34658000
2021-02-24,103.20840454101562,104.19049835205078,104.41600036621094,101.37650299072266,101.50199890136719,22608000
2021-02-25,99.84737396240234,100.79750061035156,104.1500015258789,100.32450103759766,102.79650115966797,41548000
2021-02-26,100.14257049560547,101.09549713134766,102.82599639892578,100.05049896240234,101.49749755859375,40042000
2021-03-01,102.50757598876953,103.48300170898438,103.8115005493164,101.72100067138672,102.4000015258789,26060000
2021-03-02,102.25101470947266,103.2239990234375,104.73699951171875,102.83350372314453,103.24199676513672,25564000
2021-03-03,99.62251281738281,100.57050323486328,103.79949951171875,99.69999694824219,102.59750366210938,33892000
2021-03-04,100.7379150390625,101.69650268554688,103.72949981689453,100.27149963378906,100.74349975585938,49216000
2021-03-05,103.86515045166016,104.85350036621094,105.30999755859375,101.38899993896484,103.05750274658203,53100000
2021-03-08,99.42887115478516,100.375,105.68699645996094,100.2594985961914,104.2030029296875,36868000
2021-03-09,101.0563735961914,102.01799774169922,103.19599914550781,101.77999877929688,102.48750305175781,33920000
2021-03-10,100.84983825683594,101.80950164794922,103.06999969482422,100.96649932861328,103.06999969482422,27100000
2021-03-11,104.03701782226562,105.0270004272461,105.5634994506836,102.82250213623047,102.91100311279297,27702000
2021-03-12,101.53385162353516,102.5,103.88050079345703,101.62100219726562,103.82050323486328,33818000
2021-03-15,101.75374603271484,102.72200012207031,102.74949645996094,101.3895034790039,102.2490005493164,26168000
2021-03-16,103.21236419677734,104.19450378417969,105.68399810791016,102.9645004272461,103.29949951171875,31900000
2021-03-17,103.129638671875,104.11100006103516,104.94999694824219,102.20600128173828,103.42350006103516,26382000
2021-03-18,100.11434173583984,101.06700134277344,103.4375,100.95899963378906,102.40899658203125,31700000
2021-03-19,100.3927001953125,101.3479995727539,101.85199737548828,100.14649963378906,101.48650360107422,46072000
2021-03-22,100.57743835449219,101.53450012207031,102.41699981689453,100.69999694824219,101.38150024414062,33536000
2021-03-23,101.10442352294922,102.06649780273438,103.20549774169922,101.4000015258789,101.99749755859375,28510000
2021-03-24,100.66857147216797,101.62650299072266,103.37999725341797,101.44999694824219,102.58799743652344,25218000
2021-03-25,100.66509246826172,101.62300109863281,102.28199768066406,99.80449676513672,101.45249938964844,35616000
2021-03-26,100.2822494506836,101.23650360107422,101.96949768066406,100.19249725341797,101.5895004272461,27978000
2021-03-29,101.32530212402344,102.28949737548828,102.46050262451172,100.27249908447266,101.10800170898438,26492000
2021-03-30,101.35900115966797,102.32350158691406,103.13349914550781,101.80750274658203,102.64900207519531,27312000
2021-03-31,102.15392303466797,103.1259994506836,104.31300354003906,102.3499984741211,102.72000122070312,42570000
2021-04-01,105.48521423339844,106.48899841308594,106.7874984741211,104.57150268554688,104.61250305175781,39880000
2021-04-05,109.9021987915039,110.947998046875,111.44950103759766,107.260498046875,107.35749816894531,48510000
2021-04-06,109.4217758178711,110.46299743652344,111.4000015258789,110.0895004272461,110.5459976196289,35240000
2021-04-07,110.89625549316406,111.95149993896484,112.2249984741211,110.65499877929688,110.65499877929688,24134000
2021-04-08,111.46087646484375,112.52149963378906,113.5895004272461,112.15049743652344,113.19999694824219,28664000
2021-04-09,112.46333312988281,113.53350067138672,113.69850158691406,111.86299896240234,112.27200317382812,26146000
2021-04-12,111.1731185913086,112.23100280761719,112.84449768066406,111.39099884033203,112.70600128173828,25024000
2021-04-13,111.65898132324219,112.72149658203125,113.17350006103516,112.15249633789062,112.54949951171875,25682000
2021-04-14,111.03888702392578,112.09549713134766,113.37149810791016,111.8010025024414,113.37149810791016,21002000
2021-04-15,113.18546295166016,114.26249694824219,114.80000305175781,112.55850219726562,113.09750366210938,29174000
2021-04-16,113.06163787841797,114.13749694824219,114.71199798583984,113.5459976196289,114.46199798583984,26282000
2021-04-19,113.4088363647461,114.48799896240234,115.20449829101562,113.50900268554688,113.50900268554688,30290000
2021-04-20,112.87640380859375,113.95050048828125,114.94999694824219,112.85600280761719,114.87449645996094,22288000
2021-04-21,112.84371948242188,113.9175033569336,114.0,112.24099731445312,113.60250091552734,23204000
2021-04-22,111.56438446044922,112.6259994506836,114.44400024414062,112.01599884033203,113.7699966430664,24146000
2021-04-23,113.91253662109375,114.99649810791016,115.30599975585938,113.0625,113.3499984741211,29066000
2021-04-26,114.40782928466797,115.49649810791016,116.22650146484375,114.86599731445312,115.22599792480469,32038000
2021-04-27,113.4692611694336,114.54900360107422,115.92250061035156,114.30799865722656,115.88150024414062,44386000
2021-04-28,116.84017944335938,117.9520034790039,121.56900024414062,117.66100311279297,119.625,81106000
2021-04-29,118.51029205322266,119.63800048828125,120.20800018310547,118.69249725341797,119.46150207519531,41234000
2021-04-30,116.56580352783203,117.67500305175781,119.09249877929688,117.3280029296875,118.4010009765625,44856000
2021-05-03,116.04971313476562,117.15399932861328,119.07749938964844,116.7750015258789,118.24549865722656,28242000
2021-05-04,114.25428771972656,115.34149932861328,116.24949645996094,112.83399963378906,115.67749786376953,44818000
2021-05-05,114.64755249023438,115.7385025024414,116.75,115.41400146484375,116.43150329589844,26636000
2021-05-06,115.76591491699219,116.86750030517578,116.86750030517578,114.6520004272461,115.31649780273438,25190000
2021-05-07,116.48802947998047,117.59649658203125,118.5625,117.30799865722656,118.19450378417969,28898000
2021-05-10,113.50740051269531,114.5875015258789,116.55000305175781,114.22699737548828,116.40699768066406,30914000
2021-05-11,112.43311309814453,113.50299835205078,114.01399993896484,111.69599914550781,112.15350341796875,34186000
2021-05-12,108.97552490234375,110.01249694824219,112.39900207519531,109.68099975585938,111.30950164794922,46376000
2021-05-13,110.40145111083984,111.4520034790039,111.97200012207031,110.33599853515625,111.30599975585938,33204000
2021-05-14,112.8451919555664,113.91899871826172,114.23600006103516,112.5,112.927001953125,31996000
2021-05-17,113.36724090576172,114.44599914550781,114.48899841308594,112.77549743652344,113.17849731445312,21598000
2021-05-18,112.05718994140625,113.12349700927734,115.38400268554688,113.1094970703125,115.11750030517578,22204000
2021-05-19,112.50444030761719,113.57499694824219,113.74949645996094,111.27200317382812,111.42150115966797,23684000
2021-05-20,114.2602310180664,115.34750366210938,115.5999984741211,114.1760025024414,114.55000305175781,32352000
2021-05-21,113.62527465820312,114.70649719238281,115.94450378417969,114.46499633789062,115.87049865722656,40632000
2021-05-24,116.93923950195312,118.052001953125,118.27749633789062,115.5979995727539,115.74449920654297,31832000
2021-05-25,117.0298843383789,118.14350128173828,119.19999694824219,117.75,118.5999984741211,22440000
2021-05-26,117.89366149902344,119.0155029296875,119.44950103759766,118.322998046875,118.32599639892578,21572000
2021-05-27,117.0204849243164,118.13400268554688,119.45249938964844,117.81300354003906,119.45249938964844,35224000
2021-05-28,116.73171997070312,117.84249877929688,118.80349731445312,117.64250183105469,118.72100067138672,21482000
2021-06-01,117.93675231933594,119.05899810791016,119.2854995727539,117.71399688720703,118.72200012207031,23354000
2021-06-02,117.4122314453125,118.52950286865234,119.68199920654297,117.61799621582031,119.4574966430664,21158000
2021-06-03,116.2725830078125,117.37899780273438,117.85099792480469,116.47599792480469,117.2864990234375,18696000
2021-06-04,118.5504150390625,119.67849731445312,119.95149993896484,118.12049865722656,118.4635009765625,24458000
2021-06-07,118.9827880859375,120.11499786376953,120.22550201416016,119.05000305175781,119.47200012207031,24120000
2021-06-08,118.79161071777344,119.9219970703125,120.97599792480469,119.73899841308594,120.60050201416016,24240000
2021-06-09,119.26213836669922,120.39700317382812,120.64399719238281,119.84500122070312,120.57150268554688,17942000
2021-06-10,120.60883331298828,121.75650024414062,121.80000305175781,120.18900299072266,120.34600067138672,25904000
2021-06-11,120.36465454101562,121.51000213623047,122.08599853515625,120.947998046875,122.0,21958000
2021-06-14,121.29132843017578,122.44550323486328,122.44599914550781,120.9000015258789,121.61299896240234,22098000
2021-06-15,120.2750015258789,121.41950225830078,122.77549743652344,121.05599975585938,122.44999694824219,21562000
2021-06-16,119.63410949707031,120.77249908447266,121.88600158691406,119.47000122070312,121.5719985961914,26472000
2021-06-17,120.595947265625,121.74349975585938,122.52249908447266,120.5,120.69750213623047,25842000
2021-06-18,118.97883605957031,120.11100006103516,121.60299682617188,120.01499938964844,121.36699676513672,46116000
2021-06-21,120.66429138183594,121.8125,122.0,119.89849853515625,120.50050354003906,27414000
2021-06-22,121.17741394042969,122.33049774169922,122.4000015258789,121.06400299072266,121.75,22390000
2021-06-23,120.975830078125,122.12699890136719,123.09549713134766,121.83450317382812,122.09349822998047,19148000
2021-06-24,121.3453140258789,122.5,123.05549621582031,122.30000305175781,122.69999694824219,21362000
2021-06-25,121.35372924804688,122.50849914550781,122.63300323486328,121.56500244140625,122.0,34594000
2021-06-28,121.38097381591797,122.53600311279297,122.78500366210938,121.40550231933594,122.67849731445312,28526000
2021-06-29,121.11994934082031,122.27249908447266,123.02100372314453,121.69100189208984,122.67050170898438,23108000
2021-06-30,120.93868255615234,122.0895004272461,122.25700378417969,121.35449981689453,121.99449920654297,24474000
2021-07-01,121.29034423828125,122.44450378417969,122.58699798583984,121.53150177001953,121.7249984741211,18110000
2021-07-02,124.07682037353516,125.25749969482422,125.40399932861328,123.05950164794922,123.1500015258789,25982000
2021-07-06,125.00054168701172,126.19000244140625,126.4280014038086,124.5824966430664,125.64849853515625,26404000
2021-07-07,125.28184509277344,126.4739990234375,127.28399658203125,126.15299987792969,127.16200256347656,24060000
2021-07-08,123.8653335571289,125.04399871826172,125.59549713134766,124.02200317382812,124.0260009765625,23790000
2021-07-09,124.33536529541016,125.51850128173828,125.7344970703125,124.55149841308594,125.0250015258789,18632000
2021-07-12,125.77862548828125,126.97550201416016,127.06950378417969,125.61100006103516,126.1780014038086,17668000
2021-07-13,126.14118194580078,127.34149932861328,128.0574951171875,126.67449951171875,127.03849792480469,19240000
2021-07-14,127.02822875976562,128.23699951171875,129.32650756835938,127.91449737548828,127.95800018310547,23742000
2021-07-15,125.807861328125,127.00499725341797,128.6999969482422,126.52999877929688,128.6490020751953,24218000
2021-07-16,125.77318572998047,126.97000122070312,127.8115005493164,126.15350341796875,127.66300201416016,20424000
2021-07-19,123.40372467041016,124.5780029296875,126.20500183105469,123.50499725341797,126.0895004272461,27968000
2021-07-20,125.01985931396484,126.20950317382812,127.04299926757812,124.35050201416016,125.52749633789062,26312000
2021-07-21,126.34673309326172,127.54900360107422,127.59600067138672,126.02349853515625,126.13349914550781,20746000
2021-07-22,127.21100616455078,128.42149353027344,128.48300170898438,127.4990005493164,127.84400177001953,14302000
2021-07-23,131.76116943359375,133.01499938964844,133.3990020751953,129.80050659179688,130.4304962158203,41506000
2021-07-26,132.77159118652344,134.03500366210938,134.23699951171875,132.30149841308594,133.32850646972656,30572000
2021-07-27,130.65672302246094,131.89999389648438,134.3990020751953,130.10400390625,134.25050354003906,54710000
2021-07-28,134.81117248535156,136.093994140625,138.2969970703125,135.27749633789062,136.31199645996094,95130000
2021-07-29,134.49765014648438,135.77749633789062,136.66099548339844,135.54299926757812,136.14999389648438,31716000
2021-07-30,133.45657348632812,134.72650146484375,135.30450439453125,134.2550048828125,135.03500366210938,25576000
2021-08-02,133.58335876464844,134.85450744628906,135.3365020751953,133.79400634765625,135.11700439453125,21634000
2021-08-03,134.3515167236328,135.6300048828125,135.73199462890625,133.3195037841797,135.13499450683594,20762000
2021-08-04,133.851806640625,135.12550354003906,135.64950561523438,134.48699951171875,135.34950256347656,19676000
2021-08-05,134.96717834472656,136.25149536132812,136.35000610351562,134.8459930419922,135.6804962158203,17870000
2021-08-06,134.4590301513672,135.73849487304688,136.47250366210938,135.2100067138672,136.04200744628906,20488000
2021-08-09,135.62242126464844,136.91299438476562,137.1840057373047,135.33949279785156,135.9425048828125,17760000
2021-08-10,135.5174560546875,136.8070068359375,137.7725067138672,136.364501953125,137.3419952392578,19414000
2021-08-11,134.99444580078125,136.2790069580078,137.6824951171875,136.27149963378906,137.18150329589844,15352000
2021-08-12,135.9008026123047,137.19400024414062,137.3000030517578,135.42550659179688,135.97549438476562,16506000
2021-08-13,136.4292755126953,137.7274932861328,137.85650634765625,137.0330047607422,137.25,15948000
2021-08-16,137.00579833984375,138.3094940185547,138.3625030517578,135.2989959716797,137.52499389648438,22384000
2021-08-17,135.37330627441406,136.6614990234375,138.2655029296875,136.08200073242188,137.75,21716000
2021-08-18,134.17227172851562,135.44900512695312,137.10450744628906,135.32150268554688,136.5,19258000
2021-08-19,134.4010772705078,135.67999267578125,136.3524932861328,134.25,134.4355010986328,21782000
2021-08-20,136.1341094970703,137.42950439453125,137.5540008544922,135.25,136.0,31194000
2021-08-23,138.72149658203125,140.04150390625,140.87449645996094,137.6074981689453,137.96949768066406,28454000
2021-08-24,139.9299774169922,141.26150512695312,142.0800018310547,140.3385009765625,140.6114959716797,19268000
2021-08-25,140.73974609375,142.07899475097656,142.1894989013672,141.37600708007812,141.625,15848000
2021-08-26,140.10728454589844,141.4405059814453,142.41749572753906,141.35699462890625,141.75,20610000
2021-08-27,142.64662170410156,144.00399780273438,144.5124969482422,141.4969940185547,141.65249633789062,28780000
2021-08-30,143.2275848388672,144.5904998779297,145.9705047607422,144.16299438476562,144.39999389648438,24434000
2021-08-31,143.3335723876953,144.69749450683594,145.17149353027344,144.281005859375,145.14700317382812,22448000
2021-09-01,143.84671020507812,145.2154998779297,146.25399780273438,144.8834991455078,145.0,21936000
2021-09-02,141.93637084960938,143.28700256347656,145.51950073242188,143.18499755859375,145.21600341796875,32342000
2021-09-03,142.3845977783203,143.739501953125,144.15499877929688,142.40049743652344,143.08050537109375,19850000
2021-09-07,142.92054748535156,144.28050231933594,144.56500244140625,143.61900329589844,143.83450317382812,20124000
2021-09-08,142.33656311035156,143.6909942626953,144.39999389648438,143.0,144.10000610351562,18344000
2021-09-09,142.18800354003906,143.54100036621094,144.3105010986328,143.17750549316406,143.8404998779297,15314000
2021-09-10,139.54811096191406,140.87600708007812,144.718505859375,140.73800659179688,144.21249389648438,36840000
2021-09-13,140.99085998535156,142.33250427246094,142.9499969482422,141.25,141.94949340820312,22094000
2021-09-14,141.20089721679688,142.54449462890625,143.36300659179688,141.75,142.99549865722656,19674000
2021-09-15,143.06813049316406,144.42950439453125,144.45050048828125,141.34750366210938,142.77149963378906,27408000
2021-09-16,142.25636291503906,143.61000061035156,144.3000030517578,142.40150451660156,143.95050048828125,26190000
2021-09-17,139.4728240966797,140.8000030517578,143.4499969482422,140.47000122070312,143.03050231933594,53384000
2021-09-20,137.41189575195312,138.71949768066406,139.0,136.32200622558594,138.1614990234375,46518000
2021-09-21,137.72247314453125,139.0330047607422,140.01150512695312,138.2779998779297,139.74949645996094,25332000
2021-09-22,138.96121215820312,140.2834930419922,140.88699340820312,138.55149841308594,139.3040008544922,25056000
2021-09-23,139.88490295410156,141.21600341796875,141.69650268554688,140.40150451660156,140.9875030517578,20952000
2021-09-24,140.87448120117188,142.21499633789062,142.33050537109375,140.24099731445312,140.5384979248047,22984000
2021-09-27,139.7422637939453,141.07200622558594,141.93850708007812,140.0675048828125,140.80450439453125,21882000
2021-09-28,134.5496826171875,135.8300018310547,139.09649658203125,135.36000061035156,138.65499877929688,45772000
2021-09-29,133.08709716796875,134.35350036621094,137.1510009765625,133.86500549316406,136.97999572753906,30848000
2021-09-30,132.41600036621094,133.67599487304688,135.54249572753906,133.55599975585938,134.26150512695312,37996000
2021-10-01,135.2559356689453,136.54299926757812,136.91050720214844,134.072998046875,134.44749450683594,35360000
2021-10-04,132.39964294433594,133.6595001220703,135.9604949951172,131.0500030517578,135.9604949951172,51202000
2021-10-05,134.74082946777344,136.0229949951172,137.22450256347656,134.04100036621094,134.04100036621094,32404000
2021-10-06,136.26832580566406,137.56500244140625,137.75,134.5500030517578,134.75,24364000
2021-10-07,137.9126739501953,139.22500610351562,140.04200744628906,138.6510009765625,138.89199829101562,25110000
2021-10-08,138.46791076660156,139.78550720214844,140.33099365234375,139.21749877929688,139.57699584960938,26526000
2021-10-11,137.6046142578125,138.91400146484375,140.71200561523438,138.85899353027344,139.29200744628906,17954000
2021-10-12,135.16281127929688,136.44900512695312,139.5070037841797,135.75999450683594,139.47999572753906,36332000
2021-10-13,136.28515625,137.58200073242188,138.0,136.5189971923828,137.40249633789062,19654000
2021-10-14,139.82052612304688,141.1510009765625,141.33749389648438,138.8249969482422,139.4739990234375,31894000
2021-10-15,140.0354461669922,141.3679962158203,141.71800231933594,140.7550048828125,141.614501953125,30274000
2021-10-18,141.4321746826172,142.7779998779297,142.79600524902344,141.0695037841797,141.07650756835938,20396000
2021-10-19,141.88685607910156,143.23699951171875,143.66250610351562,142.60000610351562,143.3874969482422,20164000
2021-10-20,140.43267822265625,141.7689971923828,143.54600524902344,141.37649536132812,143.33799743652344,23288000
2021-10-21,140.548583984375,141.88600158691406,142.156005859375,140.5,141.7689971923828,26292000
2021-10-22,136.2698211669922,137.56649780273438,140.58299255371094,136.05599975585938,139.14999389648438,50588000
2021-10-25,136.1514434814453,137.44700622558594,138.0,135.4239959716797,137.5500030517578,34412000
2021-10-26,137.99539184570312,139.30850219726562,140.08299255371094,138.30450439453125,139.2635040283203,49236000
2021-10-27,144.83924865722656,146.21749877929688,148.64999389648438,139.40499877929688,139.40499877929688,85782000
2021-10-28,144.47421264648438,145.8489990234375,147.1580047607422,144.6269989013672,147.13450622558594,36206000
2021-10-29,146.6505126953125,148.04600524902344,148.24200439453125,144.64950561523438,145.0780029296875,43320000
2021-11-01,142.14437866210938,143.4969940185547,148.04600524902344,143.22549438476562,148.04600524902344,46924000
2021-11-02,144.06166076660156,145.4324951171875,146.60899353027344,144.3354949951172,144.57949829101562,33482000
2021-11-03,145.21615600585938,146.59800720214844,146.66900634765625,144.59100341796875,145.90049743652344,27494000
2021-11-04,146.86993408203125,148.2675018310547,149.73350524902344,146.30799865722656,147.12449645996094,38412000
2021-11-05,147.44894409179688,148.8520050048828,150.32749938964844,148.19700622558594,149.16949462890625,38354000
2021-11-08,147.62623596191406,149.031005859375,150.61500549316406,148.4304962158203,149.8249969482422,23052000
2021-11-09,147.51480102539062,148.9185028076172,149.83450317382812,147.2449951171875,149.23300170898438,19530000
2021-11-10,144.51829528808594,145.89349365234375,148.07000732421875,144.53750610351562,147.5,29970000
2021-11-11,144.3925018310547,145.76649475097656,147.53550720214844,145.60049438476562,146.489501953125,16518000
2021-11-12,147.2765655517578,148.67799377441406,148.85000610351562,145.41099548339844,146.61549377441406,22360000
2021-11-15,147.05270385742188,148.45199584960938,149.54949951171875,147.5749969482422,148.90049743652344,23508000
2021-11-16,146.4821319580078,147.87600708007812,148.7624969482422,147.3125,148.14950561523438,18904000
2021-11-17,146.65150451660156,148.0469970703125,148.5594940185547,147.24000549316406,148.02749633789062,19594000
2021-11-18,148.4261474609375,149.8385009765625,150.58050537109375,147.88450622558594,148.2415008544922,35608000
2021-11-19,147.522705078125,148.92649841308594,150.9665069580078,148.8990020751953,149.97549438476562,33682000
2021-11-22,144.92298889160156,146.302001953125,149.82949829101562,146.1475067138672,149.33250427246094,30594000
2021-11-23,144.40785217285156,145.78199768066406,146.66000366210938,144.11500549316406,146.1529998779297,27218000
2021-11-24,144.74266052246094,146.1199951171875,146.24949645996094,144.3730010986328,145.47349548339844,18040000
2021-11-26,140.8427734375,142.18299865722656,144.5574951171875,141.84249877929688,144.34849548339844,30470000
2021-11-29,144.15872192382812,145.53050231933594,146.29750061035156,143.89349365234375,144.0,32596000
2021-11-30,140.5599822998047,141.8975067138672,146.0,141.60150146484375,145.0084991455078,42068000
2021-12-01,139.72193908691406,141.05149841308594,145.95050048828125,140.91200256347656,144.0,34020000
2021-12-02,141.618408203125,142.96600341796875,143.864501953125,140.21449279785156,141.25,29194000
2021-12-03,140.6629638671875,142.00149536132812,144.39999389648438,140.30099487304688,143.68099975585938,41230000
2021-12-06,141.8056182861328,143.15499877929688,143.8524932861328,140.14999389648438,143.04049682617188,30618000
2021-12-07,145.88133239746094,147.26950073242188,147.531005859375,145.2274932861328,145.59649658203125,32240000
2021-12-08,146.7896728515625,148.18649291992188,148.39300537109375,146.406005859375,147.59649658203125,24270000
2021-12-09,146.24685668945312,147.6385040283203,149.10000610351562,147.11500549316406,147.59100341796875,23270000
2021-12-10,146.60643005371094,148.00149536132812,148.9774932861328,146.70399475097656,148.6999969482422,24458000
2021-12-13,144.4519500732422,145.82650756835938,147.97000122070312,145.5175018310547,147.781494140625,27070000
2021-12-14,142.55052185058594,143.90699768066406,144.47999572753906,141.21499633789062,143.96800231933594,38446000
2021-12-15,145.06065368652344,146.4409942626953,146.7209930419922,141.67799377441406,143.40899658203125,36370000
2021-12-16,143.08346557617188,144.44500732421875,147.677001953125,143.60699462890625,147.17050170898438,33650000
2021-12-17,140.38909912109375,141.72500610351562,143.83450317382812,141.3000030517578,142.5,50416000
2021-12-20,140.27220153808594,141.60699462890625,141.77450561523438,139.3209991455078,140.0,27192000
2021-12-21,142.12013244628906,143.47250366210938,143.86900329589844,140.50250244140625,142.05349731445312,28756000
2021-12-22,145.03489685058594,146.4149932861328,146.5,143.0675048828125,143.0675048828125,26322000
2021-12-23,145.5316619873047,146.91650390625,148.24349975585938,146.45199584960938,146.5,26384000
2021-12-27,146.51231384277344,147.906494140625,148.343994140625,147.16949462890625,147.25599670410156,15976000
2021-12-28,145.30433654785156,146.68699645996094,148.2989959716797,146.05450439453125,148.23599243164062,18200000
2021-12-29,145.27264404296875,146.65499877929688,147.41700744628906,145.6475067138672,146.64450073242188,17788000
2021-12-30,144.82241821289062,146.20050048828125,147.3000030517578,145.9945068359375,146.69400024414062,15688000
2021-12-31,143.4866485595703,144.8520050048828,146.69850158691406,144.8520050048828,146.0500030517578,18136000
2022-01-03,143.62484741210938,144.9915008544922,145.8509979248047,143.71299743652344,145.05499267578125,28646000
2022-01-04,143.03842163085938,144.39950561523438,146.48500061035156,143.7165069580078,145.39599609375,28400000
2022-01-05,136.47633361816406,137.77499389648438,144.49949645996094,137.68800354003906,144.4199981689453,54618000
2022-01-06,136.44908142089844,137.74749755859375,139.94000244140625,136.55850219726562,136.99850463867188,37348000
2022-01-07,135.72547912597656,137.01699829101562,138.44850158691406,135.76649475097656,138.14549255371094,29760000
2022-01-10,137.36239624023438,138.66949462890625,138.8195037841797,133.1645050048828,135.0780029296875,44408000
2022-01-11,138.41883850097656,139.73599243164062,140.21600341796875,136.6925048828125,138.0070037841797,28730000
2022-01-12,140.0973663330078,141.4304962158203,142.60800170898438,140.6945037841797,141.14999389648438,26108000
2022-01-13,137.28067016601562,138.58700561523438,142.85000610351562,138.40899658203125,141.5399932861328,31436000
2022-01-14,138.16575622558594,139.48049926757812,140.74200439453125,136.99850463867188,137.07899475097656,29662000
2022-01-18,134.71609497070312,135.9980010986328,137.13150024414062,135.43850708007812,136.1750030517578,34872000
2022-01-19,133.84288024902344,135.1165008544922,137.95950317382812,135.0155029296875,136.52349853515625,28648000
2022-01-20,132.05091857910156,133.3074951171875,137.62600708007812,132.96449279785156,136.25,29908000
2022-01-21,129.12278747558594,130.35150146484375,134.86549377441406,130.0865020751953,132.593505859375,55652000
2022-01-24,129.57102966308594,130.8040008544922,131.2030029296875,124.5,125.97799682617188,76622000
2022-01-25,125.7385025024414,126.93499755859375,129.3990020751953,126.50050354003906,128.74000549316406,46960000
2022-01-26,128.0148468017578,129.23300170898438,133.0,127.14199829101562,131.11900329589844,49130000
2022-01-27,127.78900909423828,129.0050048828125,132.65249633789062,128.9324951171875,131.3040008544922,31950000
2022-01-28,132.0940399169922,133.3509979248047,133.35650634765625,128.48500061035156,129.65899658203125,34362000
2022-01-31,134.0281219482422,135.30349731445312,135.47300720214844,132.20950317382812,134.16200256347656,39986000
2022-02-01,136.34657287597656,137.6439971923828,137.79299926757812,134.36849975585938,137.59449768066406,68644000
2022-02-02,146.6049346923828,148.0,151.54649353027344,145.5225067138672,151.25,123200000
2022-02-03,141.7412567138672,143.08999633789062,149.6750030517578,142.66549682617188,145.70550537109375,71518000
2022-02-04,141.94232177734375,143.29299926757812,144.875,140.51499938964844,143.4445037841797,57998000
2022-02-07,137.8888702392578,139.2010040283203,144.25,138.89999389648438,144.25,54974000
2022-02-08,138.08502197265625,139.3990020751953,140.0,137.01400756835938,139.02650451660156,54284000
2022-02-09,140.2573699951172,141.5919952392578,142.52450561523438,140.18699645996094,140.9635009765625,40144000
2022-02-10,137.31338500976562,138.6199951171875,141.4844970703125,137.95700073242188,139.70350646972656,39330000
2022-02-11,133.01675415039062,134.28250122070312,139.156494140625,133.39999389648438,138.60000610351562,39958000
2022-02-14,134.24853515625,135.5260009765625,136.3000030517578,133.25650024414062,133.25650024414062,34302000
2022-02-15,135.32081604003906,136.60850524902344,138.10850524902344,135.82150268554688,137.57049560546875,26680000
2022-02-16,136.439697265625,137.73800659179688,138.08599853515625,134.9239959716797,136.64649963378906,25022000
2022-02-17,131.28970336914062,132.53900146484375,137.11349487304688,132.47850036621094,136.2429962158203,38950000
2022-02-18,129.17379760742188,130.4029998779297,134.07000732421875,130.19650268554688,133.4669952392578,45620000
2022-02-22,128.58990478515625,129.81350708007812,132.1804962158203,128.22349548339844,129.83799743652344,44990000
2022-02-23,126.3853530883789,127.58799743652344,132.05099487304688,127.52749633789062,131.64849853515625,32786000
2022-02-24,131.4402313232422,132.6909942626953,133.0,124.95349884033203,124.95349884033203,54456000
2022-02-25,133.19210815429688,134.45950317382812,135.27149963378906,131.75149536132812,133.552001953125,36406000
2022-02-28,133.78395080566406,135.0570068359375,135.75149536132812,132.59249877929688,133.0500030517578,38864000
2022-03-01,132.79783630371094,134.06149291992188,136.2554931640625,133.218505859375,134.8784942626953,26496000
2022-03-02,133.3030548095703,134.57150268554688,135.2624969482422,133.07150268554688,134.6280059814453,23520000
2022-03-03,132.63739013671875,133.89950561523438,136.4394989013672,133.02549743652344,136.00999450683594,24604000
2022-03-04,130.6631317138672,131.906494140625,133.85150146484375,130.33749389648438,132.92750549316406,30430000
2022-03-07,125.187255859375,126.37850189208984,131.73500061035156,126.29499816894531,131.48800659179688,45112000
2022-03-08,125.90641784667969,127.10449981689453,131.25,125.67449951171875,126.25,40428000
2022-03-09,132.16241455078125,133.4199981689453,133.73550415039062,129.90049743652344,131.25,37026000
2022-03-10,131.18124389648438,132.42950439453125,133.27200317382812,130.91250610351562,131.26600646972656,27102000
2022-03-11,128.64633178710938,129.87049865722656,133.79550170898438,129.63150024414062,133.48849487304688,31526000
2022-03-14,124.76377868652344,125.95099639892578,130.40899658203125,125.2750015258789,130.25,38812000
2022-03-15,127.98018646240234,129.197998046875,129.85450744628906,125.72049713134766,126.97599792480469,30920000
2022-03-16,132.02420043945312,133.28050231933594,133.33299255371094,128.7344970703125,130.73300170898438,35576000
2022-03-17,132.57740783691406,133.83900451660156,134.08050537109375,132.18499755859375,133.1490020751953,28264000
2022-03-18,134.8423614501953,136.12550354003906,136.24400329589844,132.2584991455078,133.42449951171875,44566000
2022-03-21,134.818603515625,136.10150146484375,137.0500030517578,134.09249877929688,136.1634979248047,26832000
2022-03-22,138.54957580566406,139.8679962158203,141.0500030517578,136.10150146484375,136.10150146484375,35496000
2022-03-23,136.97210693359375,138.27549743652344,139.5885009765625,137.8350067138672,138.70249938964844,25154000
2022-03-24,140.23753356933594,141.57200622558594,141.61900329589844,137.75050354003906,139.1999969482422,26396000
2022-03-25,140.3376007080078,141.67300415039062,142.03500366210938,139.7375030517578,141.91600036621094,24126000
2022-03-28,140.1221466064453,141.45550537109375,142.00250244140625,139.81149291992188,140.90049743652344,35050000
2022-03-29,141.16224670410156,142.5054931640625,143.7935028076172,142.0384979248047,142.6475067138672,34318000
2022-03-30,140.60060119628906,141.93850708007812,142.7205047607422,141.60000610351562,142.4600067138672,19884000
2022-03-31,137.75665283203125,139.0675048828125,142.10800170898438,139.02450561523438,142.05299377441406,37524000
2022-04-01,138.8294219970703,140.15049743652344,140.4709930419922,138.3074951171875,139.5,25942000
2022-04-04,141.6238555908203,142.97149658203125,143.71200561523438,140.3105010986328,140.35850524902344,25942000
2022-04-05,139.2657928466797,140.59100341796875,142.99049377441406,140.38250732421875,142.86900329589844,21418000
2022-04-06,135.26092529296875,136.54800415039062,139.36050415039062,135.51699829101562,138.75,32468000
2022-04-07,134.6076202392578,135.8885040283203,137.1645050048828,134.2274932861328,136.00999450683594,26234000
2022-04-08,132.03115844726562,133.28750610351562,135.6699981689453,132.9654998779297,135.58349609375,25142000
2022-04-11,127.60922241210938,128.82350158691406,132.09249877929688,128.6685028076172,131.82350158691406,36884000
2022-04-12,126.51066589355469,127.7145004272461,131.60000610351562,126.78900146484375,131.60000610351562,32710000
2022-04-13,128.66961669921875,129.8939971923828,130.33399963378906,127.74099731445312,128.0,27928000
2022-04-14,125.53544616699219,126.7300033569336,130.47950744628906,126.60099792480469,130.47950744628906,31598000
2022-04-18,126.4730224609375,127.67649841308594,128.21249389648438,126.18199920654297,127.0,20808000
2022-04-19,128.78353881835938,130.00900268554688,130.33299255371094,126.99949645996094,127.69149780273438,26490000
2022-04-20,126.83308410644531,128.0399932861328,131.3990020751953,127.5,130.89199829101562,31696000
2022-04-21,123.63799285888672,124.81449890136719,130.09849548339844,124.52649688720703,129.25,36446000
2022-04-22,118.5078125,119.635498046875,125.4020004272461,118.92500305175781,125.0,56884000
2022-04-25,121.91390228271484,123.0739974975586,123.27749633789062,118.51100158691406,119.10099792480469,46128000
2022-04-26,117.53160095214844,118.6500015258789,122.51000213623047,118.51100158691406,122.29450225830078,73054000
2022-04-27,113.2171630859375,114.29450225830078,117.24199676513672,112.73650360107422,114.46949768066406,91820000
2022-04-28,117.40530395507812,118.52249908447266,119.64949798583984,114.11499786376953,116.41500091552734,48884000
2022-04-29,113.03390502929688,114.1094970703125,117.91999816894531,113.81449890136719,116.7344970703125,42676000
2022-05-02,115.48408508300781,116.58300018310547,116.74549865722656,112.5999984741211,113.40499877929688,35534000
2022-05-03,116.22801971435547,117.33399963378906,118.44200134277344,116.03450012207031,116.43049621582031,24968000
2022-05-04,121.10855865478516,122.26100158691406,122.85449981689453,115.11599731445312,117.03150177001953,49916000
2022-05-05,115.4073257446289,116.50550079345703,121.03900146484375,115.00550079345703,120.2040023803711,45840000
2022-05-06,114.65545654296875,115.74649810791016,117.57150268554688,114.0155029296875,115.18450164794922,39710000
2022-05-09,111.45048522949219,112.51100158691406,115.0770034790039,112.00050354003906,113.25,40802000
2022-05-10,113.31671905517578,114.3949966430664,116.25,112.90049743652344,115.50749969482422,39900000
2022-05-11,112.53167724609375,113.60250091552734,116.364501953125,113.23650360107422,113.23650360107422,37534000
2022-05-12,111.78032684326172,112.84400177001953,114.29499816894531,109.82450103759766,111.37750244140625,53836000
2022-05-13,114.95661163330078,116.05049896240234,117.875,113.6050033569336,114.53299713134766,35038000
2022-05-16,113.36624908447266,114.44499969482422,116.16999816894531,113.8895034790039,114.95549774169922,25990000
2022-05-17,115.3751220703125,116.4729995727539,116.9000015258789,114.87000274658203,116.84049987792969,23054000
2022-05-18,110.8447265625,111.89949798583984,115.4000015258789,111.55549621582031,115.0,35126000
2022-05-19,109.34351348876953,110.38400268554688,113.01000213623047,110.0,111.43150329589844,34144000
2022-05-20,107.88142395019531,108.90799713134766,112.18350219726562,105.79650115966797,111.95099639892578,48962000
2022-05-23,110.43711853027344,111.48799896240234,112.14749908447266,108.74099731445312,109.5875015258789,37184000
2022-05-24,104.97112274169922,105.97000122070312,106.45850372314453,101.8844985961914,105.77200317382812,76780000
2022-05-25,104.80768585205078,105.80500030517578,106.5,103.85649871826172,104.9854965209961,40258000
2022-05-26,106.77644348144531,107.7925033569336,108.64949798583984,105.2249984741211,105.677001953125,37948000
2022-05-27,111.25780487060547,112.31649780273438,112.31800079345703,109.13849639892578,109.48300170898438,37914000
2022-05-31,112.68968200683594,113.76200103759766,115.73500061035156,112.07849884033203,112.74649810791016,50012000
2022-06-01,112.81845092773438,113.89199829101562,117.10150146484375,113.25,114.8550033569336,36606000
2022-06-02,116.51378631591797,117.62249755859375,117.89949798583984,112.94650268554688,114.0,37992000
2022-06-03,113.4613265991211,114.54100036621094,116.32150268554688,113.51850128173828,116.0625,26136000
2022-06-06,115.7193603515625,116.82050323486328,119.34700012207031,116.16400146484375,116.70449829101562,33542000
2022-06-07,116.04524230957031,117.14949798583984,117.69100189208984,115.052001953125,115.48049926757812,31590000
2022-06-08,116.08934020996094,117.19400024414062,118.57050323486328,116.5999984741211,116.7614974975586,26108000
2022-06-09,113.75305938720703,114.83550262451172,118.29900360107422,114.7760009765625,116.32749938964844,25798000
2022-06-10,110.11368560791016,111.1614990234375,113.27899932861328,110.36599731445312,112.44499969482422,41452000
2022-06-13,105.3896484375,106.39250183105469,108.79149627685547,106.11900329589844,106.7864990234375,47252000
2022-06-14,105.70960998535156,106.71549987792969,107.92449951171875,105.80000305175781,106.53500366210938,33706000
2022-06-15,108.7298583984375,109.7645034790039,111.42350006103516,107.66950225830078,108.54499816894531,39698000
2022-06-16,105.03402709960938,106.03350067138672,108.64849853515625,105.13800048828125,107.22100067138672,51684000
2022-06-17,106.13356018066406,107.14350128173828,108.69950103759766,105.0459976196289,106.03350067138672,51376000
2022-06-21,110.49258422851562,111.54399871826172,112.489501953125,108.5999984741211,108.92949676513672,47416000
2022-06-22,110.4366226196289,111.48750305175781,113.34649658203125,110.38249969482422,110.55650329589844,30774000
2022-06-23,111.18400573730469,112.24199676513672,112.74250030517578,110.50050354003906,112.23149871826172,28362000
2022-06-24,116.86296844482422,117.9749984741211,118.0790023803711,112.95249938964844,112.99500274658203,41164000
2022-06-27,114.74164581298828,115.83350372314453,118.57949829101562,115.17949676513672,118.27300262451172,36420000
2022-06-28,110.95171356201172,112.00749969482422,117.30950164794922,111.8479995727539,115.80249786376953,35792000
2022-06-29,110.64860534667969,111.70149993896484,113.1604995727539,110.87249755859375,111.552001953125,24716000
2022-06-30,107.93592834472656,108.96299743652344,110.88800048828125,106.75,110.0,43170000
2022-07-01,107.71253204345703,108.73750305175781,109.25,106.73049926757812,107.93299865722656,35476000
2022-07-05,112.19538116455078,113.26300048828125,113.37699890136719,105.73149871826172,107.10050201416016,39342000
2022-07-06,113.4920425415039,114.5719985961914,115.5895004272461,111.47599792480469,113.302001953125,37432000
2022-07-07,117.6633529663086,118.78299713134766,119.18949890136719,114.83350372314453,115.08000183105469,40936000
2022-07-08,118.22846221923828,119.35350036621094,119.68499755859375,116.90149688720703,117.25,38238000
2022-07-11,114.58613586425781,115.67649841308594,117.99800109863281,115.33049774169922,117.99800109863281,31196000
2022-07-12,112.94574737548828,114.02050018310547,116.9739990234375,113.69000244140625,116.21499633789062,29960000
2022-07-13,110.30389404296875,111.35350036621094,114.19599914550781,111.20149993896484,111.70099639892578,43722000
2022-07-14,109.3271713256836,110.36750030517578,111.09300231933594,108.37300109863281,110.21050262451172,37004000
2022-07-15,110.72388458251953,111.77749633789062,113.1405029296875,110.9000015258789,112.00050354003906,46770000
2022-07-18,108.00228881835938,109.02999877929688,113.68000030517578,108.37000274658203,112.63999938964844,43164600
2022-07-19,112.73722076416016,113.80999755859375,114.0199966430664,109.55999755859375,110.8499984741211,36530900
2022-07-20,112.82637786865234,113.9000015258789,115.4000015258789,112.4800033569336,113.16999816894531,35600400
2022-07-21,113.2622299194336,114.33999633789062,114.55000305175781,111.11000061035156,114.27999877929688,32676200
2022-07-22,106.88292694091797,107.9000015258789,112.33999633789062,106.5,111.0,48901200
2022-07-25,106.49662017822266,107.51000213623047,109.87000274658203,106.30000305175781,108.41000366210938,34690900
2022-07-26,104.03008270263672,105.0199966430664,107.19999694824219,104.06999969482422,106.5999984741211,47991000
2022-07-27,111.99430084228516,113.05999755859375,113.91000366210938,108.01000213623047,109.26000213623047,59858500
2022-07-28,113.14336395263672,114.22000122070312,114.33999633789062,111.45999908447266,112.37000274658203,32816600
2022-07-29,115.22356414794922,116.31999969482422,116.70999908447266,113.05999755859375,113.08000183105469,37223400
2022-08-01,113.7773208618164,114.86000061035156,116.72000122070312,114.33999633789062,115.30000305175781,26034300
2022-08-02,114.0447769165039,115.12999725341797,116.3499984741211,113.72000122070312,114.0,20236000
2022-08-03,116.96697235107422,118.08000183105469,118.62000274658203,115.4800033569336,115.70999908447266,28499000
2022-08-04,117.0759506225586,118.19000244140625,118.77999877929688,116.88999938964844,117.4800033569336,21602900
2022-08-05,116.36271667480469,117.47000122070312,118.11000061035156,116.0,116.2300033569336,19159500
2022-08-08,116.1943359375,117.30000305175781,120.1500015258789,116.87999725341797,118.38999938964844,19138300
2022-08-09,115.53064727783203,116.62999725341797,117.31999969482422,115.70999908447266,117.13999938964844,19086500
2022-08-10,118.57170867919922,119.69999694824219,120.91999816894531,118.41000366210938,118.77999877929688,30930400
2022-08-11,117.71980285644531,118.83999633789062,121.48999786376953,118.55999755859375,121.27999877929688,24293700
2022-08-12,120.53304290771484,121.68000030517578,121.68000030517578,119.45999908447266,120.26000213623047,19096300
2022-08-15,120.92927551269531,122.08000183105469,122.30000305175781,120.61000061035156,121.12999725341797,19494800
2022-08-16,120.5528564453125,121.69999694824219,122.43000030517578,120.63999938964844,121.5199966430664,19041200
2022-08-17,118.4231185913086,119.55000305175781,121.29000091552734,119.37999725341797,120.12000274658203,22847000
2022-08-18,119.03728485107422,120.16999816894531,120.81999969482422,118.72000122070312,119.43000030517578,17987700
2022-08-19,116.10516357421875,117.20999908447266,119.1500015258789,116.76000213623047,119.05999755859375,21809500
2022-08-22,113.16316986083984,114.23999786376953,115.62999725341797,113.8499984741211,115.19999694824219,21456600
2022-08-23,112.78675079345703,113.86000061035156,115.01000213623047,113.43000030517578,113.4800033569336,15870400
2022-08-24,112.61836242675781,113.69000244140625,114.77999877929688,112.87000274658203,113.5,17734600
2022-08-25,115.55045318603516,116.6500015258789,116.72000122070312,114.11000061035156,114.23999786376953,16956800
2022-08-26,109.29993438720703,110.33999633789062,115.12000274658203,110.19000244140625,114.72000122070312,37245700
2022-08-29,108.38861846923828,109.41999816894531,110.94999694824219,108.80000305175781,109.98999786376953,21191200
2022-08-30,107.91313934326172,108.94000244140625,110.5,107.80000305175781,110.16999816894531,27513300
2022-08-31,107.1999282836914,108.22000122070312,110.8499984741211,108.12999725341797,110.6500015258789,28627000
2022-09-01,108.7055892944336,109.73999786376953,110.44999694824219,107.36000061035156,108.27999877929688,28360900
2022-09-02,106.83341979980469,107.8499984741211,110.73999786376953,107.26000213623047,110.58999633789062,24160700
2022-09-06,105.8031997680664,106.80999755859375,108.02999877929688,105.77999877929688,107.30000305175781,25068300
2022-09-07,108.41832733154297,109.44999694824219,109.9800033569336,106.9000015258789,107.05999755859375,23167000
2022-09-08,107.3583984375,108.37999725341797,109.5999984741211,107.16000366210938,108.04000091552734,24238300
2022-09-09,109.60700988769531,110.6500015258789,110.98999786376953,109.0199966430664,109.06999969482422,23197700
2022-09-12,109.81503295898438,110.86000061035156,111.62000274658203,109.93000030517578,110.98999786376953,22966800
2022-09-13,103.33668518066406,104.31999969482422,108.30000305175781,104.08999633789062,107.80000305175781,38172900
2022-09-14,104.01026916503906,105.0,105.27999877929688,103.66000366210938,104.56999969482422,26395100
2022-09-15,101.93997955322266,102.91000366210938,105.2699966430664,102.3499984741211,104.02999877929688,34188300
2022-09-16,101.83101654052734,102.80000305175781,103.12999725341797,100.94000244140625,102.06999969482422,42797200
2022-09-19,102.09846496582031,103.06999969482422,103.33000183105469,101.55000305175781,101.75,23036800
2022-09-20,100.1866455078125,101.13999938964844,102.37000274658203,100.5199966430664,102.08000183105469,26517100
2022-09-21,98.34417724609375,99.27999877929688,102.87999725341797,99.2699966430664,101.66999816894531,31487300
2022-09-22,99.19607543945312,100.13999938964844,101.23999786376953,98.79000091552734,98.81999969482422,34298600
2022-09-23,97.80928039550781,98.73999786376953,99.66000366210938,97.47000122070312,99.62999725341797,31625400
2022-09-26,97.24463653564453,98.16999816894531,99.87999725341797,97.80000305175781,98.0999984741211,27072700
2022-09-27,96.58096313476562,97.5,100.0,96.87000274658203,99.43000030517578,30072800
2022-09-28,99.10692596435547,100.05000305175781,100.69999694824219,97.11000061035156,97.6500015258789,32466300
2022-09-29,96.50171661376953,97.41999816894531,98.63999938964844,95.95999908447266,98.63999938964844,31047200
2022-09-30,94.7483901977539,95.6500015258789,98.9000015258789,95.55999755859375,97.05000305175781,32941500
2022-10-03,97.710205078125,98.63999938964844,99.29000091552734,96.5199966430664,96.76000213623047,27982000
2022-10-04,100.68194580078125,101.63999938964844,101.83999633789062,100.37999725341797,100.44000244140625,28850800
2022-10-05,100.47393035888672,101.43000030517578,101.93000030517578,98.80000305175781,99.83000183105469,22176900
2022-10-06,100.4640121459961,101.41999816894531,102.93000030517578,100.58999633789062,100.68000030517578,22324000
2022-10-07,97.74983978271484,98.68000030517578,100.52999877929688,98.30000305175781,99.8499984741211,27502800
2022-10-10,96.93757629394531,97.86000061035156,99.0999984741211,97.01000213623047,99.0,18225100
2022-10-11,96.26396942138672,97.18000030517578,99.25,96.30999755859375,97.43000030517578,26507100
2022-10-12,96.640380859375,97.55999755859375,98.75,96.73999786376953,97.30000305175781,21876400
2022-10-13,98.12625885009766,99.05999755859375,99.77999877929688,94.37999725341797,95.1500015258789,34574500
2022-10-14,95.64981842041016,96.55999755859375,100.69000244140625,96.37000274658203,99.98999786376953,25410700
2022-10-17,99.02769470214844,99.97000122070312,100.93000030517578,98.83000183105469,98.86000061035156,28419200
2022-10-18,99.82014465332031,100.7699966430664,103.47000122070312,99.97000122070312,103.12999725341797,24060700
2022-10-19,98.69087982177734,99.62999725341797,101.0199966430664,98.91999816894531,100.01000213623047,23811100
2022-10-20,99.02769470214844,99.97000122070312,102.31999969482422,99.38999938964844,100.0,25323200
2022-10-21,100.17675018310547,101.12999725341797,101.30999755859375,97.72000122070312,97.8499984741211,32458700
2022-10-24,101.55364990234375,102.5199966430664,102.75,99.9800033569336,101.80000305175781,27176400
2022-10-25,103.49517059326172,104.4800033569336,104.81999969482422,102.72000122070312,102.9000015258789,40611400
2022-10-26,94.03518676757812,94.93000030517578,98.30999755859375,94.69000244140625,96.43000030517578,88114100
2022-10-27,91.3507308959961,92.22000122070312,95.43000030517578,91.80000305175781,94.5199966430664,60710900
2022-10-28,95.38236999511719,96.29000091552734,96.55000305175781,92.12999725341797,92.2699966430664,43697300
2022-10-31,93.61915588378906,94.51000213623047,96.02999877929688,93.9800033569336,95.41999816894531,31675000
2022-11-01,89.61724090576172,90.47000122070312,96.02999877929688,90.37000274658203,95.44999694824219,47161400
2022-11-02,86.15023040771484,86.97000122070312,91.18000030517578,86.87999725341797,90.94000244140625,57038300
2022-11-03,82.64360046386719,83.43000030517578,86.5199966430664,83.33999633789062,86.31999969482422,61288000
2022-11-04,85.76390075683594,86.58000183105469,86.63999938964844,83.70999908447266,85.4000015258789,51124900
2022-11-07,87.65589141845703,88.48999786376953,88.9000015258789,86.8499984741211,87.27999877929688,34078900
2022-11-08,88.06204223632812,88.9000015258789,90.31999969482422,87.58999633789062,88.9000015258789,30429000
2022-11-09,86.4969253540039,87.31999969482422,89.44000244140625,87.27999877929688,88.44999694824219,31769100
2022-11-10,93.05452728271484,93.94000244140625,94.38999938964844,91.61000061035156,92.25,51620100
2022-11-11,95.50125122070312,96.41000366210938,96.93000030517578,93.91999816894531,94.69000244140625,33090500
2022-11-14,94.79793548583984,95.69999694824219,96.79000091552734,94.51000213623047,95.08999633789062,30179500
2022-11-15,97.51210021972656,98.44000244140625,100.13999938964844,96.70999908447266,98.26000213623047,41640800
2022-11-16,97.91824340820312,98.8499984741211,99.63999938964844,97.63999938964844,97.9000015258789,29105200
2022-11-17,97.43285369873047,98.36000061035156,99.27999877929688,96.79000091552734,96.97000122070312,26052600
2022-11-18,96.51162719726562,97.43000030517578,98.9000015258789,96.37000274658203,98.7699966430664,28342300
2022-11-21,94.6988754272461,95.5999984741211,98.4000015258789,95.36000061035156,97.29000091552734,21647400
2022-11-22,96.13520812988281,97.05000305175781,97.22000122070312,94.05000305175781,95.94999694824219,23438500
2022-11-23,97.53191375732422,98.45999908447266,98.76000213623047,97.08999633789062,97.08999633789062,18868100
2022-11-25,96.54135131835938,97.45999908447266,98.63999938964844,97.4000015258789,98.23999786376953,9701400
2022-11-28,95.14462280273438,96.05000305175781,97.58000183105469,95.61000061035156,97.04000091552734,26237500
2022-11-29,94.2927474975586,95.19000244140625,96.12000274658203,94.11000061035156,95.7300033569336,20061700
2022-11-30,100.03807830810547,100.98999786376953,101.04000091552734,94.41999816894531,94.81999969482422,43647500
2022-12-01,100.03807830810547,100.98999786376953,102.25,100.25,101.0199966430664,28687100
2022-12-02,99.49325561523438,100.44000244140625,100.7699966430664,98.9000015258789,99.05000305175781,21480700
2022-12-05,98.54230499267578,99.4800033569336,101.37999725341797,99.0,99.4000015258789,24405100
2022-12-06,96.06586456298828,96.9800033569336,99.77999877929688,96.41999816894531,99.30000305175781,24910700
2022-12-07,94.04509735107422,94.94000244140625,96.87999725341797,94.72000122070312,96.41000366210938,31045400
2022-12-08,92.82667541503906,93.70999908447266,95.58000183105469,93.44999694824219,95.37999725341797,32213300
2022-12-09,91.9549789428711,92.83000183105469,94.26000213623047,92.75,93.7699966430664,28225400
2022-12-12,92.43045043945312,93.30999755859375,93.55999755859375,91.61000061035156,92.70999908447266,29420000
2022-12-13,94.72858428955078,95.62999725341797,99.52999877929688,95.02999877929688,97.76000213623047,40593700
2022-12-14,94.17388153076172,95.06999969482422,96.87000274658203,93.5999984741211,95.19999694824219,28733600
2022-12-15,90.00355529785156,90.86000061035156,93.63999938964844,90.01000213623047,93.12999725341797,40107000
2022-12-16,89.40921020507812,90.26000213623047,91.33000183105469,89.5199966430664,90.76000213623047,58011800
2022-12-19,87.60635375976562,88.44000244140625,90.55999755859375,88.20999908447266,90.26000213623047,29493000
2022-12-20,88.180908203125,89.0199966430664,89.18000030517578,87.44000244140625,88.11000061035156,23453800
2022-12-21,88.73562622070312,89.58000183105469,90.22000122070312,88.31999969482422,89.08000183105469,24745600
2022-12-22,86.93277740478516,87.76000213623047,88.54000091552734,86.31999969482422,88.16000366210938,27658300
2022-12-23,88.38892364501953,89.2300033569336,89.55000305175781,87.06999969482422,87.11000061035156,23003000
2022-12-27,86.56626892089844,87.38999938964844,88.94000244140625,87.01000213623047,88.80000305175781,20097300
2022-12-28,85.20918273925781,86.0199966430664,88.04000091552734,85.94000244140625,86.9800033569336,19523200
2022-12-29,87.61626434326172,88.44999694824219,88.8499984741211,86.61000061035156,86.62000274658203,23333500
2022-12-30,87.39835357666016,88.2300033569336,88.30000305175781,86.56999969482422,86.9800033569336,23986300
2023-01-03,88.27995300292969,89.12000274658203,91.05000305175781,88.5199966430664,89.58999633789062,28131200
2023-01-04,87.24976348876953,88.08000183105469,90.6500015258789,87.2699966430664,90.3499984741211,34854800
2023-01-05,85.3874740600586,86.19999694824219,87.56999969482422,85.9000015258789,87.47000122070312,27194400
2023-01-06,86.5167236328125,87.33999633789062,87.69000244140625,84.86000061035156,86.79000091552734,41381500
2023-01-09,87.19032287597656,88.0199966430664,90.05000305175781,87.86000061035156,88.36000061035156,29003900
2023-01-10,87.58656311035156,88.41999816894531,88.66999816894531,85.83000183105469,85.9800033569336,30467800
2023-01-11,90.6573257446289,91.5199966430664,91.5999984741211,89.01000213623047,89.18000030517578,26862000
2023-01-12,90.27099609375,91.12999725341797,91.87000274658203,89.75,91.4800033569336,30258100
2023-01-13,91.25167846679688,92.12000274658203,92.19000244140625,90.12999725341797,90.8499984741211,26329200
2023-01-17,90.42950439453125,91.29000091552734,92.25,90.05000305175781,92.05999755859375,32602400
2023-01-18,90.26110076904297,91.12000274658203,92.80000305175781,90.63999938964844,92.13999938964844,29116700
2023-01-19,92.17291259765625,93.05000305175781,93.61000061035156,90.62999725341797,90.72000122070312,37000400
2023-01-20,97.09606170654297,98.0199966430664,98.30000305175781,95.0199966430664,95.0999984741211,63191100
2023-01-23,98.84938049316406,99.79000091552734,100.04000091552734,97.5,97.94999694824219,40005100
2023-01-24,96.7790756225586,97.69999694824219,99.61000061035156,97.19999694824219,98.0999984741211,33078500
2023-01-25,94.32246398925781,95.22000122070312,96.16000366210938,93.76000213623047,95.56999969482422,42330000
2023-01-26,96.60078430175781,97.5199966430664,97.56999969482422,95.37999725341797,96.5,30114000
2023-01-27,98.43333435058594,99.37000274658203,100.31999969482422,97.30999755859375,97.30999755859375,33879800
2023-01-30,96.02623748779297,96.94000244140625,98.29000091552734,96.4000015258789,97.4800033569336,27226200
2023-01-31,97.90834045410156,98.83999633789062,98.87999725341797,96.81999969482422,96.87000274658203,29870700
2023-02-01,99.48334503173828,100.43000030517578,101.19000244140625,97.58000183105469,98.70999908447266,35531100
2023-02-02,106.72442626953125,107.73999786376953,107.8499984741211,105.61000061035156,105.80000305175781,69883800
2023-02-03,103.79235076904297,104.77999877929688,107.80999755859375,102.58000183105469,102.93000030517578,65309300
2023-02-06,101.93006134033203,102.9000015258789,104.36000061035156,101.87999725341797,102.4000015258789,31999600
2023-02-07,106.62538146972656,107.63999938964844,108.18000030517578,103.12000274658203,103.22000122070312,49010200
2023-02-08,98.43333435058594,99.37000274658203,103.13999938964844,98.04000091552734,102.05000305175781,94743500
2023-02-09,94.11443328857422,95.01000213623047,100.02999877929688,93.62999725341797,100.0,119455000
2023-02-10,93.6785888671875,94.56999969482422,96.75,94.25,95.44999694824219,54980700
2023-02-13,93.71820068359375,94.61000061035156,95.19999694824219,93.83999633789062,94.73999786376953,50076100
2023-02-14,93.78754425048828,94.68000030517578,94.8499984741211,92.26000213623047,94.43000030517578,54726100
2023-02-15,96.02623748779297,96.94000244140625,97.12000274658203,94.1500015258789,94.48999786376953,50169000
2023-02-16,94.60971069335938,95.51000213623047,97.68000030517578,94.73999786376953,95.37000274658203,42462600
2023-02-17,93.46065521240234,94.3499984741211,95.55999755859375,93.20999908447266,94.8499984741211,34284100
2023-02-21,90.92479705810547,91.79000091552734,93.0999984741211,91.72000122070312,93.0,33629300
2023-02-22,90.7861099243164,91.6500015258789,92.11000061035156,90.61000061035156,91.69999694824219,30884000
2023-02-23,90.03327178955078,90.88999938964844,91.94000244140625,89.76000213623047,91.91999816894531,41206400
2023-02-24,88.28984832763672,89.12999725341797,89.88999938964844,88.58000183105469,89.44000244140625,36585100
2023-02-27,89.02288818359375,89.87000274658203,90.16000366210938,89.33999633789062,89.87000274658203,27502300
2023-02-28,89.21109008789062,90.05999755859375,91.2300033569336,89.31999969482422,89.33000183105469,30142000
2023-03-01,89.50827026367188,90.36000061035156,91.02999877929688,89.66999816894531,89.9800033569336,31111200
2023-03-02,91.13280487060547,92.0,92.27999877929688,89.58999633789062,89.66000366210938,32204400
2023-03-03,92.76725006103516,93.6500015258789,93.7300033569336,92.44999694824219,92.4800033569336,35160100
2023-03-06,94.23330688476562,95.12999725341797,95.97000122070312,94.0,94.0199966430664,32639300
2023-03-07,92.97527313232422,93.86000061035156,95.66999816894531,93.52999877929688,94.9800033569336,27835500
2023-03-08,93.36160278320312,94.25,95.95999908447266,94.0,94.12000274658203,34103300
2023-03-09,91.44979095458984,92.31999969482422,95.52999877929688,91.9000015258789,94.05000305175781,28813500
2023-03-10,89.77571105957031,90.62999725341797,92.79000091552734,90.4000015258789,92.16999816894531,35941000
2023-03-13,90.2511978149414,91.11000061035156,92.56999969482422,89.41999816894531,90.08999633789062,37335600
2023-03-14,93.08424377441406,93.97000122070312,94.36000061035156,92.44000244140625,92.55999755859375,36050200
2023-03-15,95.20405578613281,96.11000061035156,96.93000030517578,92.63999938964844,93.22000122070312,50622100
2023-03-16,99.37438201904297,100.31999969482422,101.19000244140625,95.5,96.19999694824219,65492000
2023-03-17,100.66213989257812,101.62000274658203,102.83999633789062,100.0999984741211,100.26000213623047,61028500
2023-03-20,100.26589965820312,101.22000122070312,101.75,99.87000274658203,100.12000274658203,32960400
2023-03-21,103.93102264404297,104.91999816894531,105.0999984741211,101.22000122070312,101.25,42110300
2023-03-22,102.39564514160156,103.37000274658203,106.58999633789062,103.33000183105469,104.2699966430664,43427400
2023-03-23,104.60462188720703,105.5999984741211,106.30000305175781,104.45999908447266,105.05999755859375,40797800
2023-03-24,104.44610595703125,105.44000244140625,105.48999786376953,103.83999633789062,104.98999786376953,30393300
2023-03-27,101.49420928955078,102.45999908447266,104.76000213623047,101.93000030517578,104.62000274658203,31120900
2023-03-28,100.07769775390625,101.02999877929688,102.44999694824219,99.73999786376953,102.44000244140625,32057900
2023-03-29,100.4343032836914,101.38999938964844,102.48999786376953,100.6500015258789,102.27999877929688,28779600
2023-03-30,99.93901824951172,100.88999938964844,101.16000366210938,99.77999877929688,100.91000366210938,33086200
2023-03-31,102.75223541259766,103.7300033569336,103.88999938964844,101.04000091552734,101.30000305175781,36863400
2023-04-03,103.37630462646484,104.36000061035156,104.52999877929688,101.93000030517578,102.38999938964844,25035400
2023-04-04,103.73291015625,104.72000122070312,105.58000183105469,104.04000091552734,104.33000183105469,24420100
2023-04-05,103.48526763916016,104.47000122070312,106.0999984741211,103.66000366210938,105.77999877929688,28290500
2023-04-06,107.39802551269531,108.41999816894531,109.16999816894531,104.33000183105469,105.26000213623047,48711500
2023-04-10,105.43669891357422,106.44000244140625,107.58999633789062,105.12000274658203,106.9800033569336,27067400
2023-04-11,104.35697174072266,105.3499984741211,106.7300033569336,104.68000030517578,106.55000305175781,26311800
2023-04-12,103.65367126464844,104.63999938964844,106.75,104.33999633789062,106.58000183105469,24370300
2023-04-13,106.41736602783203,107.43000030517578,107.48999786376953,105.83999633789062,105.83999633789062,24843600
2023-04-14,107.84379577636719,108.87000274658203,108.94000244140625,106.83999633789062,106.88999938964844,26578000
2023-04-17,104.97112274169922,105.97000122070312,106.16000366210938,104.5199966430664,104.66000366210938,37571200
2023-04-18,103.51498413085938,104.5,106.54000091552734,104.06999969482422,106.48999786376953,26596400
2023-04-19,103.19800567626953,104.18000030517578,104.9800033569336,103.06999969482422,103.58000183105469,20905700
2023-04-20,104.29753875732422,105.29000091552734,106.25,103.87000274658203,103.91000366210938,27820800
2023-04-21,104.41641998291016,105.41000366210938,106.0,104.77999877929688,105.47000122070312,25800100
2023-04-24,104.97112274169922,105.97000122070312,106.62999725341797,104.69999694824219,105.48999786376953,23542800
2023-04-25,102.87110137939453,103.8499984741211,106.69000244140625,103.83999633789062,105.83000183105469,46664100
2023-04-26,102.732421875,103.70999908447266,106.3499984741211,102.62999725341797,104.91999816894531,53347600
2023-04-27,106.57586669921875,107.58999633789062,108.37000274658203,103.54000091552734,104.44999694824219,50089200
2023-04-28,106.32820129394531,107.33999633789062,107.3499984741211,105.08999633789062,107.04000091552734,36139800
2023-05-01,106.18952178955078,107.19999694824219,107.98999786376953,106.81999969482422,106.83999633789062,26681700
2023-05-02,104.3272476196289,105.31999969482422,107.19999694824219,103.70999908447266,107.13999938964844,30997200
2023-05-03,104.41641998291016,105.41000366210938,107.48999786376953,104.95999908447266,105.52999877929688,21795400
2023-05-04,103.70319366455078,104.69000244140625,105.5999984741211,103.97000122070312,105.48999786376953,23419500
2023-05-05,104.57489013671875,105.56999969482422,105.87999725341797,104.11000061035156,104.81999969482422,26639300
2023-05-08,106.75416564941406,107.7699966430664,107.95999908447266,105.16000366210938,105.18000030517578,26511400
2023-05-09,106.33812713623047,107.3499984741211,110.1500015258789,107.19000244140625,108.38999938964844,36360100
2023-05-10,110.6966552734375,111.75,112.94000244140625,107.93000030517578,107.97000122070312,63153400
2023-05-11,115.47119903564453,116.56999969482422,117.91999816894531,114.41000366210938,115.4000015258789,78900000
2023-05-12,116.40235137939453,117.51000213623047,118.02999877929688,116.11000061035156,116.68000030517578,41102300
2023-05-15,115.41177368164062,116.51000213623047,118.4800033569336,116.01000213623047,116.11000061035156,36266800
2023-05-16,118.38349914550781,119.51000213623047,120.75,116.43000030517578,116.48999786376953,45035600
2023-05-17,119.70095825195312,120.83999633789062,121.66999816894531,118.88999938964844,119.61000061035156,33323600
2023-05-18,121.6722183227539,122.83000183105469,123.30999755859375,120.83000183105469,120.94999694824219,35234200
2023-05-19,121.60287475585938,122.76000213623047,125.97000122070312,122.1500015258789,123.55000305175781,41353400
2023-05-22,123.87129211425781,125.05000305175781,126.43000030517578,122.73999786376953,122.94000244140625,35253000
2023-05-23,121.40473937988281,122.55999755859375,124.62999725341797,122.20999908447266,124.16000366210938,34046300
2023-05-24,119.76041412353516,120.9000015258789,121.91000366210938,119.86000061035156,121.12000274658203,34182600
2023-05-25,122.31608581542969,123.4800033569336,125.31999969482422,121.95999908447266,124.5199966430664,42317000
2023-05-26,123.43543243408203,124.61000061035156,125.26000213623047,122.44999694824219,123.16999816894531,35635900
2023-05-30,122.50428771972656,123.66999816894531,125.66000366210938,122.0,125.63999938964844,35076700
2023-05-31,121.71182250976562,122.87000274658203,124.05999755859375,122.5,122.75,37325800
2023-06-01,122.55381774902344,123.72000122070312,124.41999816894531,122.62000274658203,122.81999969482422,30772700
2023-06-02,123.49486541748047,124.66999816894531,126.1500015258789,123.76000213623047,123.98999786376953,26980100
2023-06-05,124.82222747802734,126.01000213623047,127.43000030517578,123.83999633789062,124.01000213623047,32305500
2023-06-06,126.10997772216797,127.30999755859375,128.2899932861328,125.36000061035156,126.01000213623047,26638300
2023-06-07,121.3453140258789,122.5,129.0399932861328,122.12000274658203,126.97000122070312,52539000
2023-06-08,120.98870086669922,122.13999938964844,123.2300033569336,121.23999786376953,122.2300033569336,29389200
2023-06-09,121.07786560058594,122.2300033569336,123.76000213623047,121.91000366210938,122.25,23778300
2023-06-12,122.47457122802734,123.63999938964844,124.05000305175781,121.66000366210938,122.79000091552734,28306400
2023-06-13,122.66276550292969,123.83000183105469,125.16000366210938,123.18000030517578,124.9800033569336,22278300
2023-06-14,122.50428771972656,123.66999816894531,124.05000305175781,121.44999694824219,123.0999984741211,30592300
2023-06-15,123.91090393066406,125.08999633789062,125.45999908447266,122.4000015258789,123.13999938964844,35246300
2023-06-16,122.36561584472656,123.52999877929688,126.11000061035156,123.27999877929688,125.93000030517578,45535600
2023-06-20,121.93965911865234,123.0999984741211,124.56999969482422,122.13999938964844,122.93000030517578,26097500
2023-06-21,119.4136962890625,120.55000305175781,122.66000366210938,120.0999984741211,122.4000015258789,30306300
2023-06-22,121.98918151855469,123.1500015258789,123.23999786376953,118.83000183105469,120.0,26952200
2023-06-23,121.18680572509766,122.33999633789062,122.79000091552734,121.05999755859375,121.37999725341797,34913600
2023-06-26,117.2245101928711,118.33999633789062,122.0,118.2699966430664,120.76000213623047,33969900
2023-06-27,117.21463012695312,118.33000183105469,119.08000183105469,116.0999984741211,117.08000183105469,39535900
2023-06-28,119.04718780517578,120.18000030517578,120.38999938964844,116.8499984741211,117.08999633789062,27091400
2023-06-29,117.97734832763672,119.0999984741211,120.05999755859375,118.30000305175781,119.23999786376953,24090900
2023-06-30,118.57170867919922,119.69999694824219,121.08000183105469,119.69000244140625,120.16999816894531,29532200
2023-07-03,118.76982879638672,119.9000015258789,120.19000244140625,118.81999969482422,119.23999786376953,14467900
2023-07-05,120.60238647460938,121.75,122.61000061035156,119.2300033569336,119.23999786376953,27584800
2023-07-06,118.97783660888672,120.11000061035156,120.30000305175781,118.4000015258789,119.80000305175781,24745200
2023-07-07,118.3537826538086,119.4800033569336,121.05000305175781,119.4000015258789,120.0999984741211,21709500
2023-07-10,115.35232543945312,116.44999694824219,118.30999755859375,116.13999938964844,118.30000305175781,35315200
2023-07-11,116.03583526611328,117.13999938964844,117.70999908447266,115.3499984741211,116.29000091552734,23078800
2023-07-12,117.80896759033203,118.93000030517578,120.33000183105469,118.41000366210938,118.80000305175781,30404400
2023-07-13,123.3660888671875,124.54000091552734,124.83000183105469,120.44999694824219,120.93000030517578,44297900
2023-07-14,124.23779296875,125.41999816894531,126.77999877929688,123.48999786376953,124.80000305175781,33283100
2023-07-17,123.47505187988281,124.6500015258789,127.0999984741211,124.19999694824219,125.94000244140625,25716200
2023-07-18,122.59343719482422,123.76000213623047,124.68000030517578,122.95999908447266,124.5999984741211,26193600
2023-07-19,120.8797607421875,122.02999877929688,125.18000030517578,121.80000305175781,124.5999984741211,37224000
2023-07-20,118.07642364501953,119.19999694824219,124.08999633789062,118.22000122070312,121.41999816894531,37906800
2023-07-21,118.88867950439453,120.0199966430664,120.98999786376953,118.7300033569336,120.62000274658203,72937900
2023-07-24,120.38446807861328,121.52999877929688,123.0,120.9800033569336,121.66000366210938,29686100
2023-07-25,121.05805206298828,122.20999908447266,123.1500015258789,121.0199966430664,121.36000061035156,52509600
2023-07-26,128.05149841308594,129.27000427246094,130.97999572753906,128.32000732421875,130.07000732421875,61682100
2023-07-27,128.1802520751953,129.39999389648438,133.24000549316406,128.7899932861328,131.6699981689453,44952100
2023-07-28,131.33030700683594,132.5800018310547,133.74000549316406,130.57000732421875,130.77999877929688,36591200
2023-07-31,131.46900939941406,132.72000122070312,133.52999877929688,131.77999877929688,132.72999572753906,28055500
2023-08-01,130.31002807617188,131.5500030517578,132.6300048828125,130.67999267578125,130.77999877929688,23166800
2023-08-02,127.1698989868164,128.3800048828125,130.08999633789062,127.55999755859375,129.4499969482422,26273300
2023-08-03,127.23922729492188,128.4499969482422,129.38999938964844,127.41999816894531,127.97000122070312,20089500
2023-08-04,126.9024429321289,128.11000061035156,131.50999450683594,127.91000366210938,129.27999877929688,26147200
2023-08-07,130.29019165039062,131.52999877929688,131.61000061035156,129.02000427246094,129.16000366210938,22746300
2023-08-08,130.16143798828125,131.39999389648438,131.50999450683594,129.5399932861328,130.6199951171875,23535200
2023-08-09,128.43783569335938,129.66000366210938,132.0399932861328,129.0,131.66000366210938,24912900
2023-08-10,128.46754455566406,129.69000244140625,132.0500030517578,129.4499969482422,131.32000732421875,20857800
2023-08-11,128.33876037597656,129.55999755859375,129.92999267578125,128.1699981689453,128.66000366210938,19591100
2023-08-14,130.0920867919922,131.3300018310547,131.3699951171875,128.9600067138672,129.38999938964844,24695600
2023-08-15,128.55667114257812,129.77999877929688,131.4199981689453,129.27999877929688,131.10000610351562,19770700
2023-08-16,127.48686218261719,128.6999969482422,130.27999877929688,127.87000274658203,128.6999969482422,25216100
2023-08-17,128.69537353515625,129.9199981689453,131.99000549316406,129.2899932861328,129.8000030517578,33446300
2023-08-18,126.25856018066406,127.45999908447266,129.25,126.37999725341797,128.50999450683594,30504800
2023-08-21,127.15998840332031,128.3699951171875,128.72999572753906,126.55999755859375,127.18000030517578,25248700
2023-08-22,127.86329650878906,129.0800018310547,130.27999877929688,128.32000732421875,128.50999450683594,22054900
2023-08-23,131.12225341796875,132.3699951171875,133.41000366210938,129.8699951171875,130.17999267578125,27819700
2023-08-24,128.55667114257812,129.77999877929688,134.25,129.57000732421875,133.9499969482422,28500700
2023-08-25,128.65574645996094,129.8800048828125,130.75999450683594,127.25,129.5399932861328,26762900
2023-08-28,129.7751007080078,131.00999450683594,132.5399932861328,130.13999938964844,131.30999755859375,20543300
2023-08-29,133.30157470703125,134.57000732421875,136.57000732421875,132.24000549316406,132.24000549316406,43075600
2023-08-30,134.59922790527344,135.8800048828125,136.27999877929688,134.07000732421875,134.77999877929688,28315800
2023-08-31,134.88645935058594,136.1699981689453,138.0,135.7899932861328,136.00999450683594,30053800
2023-09-01,134.38124084472656,135.66000366210938,137.4600067138672,134.85000610351562,137.4600067138672,21543700
2023-09-05,134.490234375,135.77000427246094,136.4199981689453,134.5800018310547,135.44000244140625,19403100
2023-09-06,133.19261169433594,134.4600067138672,136.52999877929688,133.6699981689453,136.02000427246094,18684500
2023-09-07,133.98504638671875,135.25999450683594,135.5800018310547,132.9499969482422,133.58999633789062,18844300
2023-09-08,135.09445190429688,136.3800048828125,136.66000366210938,134.85000610351562,134.91000366210938,23558300
2023-09-11,135.62939453125,136.9199981689453,137.47999572753906,135.7899932861328,136.5399932861328,20763400
2023-09-12,134.0642852783203,135.33999633789062,136.8699951171875,135.19000244140625,136.25999450683594,18405500
2023-09-13,135.42137145996094,136.7100067138672,136.89999389648438,134.14999389648438,135.08999633789062,20749500
2023-09-14,136.7982940673828,138.10000610351562,138.6999969482422,136.24000549316406,137.60000610351562,24751000
2023-09-15,136.1048583984375,137.39999389648438,138.52000427246094,136.47999572753906,137.97999572753906,38919600
2023-09-18,136.9072265625,138.2100067138672,139.16000366210938,136.61000061035156,136.61000061035156,21861300
2023-09-19,136.73880004882812,138.0399932861328,138.41000366210938,136.6199951171875,137.4199981689453,20353700
2023-09-20,132.47938537597656,133.74000549316406,138.0800018310547,133.6199951171875,138.0800018310547,29927500
2023-09-21,129.21051025390625,130.44000244140625,132.22999572753906,130.07000732421875,131.44000244140625,31503900
2023-09-22,129.0222625732422,130.25,132.02999877929688,129.60000610351562,130.75999450683594,26397300
2023-09-25,129.87416076660156,131.11000061035156,131.1699981689453,128.9600067138672,129.8300018310547,20094600
2023-09-26,127.35812377929688,128.57000732421875,130.36000061035156,127.22000122070312,129.77000427246094,25718700
2023-09-27,129.30950927734375,130.5399932861328,130.89999389648438,128.57000732421875,128.57000732421875,22746500
2023-09-28,131.0628662109375,132.30999755859375,133.3000030517578,129.7899932861328,129.83999633789062,22513100
2023-09-29,129.62649536132812,130.86000061035156,134.0500030517578,130.36000061035156,133.27999877929688,30859800
2023-10-02,132.90533447265625,134.1699981689453,134.4199981689453,131.1699981689453,131.2100067138672,22288000
2023-10-03,131.1817169189453,132.42999267578125,134.25999450683594,131.83999633789062,133.94000244140625,22989400
2023-10-04,133.96527099609375,135.24000549316406,135.57000732421875,132.52999877929688,132.7899932861328,26752300
2023-10-05,133.79681396484375,135.07000732421875,135.49000549316406,133.4499969482422,135.07000732421875,19832600
2023-10-06,136.28317260742188,137.5800018310547,138.16000366210938,134.00999450683594,134.00999450683594,27597600
2023-10-09,137.11524963378906,138.4199981689453,138.94000244140625,135.61000061035156,136.94000244140625,19278100
2023-10-10,136.75865173339844,138.05999755859375,139.72000122070312,137.3300018310547,138.5,27786600
2023-10-11,139.2251739501953,140.5500030517578,141.11000061035156,138.5800018310547,138.5800018310547,25884300
2023-10-12,137.6600799560547,138.97000122070312,141.22000122070312,138.25999450683594,141.0500030517578,24765500
2023-10-13,136.06524658203125,137.36000061035156,140.0,136.6199951171875,139.3800048828125,23420500
2023-10-16,137.78884887695312,139.10000610351562,139.6300048828125,137.99000549316406,138.1699981689453,28501900
2023-10-17,138.40301513671875,139.72000122070312,139.89999389648438,137.17999267578125,138.6300048828125,23515800
2023-10-18,136.65960693359375,137.9600067138672,140.72000122070312,137.3800048828125,139.4499969482422,23375000
2023-10-19,136.45156860351562,137.75,139.66000366210938,137.3800048828125,138.5,26066000
2023-10-20,134.32188415527344,135.60000610351562,137.8699951171875,135.0800018310547,137.3300018310547,26335700
2023-10-23,135.2133331298828,136.5,137.66000366210938,133.9499969482422,135.0399932861328,26317900
2023-10-24,137.5015869140625,138.80999755859375,139.36000061035156,137.4199981689453,137.8300018310547,44814300
2023-10-25,124.4260025024414,125.61000061035156,128.30999755859375,125.06999969482422,128.16000366210938,84366200
2023-10-26,121.12738037109375,122.27999877929688,124.33000183105469,121.2699966430664,123.2699966430664,57061100
2023-10-27,121.01844024658203,122.16999816894531,123.30999755859375,120.20999908447266,122.87999725341797,44566500
2023-10-30,123.28683471679688,124.45999908447266,125.4000015258789,122.75,123.20999908447266,28940100
2023-10-31,122.9104232788086,124.08000183105469,125.37000274658203,122.69000244140625,125.05999755859375,26292300
2023-11-01,125.2580795288086,126.44999694824219,126.48999786376953,123.72000122070312,124.06999969482422,30082400
2023-11-02,126.28827667236328,127.48999786376953,128.97999572753906,126.93000030517578,128.4199981689453,27124600
2023-11-03,127.88311004638672,129.10000610351562,129.52999877929688,127.86000061035156,128.02000427246094,26393100
2023-11-06,129.0222625732422,130.25,130.33999633789062,128.6699981689453,129.0500030517578,19052700
2023-11-07,129.7354736328125,130.97000122070312,131.91000366210938,129.8800048828125,130.7100067138672,29757300
2023-11-08,130.59727478027344,131.83999633789062,132.2100067138672,130.77999877929688,130.97000122070312,26425800
2023-11-09,129.01234436035156,130.24000549316406,132.5500030517578,130.07000732421875,131.9600067138672,23747800
2023-11-10,131.3402099609375,132.58999633789062,132.8000030517578,129.41000366210938,130.10000610351562,26913300
2023-11-13,130.84487915039062,132.08999633789062,132.58999633789062,131.25,131.77999877929688,18324800
2023-11-14,132.36050415039062,133.6199951171875,135.6999969482422,133.32000732421875,134.19000244140625,32395200
2023-11-15,133.35105895996094,134.6199951171875,135.02999877929688,133.57000732421875,134.8699951171875,23861500
2023-11-16,135.63929748535156,136.92999267578125,137.22000122070312,134.32000732421875,135.19000244140625,28013200
2023-11-17,134.03457641601562,135.30999755859375,136.05999755859375,133.64999389648438,136.0,37240600
2023-11-20,134.9656982421875,136.25,136.66000366210938,133.6199951171875,133.69000244140625,27815500
2023-11-21,135.6789093017578,136.97000122070312,137.17999267578125,135.9600067138672,136.2899932861328,22635300
2023-11-22,137.18460083007812,138.49000549316406,139.4199981689453,137.47000122070312,137.47000122070312,17813900
2023-11-24,135.4015655517578,136.69000244140625,138.1300048828125,135.99000549316406,138.02999877929688,12514300
2023-11-27,135.12420654296875,136.41000366210938,138.4199981689453,136.0,136.02999877929688,23436500
2023-11-28,135.90675354003906,137.1999969482422,137.25,135.4199981689453,136.0800018310547,18730000
2023-11-29,133.7175750732422,134.99000549316406,138.2899932861328,134.83999633789062,137.57000732421875,23967200
2023-11-30,131.28077697753906,132.52999877929688,135.5500030517578,131.27999877929688,135.0500030517578,38988300
2023-12-01,130.6170654296875,131.86000061035156,132.11000061035156,130.6699981689453,131.86000061035156,31442300
2023-12-04,128.05149841308594,129.27000427246094,130.02999877929688,127.9000015258789,129.8800048828125,36669900
2023-12-05,129.75527954101562,130.99000549316406,132.13999938964844,128.25,128.9499969482422,27384800
2023-12-06,128.79443359375,130.02000427246094,131.83999633789062,129.8800048828125,131.44000244140625,23576200
2023-12-07,135.63929748535156,136.92999267578125,138.55999755859375,134.6999969482422,135.0399932861328,56767100
2023-12-08,133.7175750732422,134.99000549316406,136.39999389648438,134.02999877929688,134.1999969482422,32260100
2023-12-11,132.0336151123047,133.2899932861328,133.33999633789062,131.36000061035156,132.3800048828125,31138000
2023-12-12,131.27085876464844,132.52000427246094,133.0,131.25999450683594,131.80999755859375,29032800
2023-12-13,131.3203887939453,132.57000732421875,133.5,131.57000732421875,133.3800048828125,30104800
2023-12-14,130.6963348388672,131.94000244140625,133.72000122070312,129.69000244140625,133.3800048828125,38722400
2023-12-15,131.35011291503906,132.60000610351562,133.50999450683594,131.17999267578125,131.6199951171875,50847100
2023-12-18,134.51995849609375,135.8000030517578,137.14999389648438,132.42999267578125,132.6300048828125,32258000
2023-12-19,135.36192321777344,136.64999389648438,137.47000122070312,136.0800018310547,136.83999633789062,25476800
2023-12-20,137.03599548339844,138.33999633789062,141.6999969482422,138.07000732421875,138.97000122070312,49107200
2023-12-21,139.09640502929688,140.4199981689453,140.69000244140625,139.17999267578125,139.49000549316406,27488300
2023-12-22,140.1563262939453,141.49000549316406,141.99000549316406,140.7100067138672,140.77000427246094,26532200
2023-12-26,140.18603515625,141.52000427246094,142.67999267578125,141.19000244140625,141.58999633789062,16780300
2023-12-27,139.04689025878906,140.3699951171875,142.0800018310547,139.88999938964844,141.58999633789062,19628600
2023-12-28,138.90818786621094,140.22999572753906,141.13999938964844,139.75,140.77999877929688,16045700
2023-12-29,138.37327575683594,139.69000244140625,140.36000061035156,138.77999877929688,139.6300048828125,18733000
2024-01-02,136.8675994873047,138.1699981689453,139.4499969482422,136.47999572753906,138.5500030517578,23711200
2024-01-03,137.6105194091797,138.9199981689453,139.6300048828125,137.0800018310547,137.25,24212100
2024-01-04,135.10438537597656,136.38999938964844,139.16000366210938,136.35000610351562,138.4199981689453,27137700
2024-01-05,134.45059204101562,135.72999572753906,137.16000366210938,135.14999389648438,136.75,22513900
2024-01-08,137.53125,138.83999633789062,139.00999450683594,136.25999450683594,136.2899932861328,21404000
2024-01-09,139.6214141845703,140.9499969482422,141.49000549316406,138.14999389648438,138.5,24759600
2024-01-10,140.93885803222656,142.27999877929688,143.0,140.91000366210938,141.0,21320200
2024-01-11,140.74075317382812,142.0800018310547,145.22000122070312,140.63999938964844,143.49000549316406,24008700
2024-01-12,141.30538940429688,142.64999389648438,143.1999969482422,141.82000732421875,142.6699981689453,18785500
2024-01-16,141.14688110351562,142.49000549316406,144.35000610351562,141.4499969482422,142.0,22670500
2024-01-17,140.13650512695312,141.47000122070312,141.83999633789062,138.89999389648438,141.35000610351562,20968600
2024-01-18,142.1275634765625,143.47999572753906,144.2100067138672,141.99000549316406,142.0500030517578,25746400
2024-01-19,145.000244140625,146.3800048828125,146.4499969482422,144.3800048828125,144.74000549316406,34271900
2024-01-22,144.61390686035156,145.99000549316406,148.38999938964844,145.83999633789062,147.10000610351562,32200400
2024-01-23,145.6539764404297,147.0399932861328,147.17999267578125,145.5,145.88999938964844,21636100
2024-01-24,147.29835510253906,148.6999969482422,149.85000610351562,148.10000610351562,148.5399932861328,25233500
2024-01-25,150.43846130371094,151.8699951171875,153.0500030517578,149.5399932861328,150.07000732421875,29149100
2024-01-26,150.75546264648438,152.19000244140625,152.5399932861328,151.00999450683594,151.10000610351562,26115500
2024-01-29,152.06301879882812,153.50999450683594,153.77999877929688,151.42999267578125,152.05999755859375,27784300
2024-01-30,150.0323486328125,151.4600067138672,153.6199951171875,151.19000244140625,152.8000030517578,36331800
2024-01-31,138.77938842773438,140.10000610351562,144.0,139.8699951171875,143.6199951171875,71910000
2024-02-01,139.8294219970703,141.16000366210938,143.05999755859375,140.7899932861328,142.1199951171875,40466500
2024-02-02,141.03793334960938,142.3800048828125,142.6199951171875,136.5,139.25999450683594,62499600
2024-02-05,142.32568359375,143.67999267578125,145.47000122070312,142.77999877929688,142.82000732421875,38505400
2024-02-06,142.74169921875,144.10000610351562,145.36000061035156,143.19000244140625,144.64999389648438,29128200
2024-02-07,144.16815185546875,145.5399932861328,145.6199951171875,143.92999267578125,144.75999450683594,25208900
2024-02-08,144.53465270996094,145.91000366210938,146.3300018310547,145.10000610351562,145.8300018310547,22563800
2024-02-09,147.59552001953125,149.0,149.44000244140625,146.17999267578125,146.67999267578125,26829500
2024-02-12,146.139404296875,147.52999877929688,149.33999633789062,147.3699951171875,148.4199981689453,21564100
2024-02-13,143.77188110351562,145.13999938964844,146.6699981689453,143.69000244140625,144.9199981689453,27837700
2024-02-14,144.5643768310547,145.94000244140625,146.52000427246094,144.08999633789062,146.0800018310547,22704200
2024-02-15,141.4242401123047,142.77000427246094,143.52000427246094,140.4600067138672,143.13999938964844,37590700
2024-02-16,139.19546508789062,140.52000427246094,143.19000244140625,140.13999938964844,142.99000549316406,31468900
2024-02-20,139.78977966308594,141.1199951171875,142.0800018310547,139.49000549316406,139.66000366210938,25144700
2024-02-21,141.20631408691406,142.5500030517578,142.69000244140625,140.67999267578125,141.4499969482422,23223300
2024-02-22,142.7318115234375,144.08999633789062,145.0,142.8000030517578,144.92999267578125,27191900
2024-02-23,142.60304260253906,143.9600067138672,144.67999267578125,143.42999267578125,143.6699981689453,19493800
2024-02-26,136.27328491210938,137.57000732421875,142.44000244140625,137.38999938964844,142.13999938964844,53641800
2024-02-27,137.5709228515625,138.8800048828125,139.25,137.08999633789062,138.02000427246094,33099200
2024-02-28,135.09445190429688,136.3800048828125,138.00999450683594,135.41000366210938,137.89999389648438,37328600
2024-02-29,137.1548614501953,138.4600067138672,138.86000061035156,136.39999389648438,137.27999877929688,42133000
2024-03-01,135.84732055664062,137.13999938964844,138.8699951171875,136.9199981689453,138.42999267578125,31151100
2024-03-04,132.0930633544922,133.35000610351562,135.66000366210938,131.91000366210938,135.66000366210938,55999400
2024-03-05,131.4194793701172,132.6699981689453,133.24000549316406,130.6699981689453,131.8800048828125,40194800
2024-03-06,130.16143798828125,131.39999389648438,133.5800018310547,130.85000610351562,133.1199951171875,35318600
2024-03-07,133.11334228515625,134.3800048828125,134.94000244140625,131.61000061035156,132.7899932861328,37738200
2024-03-08,134.13365173339844,135.41000366210938,138.08999633789062,134.0,134.2100067138672,39370400
2024-03-11,136.37234497070312,137.6699981689453,139.10000610351562,136.1300048828125,136.1300048828125,32437800
2024-03-12,137.19451904296875,138.5,139.3800048828125,137.02999877929688,137.02999877929688,27563400
2024-03-13,138.47232055664062,139.7899932861328,141.08999633789062,138.99000549316406,139.0,23347200
2024-03-14,141.7511444091797,143.10000610351562,143.58999633789062,140.4600067138672,141.19000244140625,42753400
2024-03-15,139.84921264648438,141.17999267578125,143.17999267578125,140.02999877929688,142.5,49475400
2024-03-18,146.2879638671875,147.67999267578125,152.14999389648438,147.1699981689453,148.61000061035156,69273700
2024-03-19,145.64410400390625,147.02999877929688,148.7899932861328,146.0800018310547,148.16000366210938,24070400
2024-03-20,147.3379669189453,148.74000549316406,148.86000061035156,146.74000549316406,148.0,21311500
2024-03-21,146.20872497558594,147.60000610351562,150.3699951171875,146.89999389648438,149.47000122070312,24755600
2024-03-22,149.34886169433594,150.77000427246094,151.5800018310547,148.97999572753906,149.1199951171875,29211800
2024-03-25,148.6554718017578,150.07000732421875,150.3800048828125,147.82000732421875,149.94000244140625,19229300
2024-03-26,149.24978637695312,150.6699981689453,152.25999450683594,149.97999572753906,150.22000122070312,22149100
2024-03-27,149.4479217529297,150.8699951171875,151.63999938964844,148.89999389648438,151.17999267578125,22879200
2024-03-28,149.50732421875,150.92999267578125,151.42999267578125,150.1699981689453,150.85000610351562,24485400
2024-04-01,154.0243682861328,155.49000549316406,155.74000549316406,150.61000061035156,150.69000244140625,31730800
2024-04-02,153.1031036376953,154.55999755859375,154.6999969482422,152.14999389648438,153.5,24586000
2024-04-03,153.459716796875,154.9199981689453,155.0800018310547,152.72999572753906,153.60000610351562,24705000
2024-04-04,149.11109924316406,150.52999877929688,154.77000427246094,150.4499969482422,153.5,34724700
2024-04-05,151.06253051757812,152.5,153.4199981689453,149.60000610351562,150.02999877929688,23459200
2024-04-08,153.39039611816406,154.85000610351562,155.27000427246094,152.61000061035156,152.77999877929688,20702000
2024-04-09,155.12388610839844,156.60000610351562,158.55999755859375,155.19000244140625,156.08999633789062,31079500
2024-04-10,154.66822814941406,156.13999938964844,156.61000061035156,154.67999267578125,156.2100067138672,22838600
2024-04-11,157.90740966796875,159.41000366210938,159.67999267578125,156.4600067138672,156.91000366210938,27166400
2024-04-12,156.2432403564453,157.72999572753906,160.22000122070312,157.13999938964844,157.9600067138672,25353700
2024-04-15,153.40029907226562,154.86000061035156,159.24000549316406,154.58999633789062,158.86000061035156,27136500
2024-04-16,152.9446258544922,154.39999389648438,155.64999389648438,153.42999267578125,154.19000244140625,20779500
2024-04-17,154.00453186035156,155.47000122070312,157.0800018310547,154.5800018310547,155.6199951171875,21763100
2024-04-18,154.53944396972656,156.00999450683594,156.94000244140625,154.6199951171875,155.33999633789062,19883000
2024-04-19,152.63754272460938,154.08999633789062,156.36000061035156,152.3000030517578,156.1999969482422,32615600
2024-04-22,154.80691528320312,156.27999877929688,157.63999938964844,154.05999755859375,154.30999755859375,26446200
2024-04-23,156.7682342529297,158.25999450683594,158.97000122070312,156.27999877929688,156.9600067138672,21151600
2024-04-24,157.63003540039062,159.1300048828125,159.57000732421875,157.1699981689453,157.49000549316406,22779100
2024-04-25,154.52957153320312,156.0,156.49000549316406,150.8699951171875,151.3300018310547,57109700
2024-04-26,170.32920837402344,171.9499969482422,174.7100067138672,169.64999389648438,174.3699951171875,64665300
2024-04-29,164.58387756347656,166.14999389648438,169.5500030517578,165.2100067138672,169.05999755859375,45610000
2024-04-30,161.24562072753906,162.77999877929688,168.10000610351562,162.60000610351562,165.61000061035156,33562900
2024-05-01,162.3154296875,163.86000061035156,167.1199951171875,163.08999633789062,164.3000030517578,33493200
2024-05-02,165.04942321777344,166.6199951171875,166.72999572753906,163.88999938964844,164.7899932861328,24294500
2024-05-03,165.6636199951172,167.24000549316406,167.9600067138672,163.0500030517578,167.55999755859375,34662400
2024-05-06,166.5155029296875,168.10000610351562,168.13999938964844,166.02999877929688,167.4600067138672,21871300
2024-05-07,169.6357879638672,171.25,171.75999450683594,168.38999938964844,168.5,28039700
2024-05-08,167.78341674804688,169.3800048828125,170.14999389648438,168.74000549316406,169.0,19569100
2024-05-09,168.3579864501953,169.9600067138672,170.69000244140625,168.17999267578125,169.38999938964844,15346700
2024-05-10,167.060302734375,168.64999389648438,169.85000610351562,166.19000244140625,168.02999877929688,29799900
2024-05-13,167.54568481445312,169.13999938964844,169.27999877929688,164.0,164.25999450683594,31327600
2024-05-14,168.73434448242188,170.33999633789062,171.25,168.8000030517578,169.77000427246094,25127100
2024-05-15,170.88389587402344,172.50999450683594,172.64999389648438,170.50999450683594,170.6300048828125,26948400
2024-05-16,172.5381622314453,174.17999267578125,175.1199951171875,172.69000244140625,173.2899932861328,27867900
2024-05-17,174.40045166015625,176.05999755859375,176.27000427246094,173.69000244140625,174.17999267578125,24479300
2024-05-20,175.25234985351562,176.9199981689453,178.77000427246094,176.0800018310547,176.19000244140625,22554400
2024-05-21,176.17359924316406,177.85000610351562,178.14999389648438,175.80999755859375,176.89999389648438,16989400
2024-05-22,174.7174530029297,176.3800048828125,177.14999389648438,175.2100067138672,176.63999938964844,17880000
2024-05-23,171.9141082763672,173.5500030517578,178.25,172.9499969482422,177.07000732421875,21024900
2024-05-24,173.34054565429688,174.99000549316406,175.77000427246094,173.64999389648438,174.97999572753906,16579400
2024-05-28,174.7372589111328,176.39999389648438,177.27000427246094,174.3699951171875,174.4499969482422,20572200
2024-05-29,174.24197387695312,175.89999389648438,176.83999633789062,174.72000122070312,175.42999267578125,23388700
2024-05-30,170.48770141601562,172.11000061035156,175.22000122070312,171.7899932861328,175.1999969482422,22931500
2024-05-31,170.8740234375,172.5,173.05999755859375,169.44000244140625,171.86000061035156,37638900
2024-06-03,171.53768920898438,173.1699981689453,174.52999877929688,171.16000366210938,172.5399932861328,27459100
2024-06-04,172.15184020996094,173.7899932861328,173.85000610351562,171.88999938964844,173.27999877929688,26879600
2024-06-05,173.756591796875,175.41000366210938,176.64999389648438,173.92999267578125,175.1999969482422,22068500
2024-06-06,175.06414794921875,176.72999572753906,177.14999389648438,175.75,175.89999389648438,23251000
2024-06-07,172.81552124023438,174.4600067138672,177.8699951171875,174.3000030517578,177.0500030517578,19661400
2024-06-10,173.55931091308594,175.00999450683594,177.05999755859375,172.75999450683594,174.97000122070312,23726700
2024-06-11,175.1559600830078,176.6199951171875,176.83999633789062,173.77000427246094,176.22000122070312,21540600
2024-06-12,176.31625366210938,177.7899932861328,180.41000366210938,176.11000061035156,178.25,27864700
2024-06-13,173.70806884765625,175.16000366210938,176.74000549316406,174.8800048828125,176.11000061035156,20913300
2024-06-14,175.32456970214844,176.7899932861328,177.05999755859375,174.14999389648438,174.22000122070312,18063600
2024-06-17,175.77084350585938,177.24000549316406,178.36000061035156,174.80999755859375,175.4600067138672,19618500
2024-06-18,173.63865661621094,175.08999633789062,177.38999938964844,174.10000610351562,177.13999938964844,21869900
2024-06-20,174.83863830566406,176.3000030517578,177.2899932861328,174.99000549316406,175.3699951171875,20160100
2024-06-21,178.14102172851562,179.6300048828125,180.85000610351562,176.61000061035156,177.0,57759000
2024-06-24,177.73440551757812,179.22000122070312,180.88999938964844,178.6699981689453,180.16000366210938,18298000
2024-06-25,182.50457763671875,184.02999877929688,184.2899932861328,179.4199981689453,179.6199951171875,23130200
2024-06-26,182.35580444335938,183.8800048828125,184.50999450683594,182.47999572753906,182.6300048828125,19839000
2024-06-27,183.8731231689453,185.41000366210938,186.0500030517578,184.02000427246094,184.17999267578125,18848900
2024-06-28,180.64013671875,182.14999389648438,185.1300048828125,181.9600067138672,184.32000732421875,29156600
2024-07-01,181.47317504882812,182.99000549316406,183.8800048828125,181.3000030517578,183.02999877929688,16006100
2024-07-02,183.7045135498047,185.24000549316406,185.57000732421875,181.55999755859375,182.0500030517578,17372500
2024-07-03,184.2797088623047,185.82000732421875,186.08999633789062,184.0,184.85000610351562,10242100
2024-07-05,189.0200958251953,190.60000610351562,190.86000061035156,185.8000030517578,185.86000061035156,20967500
2024-07-08,187.46310424804688,189.02999877929688,190.1699981689453,187.77999877929688,189.89999389648438,21035900
2024-07-09,187.41351318359375,188.97999572753906,191.36000061035156,188.72000122070312,190.30999755859375,15121400
2024-07-10,189.5952911376953,191.17999267578125,191.75,189.02999877929688,189.14999389648438,15952500
2024-07-11,184.0318145751953,185.57000732421875,190.86000061035156,185.0800018310547,189.85000610351562,25625800
2024-07-12,183.53591918945312,185.07000732421875,187.11000061035156,184.49000549316406,185.0800018310547,22898400
2024-07-15,184.98382568359375,186.52999877929688,188.24000549316406,184.9199981689453,184.9199981689453,16474000
2024-07-16,182.3954620361328,183.9199981689453,188.67999267578125,183.3699951171875,187.36000061035156,18290700
2024-07-17,179.51950073242188,181.02000427246094,183.5500030517578,179.89999389648438,182.97000122070312,20734100
2024-07-18,176.21713256835938,177.69000244140625,182.5,176.47000122070312,181.92999267578125,25315700
2024-07-19,176.1873779296875,177.66000366210938,180.2899932861328,177.1300048828125,178.8800048828125,18881900
2024-07-22,180.1641387939453,181.6699981689453,182.6999969482422,180.22999572753906,180.58999633789062,24100300
2024-07-23,180.28311157226562,181.7899932861328,183.61000061035156,181.5399932861328,182.0500030517578,36352700
2024-07-24,171.19906616210938,172.6300048828125,176.19000244140625,171.82000732421875,173.60000610351562,49585200
2024-07-25,165.89340209960938,167.27999877929688,173.4199981689453,167.19000244140625,172.52000427246094,44852000
2024-07-26,165.61572265625,167.0,168.08999633789062,164.05999755859375,167.14999389648438,41336900
2024-07-29,168.124755859375,169.52999877929688,170.42999267578125,167.99000549316406,168.8300018310547,20293800
2024-07-30,168.87841796875,170.2899932861328,171.22999572753906,168.44000244140625,170.24000549316406,18959700
2024-07-31,170.11807250976562,171.5399932861328,174.25,170.00999450683594,173.24000549316406,25729100
2024-08-01,169.34454345703125,170.75999450683594,174.0500030517578,168.8800048828125,170.25,24531400
2024-08-02,165.27853393554688,166.66000366210938,168.50999450683594,164.6699981689453,166.44000244140625,29130100
2024-08-05,157.92996215820312,159.25,164.42999267578125,154.92999267578125,155.5,53630700
2024-08-06,156.9779052734375,158.2899932861328,160.57000732421875,156.41000366210938,159.3300018310547,49004600
2024-08-07,157.62252807617188,158.94000244140625,162.97999572753906,158.47000122070312,161.25,25138600
2024-08-08,160.68692016601562,162.02999877929688,163.69000244140625,160.2100067138672,160.50999450683594,25578800
2024-08-09,162.3133087158203,163.6699981689453,163.7899932861328,159.05999755859375,160.00999450683594,28602300
2024-08-12,160.94476318359375,162.2899932861328,164.89999389648438,161.83999633789062,164.35000610351562,15895300
2024-08-13,162.79925537109375,164.16000366210938,164.72999572753906,162.97000122070312,163.41000366210938,18551700
2024-08-14,159.0406494140625,160.3699951171875,163.22000122070312,157.7100067138672,162.39999389648438,40591100
2024-08-15,159.96295166015625,161.3000030517578,161.63999938964844,159.61000061035156,160.5,31524300
2024-08-16,161.60922241210938,162.9600067138672,165.05999755859375,161.1300048828125,161.47000122070312,24208600
2024-08-19,165.28843688964844,166.6699981689453,166.69000244140625,164.25999450683594,165.27999877929688,22416200
2024-08-20,165.79421997070312,167.17999267578125,168.63999938964844,166.82000732421875,166.89999389648438,18341500
2024-08-21,164.47523498535156,165.85000610351562,166.85000610351562,164.6699981689453,165.14999389648438,22902000
2024-08-22,162.44224548339844,163.8000030517578,167.58999633789062,163.30999755859375,167.25999450683594,22493300
2024-08-23,164.2471466064453,165.6199951171875,166.17999267578125,163.8300018310547,164.72000122070312,13955700
2024-08-26,164.78269958496094,166.16000366210938,167.5500030517578,164.4600067138672,166.3800048828125,14190400
2024-08-27,163.31495666503906,164.67999267578125,166.44000244140625,164.4600067138672,165.83999633789062,11821900
2024-08-28,161.5001220703125,162.85000610351562,165.60000610351562,161.52999877929688,165.0399932861328,16407400
2024-08-29,160.4390106201172,161.77999877929688,165.97000122070312,160.25,164.30999755859375,19699800
2024-08-30,162.0257110595703,163.3800048828125,163.66000366210938,161.69000244140625,162.6199951171875,22123800
2024-09-03,156.05563354492188,157.36000061035156,161.85000610351562,156.47999572753906,161.72000122070312,38945300
2024-09-04,155.1531524658203,156.4499969482422,159.0,155.9600067138672,156.66000366210938,19353800
2024-09-05,155.93663024902344,157.24000549316406,159.4499969482422,155.97999572753906,156.3000030517578,18688700
2024-09-06,149.6689910888672,150.9199981689453,157.8300018310547,150.5500030517578,157.3000030517578,37912100
2024-09-09,147.6730194091797,148.7100067138672,153.39999389648438,147.22000122070312,152.50999450683594,39260500
2024-09-10,147.6233673095703,148.66000366210938,151.27000427246094,148.33999633789062,150.4499969482422,31118800
2024-09-11,150.10592651367188,151.16000366210938,151.5,147.52000427246094,149.9199981689453,29607700
2024-09-12,153.61134338378906,154.69000244140625,154.82000732421875,152.64999389648438,153.8000030517578,29621500
2024-09-13,156.36199951171875,157.4600067138672,158.3800048828125,155.2100067138672,155.42999267578125,29591200
2024-09-16,156.9578094482422,158.05999755859375,158.25,156.60000610351562,157.30999755859375,18379800
2024-09-17,158.20904541015625,159.32000732421875,160.5500030517578,158.3800048828125,159.02000427246094,20715600
2024-09-18,158.6956024169922,159.80999755859375,160.5,158.60000610351562,159.86000061035156,23677300
2024-09-19,161.0093536376953,162.13999938964844,163.7899932861328,161.33999633789062,163.7100067138672,26587700
2024-09-20,162.4492645263672,163.58999633789062,163.72999572753906,162.05999755859375,163.5,40896400
2024-09-23,160.72142028808594,161.85000610351562,165.49000549316406,161.6699981689453,164.35000610351562,24150900
2024-09-24,161.1583251953125,162.2899932861328,163.22000122070312,160.69000244140625,163.02999877929688,23332100
2024-09-25,160.36390686035156,161.49000549316406,162.80999755859375,161.3000030517578,161.47000122070312,18869200
2024-09-26,161.59524536132812,162.72999572753906,164.0800018310547,162.27999877929688,163.63999938964844,20319300
2024-09-27,162.80673217773438,163.9499969482422,165.6999969482422,162.6300048828125,162.80999755859375,21101300
2024-09-30,164.6934814453125,165.85000610351562,166.14999389648438,163.25999450683594,163.32000732421875,20413900
2024-10-01,165.8255615234375,166.99000549316406,169.16000366210938,164.5800018310547,167.69000244140625,28338100
2024-10-02,164.7034454345703,165.86000061035156,167.52000427246094,164.72999572753906,166.4199981689453,17760200
2024-10-03,164.7034454345703,165.86000061035156,166.63999938964844,163.9199981689453,164.41000366210938,15073100
2024-10-04,165.8950653076172,167.05999755859375,168.22999572753906,165.47999572753906,168.05999755859375,19047400
2024-10-07,161.843505859375,162.97999572753906,168.47999572753906,162.75,167.72000122070312,22463100
2024-10-08,163.23373413085938,164.3800048828125,164.72999572753906,162.8699951171875,163.94000244140625,23072700
2024-10-09,160.73129272460938,161.86000061035156,164.83999633789062,159.74000549316406,163.4499969482422,31181800
2024-10-10,160.9497833251953,162.0800018310547,163.07000732421875,160.39999389648438,160.8699951171875,14144100
2024-10-11,162.10169982910156,163.24000549316406,163.89999389648438,161.24000549316406,162.1300048828125,15344300
2024-10-14,163.8097381591797,164.9600067138672,166.22999572753906,163.39999389648438,163.63999938964844,19016100
2024-10-15,164.3062286376953,165.4600067138672,167.67999267578125,164.6300048828125,165.7899932861328,20247200
2024-10-16,164.00831604003906,165.16000366210938,165.8000030517578,163.74000549316406,164.52999877929688,16406000
2024-10-17,161.79385375976562,162.92999267578125,166.3699951171875,162.75999450683594,165.72999572753906,21453400
2024-10-18,162.28045654296875,163.4199981689453,164.7100067138672,163.0800018310547,163.19000244140625,19757700
2024-10-21,162.92591857910156,164.07000732421875,164.5,162.6199951171875,162.9499969482422,20946500
2024-10-22,163.98843383789062,165.13999938964844,165.77000427246094,162.97999572753906,162.97999572753906,16568100
2024-10-23,161.6448974609375,162.77999877929688,165.82000732421875,161.92999267578125,164.75999450683594,18280500
2024-10-24,161.58534240722656,162.72000122070312,163.3300018310547,161.00999450683594,162.8300018310547,22412500
2024-10-25,164.1175537109375,165.27000427246094,165.58999633789062,163.4199981689453,163.6699981689453,19828900
2024-10-28,165.55743408203125,166.72000122070312,168.75,163.9499969482422,168.75,32138600
2024-10-29,168.4967803955078,169.67999267578125,170.3800048828125,167.08999633789062,167.72999572753906,42169000
2024-10-30,173.24343872070312,174.4600067138672,182.02000427246094,174.05999755859375,180.67999267578125,68890800
2024-10-31,169.91680908203125,171.11000061035156,176.82000732421875,171.0,173.1300048828125,44769000
2024-11-01,170.09556579589844,171.2899932861328,172.32000732421875,168.8800048828125,170.07000732421875,31796500
2024-11-04,168.0598602294922,169.24000549316406,170.72999572753906,168.00999450683594,169.92999267578125,21492700
2024-11-05,168.556396484375,169.74000549316406,170.52999877929688,168.83999633789062,169.42999267578125,18242100
2024-11-06,175.27915954589844,176.50999450683594,176.94000244140625,173.5,173.8000030517578,33695500
2024-11-07,179.48960876464844,180.75,181.0800018310547,177.19000244140625,177.41000366210938,25352900
2024-11-08,177.10633850097656,178.35000610351562,180.89999389648438,178.0800018310547,180.64999389648438,22006200
2024-11-11,179.09239196777344,180.35000610351562,180.5500030517578,178.47000122070312,178.5800018310547,17450400
2024-11-12,180.35353088378906,181.6199951171875,182.49000549316406,179.38999938964844,179.82000732421875,25134900
2024-11-13,177.6326446533203,178.8800048828125,180.9600067138672,178.5399932861328,180.4600067138672,23184000
2024-11-14,174.3556671142578,175.5800018310547,178.82000732421875,174.32000732421875,178.27999877929688,31007500
2024-11-15,171.28721618652344,172.49000549316406,174.13999938964844,171.22000122070312,173.72999572753906,32504600
2024-11-18,174.07762145996094,175.3000030517578,175.44000244140625,172.89999389648438,173.4199981689453,20135300
2024-11-19,176.87794494628906,178.1199951171875,178.8699951171875,173.55999755859375,173.72000122070312,23434900
2024-11-20,174.7528533935547,175.97999572753906,177.67999267578125,173.77999877929688,177.33999633789062,18997100
2024-11-21,166.46109008789062,167.6300048828125,174.1300048828125,163.6999969482422,173.89999389648438,59734400
2024-11-22,163.611083984375,164.75999450683594,166.4600067138672,163.89999389648438,165.85000610351562,38604600
2024-11-25,166.48094177246094,167.64999389648438,168.6300048828125,165.61000061035156,166.08999633789062,33135300
2024-11-26,167.94068908691406,169.1199951171875,169.82000732421875,167.5800018310547,167.6300048828125,20486700
2024-11-27,168.04991149902344,169.22999572753906,169.47999572753906,168.02000427246094,169.0,19266500
2024-11-29,167.77188110351562,168.9499969482422,169.42999267578125,167.16000366210938,168.5,14257200
2024-12-02,170.29417419433594,171.49000549316406,172.0800018310547,168.57000732421875,168.77000427246094,23789100
2024-12-03,170.14520263671875,171.33999633789062,172.67999267578125,170.85000610351562,171.49000549316406,22248700
2024-12-04,173.15406799316406,174.3699951171875,174.91000366210938,171.05999755859375,171.14999389648438,31615100
2024-12-05,171.43614196777344,172.63999938964844,176.05999755859375,172.3300018310547,175.36000061035156,21356200
2024-12-06,173.4917449951172,174.7100067138672,175.0800018310547,171.86000061035156,172.02999877929688,21462400
2024-12-09,174.34671020507812,175.3699951171875,176.25999450683594,173.64999389648438,173.9600067138672,25389600
2024-12-10,184.08950805664062,185.1699981689453,186.36000061035156,181.0500030517578,182.85000610351562,54813000
2024-12-11,194.25982666015625,195.39999389648438,195.61000061035156,184.85000610351562,185.30999755859375,67894100
2024-12-12,190.83990478515625,191.9600067138672,195.17999267578125,191.7100067138672,195.0,34817500
2024-12-13,188.71237182617188,189.82000732421875,192.72999572753906,189.63999938964844,191.00999450683594,25143500
2024-12-16,195.51248168945312,196.66000366210938,199.0,192.6199951171875,192.8699951171875,44934900
2024-12-17,194.2797088623047,195.4199981689453,201.4199981689453,194.97999572753906,197.25,43504000
2024-12-18,187.30067443847656,188.39999389648438,197.0,187.74000549316406,195.22000122070312,34166100
2024-12-19,187.41001892089844,188.50999450683594,193.02999877929688,188.3800048828125,191.6300048828125,32265200
2024-12-20,190.2930908203125,191.41000366210938,192.88999938964844,185.22000122070312,185.77999877929688,63462900
2024-12-23,193.4943389892578,194.6300048828125,195.10000610351562,190.14999389648438,192.6199951171875,25675000
2024-12-24,194.96566772460938,196.11000061035156,196.11000061035156,193.77999877929688,194.83999633789062,10403300
2024-12-26,194.45864868164062,195.60000610351562,196.75,194.3800048828125,195.14999389648438,12046600
2024-12-27,191.63523864746094,192.75999450683594,195.32000732421875,190.64999389648438,194.9499969482422,18891400
2024-12-30,190.12411499023438,191.24000549316406,192.5500030517578,189.1199951171875,189.8000030517578,14264700
2024-12-31,188.19541931152344,189.3000030517578,191.9600067138672,188.50999450683594,191.0800018310547,17466900
2025-01-02,188.3246612548828,189.42999267578125,192.0,187.5,190.64999389648438,20370800
2025-01-03,190.67088317871094,191.7899932861328,193.2100067138672,189.97999572753906,191.3699951171875,18596200
2025-01-06,195.7212371826172,196.8699951171875,198.22000122070312,193.85000610351562,193.97999572753906,29563600
2025-01-07,194.34930419921875,195.49000549316406,201.0,194.60000610351562,197.11000061035156,26487200
2025-01-08,192.8182830810547,193.9499969482422,196.2899932861328,192.3800048828125,192.57000732421875,24864800
2025-01-10,190.91941833496094,192.0399932861328,196.52000427246094,190.30999755859375,194.3000030517578,26665200
2025-01-13,189.8954315185547,191.00999450683594,191.17999267578125,187.36000061035156,190.07000732421875,21823700
2025-01-14,188.55331420898438,189.66000366210938,191.97999572753906,188.30999755859375,191.24000549316406,17174900
2025-01-15,194.40895080566406,195.5500030517578,196.36000061035156,191.86000061035156,193.08999633789062,21776000
2025-01-16,191.78436279296875,192.91000366210938,195.47999572753906,192.80999755859375,194.13999938964844,17815400
2025-01-17,194.8563232421875,196.0,197.22999572753906,193.75,196.52999877929688,27735100
2025-01-21,196.89437866210938,198.0500030517578,202.2899932861328,197.8699951171875,199.07000732421875,29971300
2025-01-22,197.21250915527344,198.3699951171875,200.47999572753906,197.52999877929688,199.05999755859375,26200600
2025-01-23,196.82476806640625,197.97999572753906,200.3000030517578,195.1999969482422,198.13999938964844,26951400
2025-01-24,199.041748046875,200.2100067138672,200.89999389648438,198.0,198.10000610351562,23877500
2025-01-27,190.69076538085938,191.80999755859375,196.8800048828125,190.72999572753906,192.41000366210938,41728900
2025-01-28,194.16041564941406,195.3000030517578,195.47999572753906,190.67999267578125,192.75,24157900
2025-01-29,194.26974487304688,195.41000366210938,196.7899932861328,193.42999267578125,195.55999755859375,18218300
2025-01-30,199.69789123535156,200.8699951171875,201.39999389648438,197.6699981689453,198.0,24354700
2025-01-31,202.82952880859375,204.02000427246094,205.47999572753906,201.8000030517578,202.0,32001100
2025-02-03,200.0557861328125,201.22999572753906,203.75,200.10000610351562,200.69000244140625,27838300
2025-02-04,205.17576599121094,206.3800048828125,207.0500030517578,202.80999755859375,203.38999938964844,43856400
2025-02-05,190.2135772705078,191.3300018310547,192.75,188.02999877929688,191.07000732421875,70373900
2025-02-06,190.48199462890625,191.60000610351562,192.10000610351562,188.72000122070312,189.5,29297400
2025-02-07,184.25852966308594,185.33999633789062,191.17999267578125,183.24000549316406,191.0500030517578,49315000
2025-02-10,185.38194274902344,186.47000122070312,188.1999969482422,185.86000061035156,187.35000610351562,23105600
2025-02-11,184.2386474609375,185.32000732421875,186.94000244140625,184.27999877929688,185.02999877929688,21239500
2025-02-12,182.53860473632812,183.61000061035156,185.11000061035156,181.8300018310547,183.22000122070312,22072600
2025-02-13,185.05386352539062,186.13999938964844,186.27999877929688,183.13999938964844,184.32000732421875,21402500
2025-02-14,184.149169921875,185.22999572753906,186.39999389648438,184.32000732421875,185.05999755859375,20448400
2025-02-18,182.6976776123047,183.77000427246094,185.9600067138672,181.74000549316406,185.60000610351562,29916700
2025-02-19,184.18894958496094,185.27000427246094,185.4600067138672,183.58999633789062,184.07000732421875,19549400
2025-02-20,183.4830780029297,184.55999755859375,185.30999755859375,182.72000122070312,184.8000030517578,20441500
2025-02-21,178.61167907714844,179.66000366210938,185.33999633789062,179.0800018310547,185.14999389648438,35199200
2025-02-24,178.20407104492188,179.25,183.1199951171875,178.88999938964844,181.99000549316406,29854200
2025-02-25,174.3964080810547,175.4199981689453,178.74000549316406,174.69000244140625,178.0399932861328,41913400
2025-02-26,171.7220916748047,172.72999572753906,176.0800018310547,171.5800018310547,175.07000732421875,35431300
2025-02-27,167.51678466796875,168.5,174.55999755859375,167.94000244140625,173.99000549316406,39991000
2025-02-28,169.2864227294922,170.27999877929688,170.61000061035156,166.77000427246094,168.67999267578125,48130600
2025-03-03,166.03546142578125,167.00999450683594,173.3699951171875,165.92999267578125,171.92999267578125,40770500
2025-03-04,169.9226531982422,170.9199981689453,173.2899932861328,165.8000030517578,166.24000549316406,45388000
2025-03-05,172.0104217529297,173.02000427246094,173.77999877929688,169.05999755859375,170.52000427246094,30954900
2025-03-06,171.34432983398438,172.35000610351562,174.80999755859375,170.5,170.52999877929688,28302000
2025-03-07,172.8455047607422,173.86000061035156,174.97000122070312,170.27000427246094,171.25999450683594,27385800
2025-03-10,165.09205627441406,165.8699951171875,168.4600067138672,163.69000244140625,168.25999450683594,43604000
2025-03-11,163.27059936523438,164.0399932861328,166.75,161.3699951171875,164.91000366210938,39587400
2025-03-12,166.32623291015625,167.11000061035156,167.63999938964844,163.52999877929688,166.5800018310547,28372400
2025-03-13,161.99661254882812,162.75999450683594,166.1300048828125,162.11000061035156,166.0399932861328,31756200
2025-03-14,164.7138214111328,165.49000549316406,166.49000549316406,162.4499969482422,163.27000427246094,31995900
2025-03-17,163.51947021484375,164.2899932861328,166.3000030517578,163.6699981689453,165.02999877929688,31184300
2025-03-18,159.91644287109375,160.6699981689453,164.25,156.72000122070312,163.67999267578125,42074800
2025-03-19,163.121337890625,163.88999938964844,165.8699951171875,161.0,161.75999450683594,34275600
2025-03-20,162.03643798828125,162.8000030517578,164.88999938964844,160.9600067138672,161.57000732421875,28138500
2025-03-21,163.22085571289062,163.99000549316406,164.24000549316406,160.88999938964844,161.2100067138672,36625800
2025-03-24,166.8935546875,167.67999267578125,168.32000732421875,165.13999938964844,167.07000732421875,30879100
2025-03-25,169.76007080078125,170.55999755859375,170.6300048828125,168.32000732421875,168.97999572753906,24174400
2025-03-26,164.28585815429688,165.05999755859375,169.61000061035156,164.83999633789062,169.0,28901600
2025-03-27,161.4790802001953,162.24000549316406,165.4199981689453,162.0,164.6300048828125,24508300
2025-03-28,153.60617065429688,154.3300018310547,161.82000732421875,153.6300048828125,160.49000549316406,48669300
2025-03-31,153.91473388671875,154.63999938964844,155.5399932861328,150.66000366210938,153.11000061035156,54603500
2025-04-01,156.33334350585938,157.07000732421875,158.10000610351562,153.6199951171875,153.6199951171875,30672900
2025-04-02,156.30343627929688,157.0399932861328,158.41000366210938,154.6999969482422,155.14999389648438,25041700
2025-04-03,150.0131072998047,150.72000122070312,152.77999877929688,150.38999938964844,151.11000061035156,46883400
2025-04-04,144.9171142578125,145.60000610351562,151.07000732421875,145.3800048828125,148.00999450683594,62259500
2025-04-07,146.06173706054688,146.75,152.85000610351562,140.52999877929688,141.5500030517578,76794100
2025-04-08,144.02134704589844,144.6999969482422,152.24000549316406,143.02999877929688,151.22000122070312,52200200
2025-04-09,157.96563720703125,158.7100067138672,159.5500030517578,143.91000366210938,144.4199981689453,70406200
2025-04-10,152.10325622558594,152.82000732421875,157.72000122070312,149.92999267578125,156.5399932861328,48022000
2025-04-11,156.40298461914062,157.13999938964844,157.6699981689453,152.82000732421875,152.89999389648438,33636200
2025-04-14,158.32395935058594,159.07000732421875,161.72000122070312,157.55999755859375,160.0,30333000
2025-04-15,155.576904296875,156.30999755859375,159.64999389648438,155.2100067138672,159.1300048828125,27551500
2025-04-16,152.61087036132812,153.3300018310547,155.88999938964844,151.50999450683594,153.10000610351562,28187400
2025-04-17,150.4510498046875,151.16000366210938,154.67999267578125,148.5,154.2899932861328,33046600
2025-04-21,146.9774169921875,147.6699981689453,148.9499969482422,146.10000610351562,148.8800048828125,26049100
2025-04-22,150.7595977783203,151.47000122070312,152.19000244140625,148.5399932861328,148.88999938964844,26971800
2025-04-23,154.62139892578125,155.35000610351562,157.52999877929688,153.80999755859375,155.61000061035156,31128800
2025-04-24,158.532958984375,159.27999877929688,159.58999633789062,155.7899932861328,156.14999389648438,45894000
2025-04-25,161.2003936767578,161.9600067138672,166.10000610351562,161.0399932861328,165.07000732421875,56034000
2025-04-28,159.85671997070312,160.61000061035156,163.14999389648438,158.60000610351562,162.42999267578125,29745800
2025-04-29,159.40884399414062,160.16000366210938,160.74000549316406,157.52000427246094,160.32000732421875,26809000
2025-04-30,158.05520629882812,158.8000030517578,159.27000427246094,155.39999389648438,157.97999572753906,34981100
2025-05-01,160.54348754882812,161.3000030517578,161.9499969482422,158.91000366210938,160.4499969482422,30203200
2025-05-02,163.2606964111328,164.02999877929688,164.97000122070312,161.8699951171875,163.41000366210938,25715000
2025-05-05,163.4398193359375,164.2100067138672,165.38999938964844,162.72000122070312,163.0,21341800
2025-05-06,162.4644317626953,163.22999572753906,164.8000030517578,161.19000244140625,162.1699981689453,21277200
2025-05-07,150.67001342773438,151.3800048828125,165.0,147.83999633789062,164.0800018310547,127490100
2025-05-08,153.556396484375,154.27999877929688,155.92999267578125,152.89999389648438,155.0,57498700
2025-05-09,152.03359985351562,152.75,155.0500030517578,152.1999969482422,154.1699981689453,32435300
2025-05-12,157.71681213378906,158.4600067138672,159.10000610351562,156.25,157.49000549316406,44138800
2025-05-13,158.78179931640625,159.52999877929688,160.57000732421875,156.16000366210938,158.7899932861328,42382100
2025-05-14,164.59439086914062,165.3699951171875,167.0,159.61000061035156,159.9600067138672,48755900
2025-05-15,163.19102478027344,163.9600067138672,166.2100067138672,162.3699951171875,165.83999633789062,33146700
2025-05-16,165.41053771972656,166.19000244140625,169.35000610351562,165.6199951171875,167.72999572753906,42846900
2025-05-19,165.75889587402344,166.5399932861328,166.63999938964844,164.22000122070312,164.50999450683594,30426100
2025-05-20,163.21090698242188,163.97999572753906,168.5,162.89999389648438,166.42999267578125,46607700
2025-05-21,167.76942443847656,168.55999755859375,173.13999938964844,163.55999755859375,163.69000244140625,73416000
2025-05-22,170.06858825683594,170.8699951171875,176.77000427246094,170.7100067138672,171.85000610351562,74864400
2025-05-23,167.6798553466797,168.47000122070312,169.9600067138672,167.88999938964844,169.05999755859375,35211400
2025-05-27,172.08909606933594,172.89999389648438,173.1699981689453,170.0,170.16000366210938,37995700
2025-05-28,171.55162048339844,172.36000061035156,175.27000427246094,171.91000366210938,173.16000366210938,34784000
2025-05-29,171.053955078125,171.86000061035156,174.4199981689453,170.6300048828125,174.0,29317300
2025-05-30,170.9345245361328,171.74000549316406,172.2100067138672,167.44000244140625,171.35000610351562,52639900
2025-06-02,168.23721313476562,169.02999877929688,169.8699951171875,167.38999938964844,167.83999633789062,38612300
2025-06-03,165.4005889892578,166.17999267578125,168.47999572753906,165.27999877929688,167.49000549316406,45084900
2025-06-04,167.26185607910156,168.0500030517578,168.22000122070312,166.36000061035156,166.74000549316406,26900800
2025-06-05,167.4210662841797,168.2100067138672,170.92999267578125,167.58999633789062,170.33999633789062,36379100
2025-06-06,172.8654022216797,173.67999267578125,174.5,170.8300018310547,170.8300018310547,35731800
2025-06-09,175.47628784179688,176.08999633789062,176.47000122070312,174.3699951171875,174.5399932861328,28935900
2025-06-10,177.97755432128906,178.60000610351562,181.11000061035156,174.91000366210938,176.1999969482422,61766100
2025-06-11,176.73190307617188,177.35000610351562,180.3699951171875,176.75,179.77000427246094,31646800
2025-06-12,175.087646484375,175.6999969482422,176.72000122070312,174.75,176.17999267578125,20941900
2025-06-13,174.0612335205078,174.6699981689453,177.1300048828125,172.38999938964844,172.44000244140625,27663100
2025-06-16,176.1539306640625,176.77000427246094,176.94000244140625,174.64999389648438,174.72999572753906,27389200
2025-06-17,175.3367919921875,175.9499969482422,177.36000061035156,174.5800018310547,175.6999969482422,24973000
2025-06-18,172.71595764160156,173.32000732421875,176.55999755859375,173.1999969482422,176.00999450683594,28707500
2025-06-20,166.05921936035156,166.63999938964844,174.33999633789062,165.4600067138672,173.9499969482422,75659900
2025-06-23,164.61427307128906,165.19000244140625,167.33999633789062,162.0,166.27000427246094,57671000
2025-06-24,166.1887969970703,166.77000427246094,168.22000122070312,166.1300048828125,166.9199981689453,40524300
2025-06-25,170.0851287841797,170.67999267578125,172.36000061035156,167.5500030517578,167.6300048828125,35479000
2025-06-26,172.9351806640625,173.5399932861328,173.69000244140625,169.94000244140625,172.42999267578125,31796700
2025-06-27,177.9077911376953,178.52999877929688,178.67999267578125,171.72999572753906,173.5399932861328,108140200
2025-06-30,175.61581420898438,176.22999572753906,181.22999572753906,174.5800018310547,180.77999877929688,63378900
2025-07-01,175.22715759277344,175.83999633789062,176.08999633789062,173.52999877929688,175.74000549316406,35904500
2025-07-02,178.01739501953125,178.63999938964844,178.86000061035156,175.07000732421875,175.5399932861328,29128900
2025-07-03,178.904296875,179.52999877929688,179.6699981689453,177.0500030517578,178.5,21689700
2025-07-07,176.17384338378906,176.7899932861328,179.3000030517578,175.67999267578125,179.05999755859375,34175600
2025-07-08,173.7523193359375,174.36000061035156,177.9499969482422,172.80999755859375,177.85000610351562,40442500
2025-07-09,176.0044403076172,176.6199951171875,179.44000244140625,172.77000427246094,175.25,43025600
2025-07-10,177.00094604492188,177.6199951171875,178.42999267578125,174.3800048828125,175.6300048828125,29252400
2025-07-11,179.56201171875,180.19000244140625,181.42999267578125,176.47999572753906,176.7899932861328,34282900
2025-07-14,180.92723083496094,181.55999755859375,183.6699981689453,179.67999267578125,181.00999450683594,32536600
2025-07-15,181.36570739746094,182.0,184.22000122070312,181.60000610351562,182.80999755859375,33448300
2025-07-16,182.3323211669922,182.97000122070312,184.3300018310547,182.02999877929688,183.24000549316406,33104200
2025-07-17,182.94020080566406,183.5800018310547,184.05999755859375,180.47999572753906,182.13999938964844,31992600
2025-07-18,184.41502380371094,185.05999755859375,186.4199981689453,183.7100067138672,185.39999389648438,34014500
2025-07-21,189.43746948242188,190.10000610351562,190.2899932861328,186.14999389648438,186.25,45803100
2025-07-22,190.67312622070312,191.33999633789062,191.64999389648438,187.4600067138672,191.5,44660200
2025-07-23,189.56703186035156,190.22999572753906,192.52999877929688,189.17999267578125,191.5,58681900
2025-07-24,191.500244140625,192.1699981689453,197.9499969482422,191.0,197.02999877929688,74881700
2025-07-25,192.50672912597656,193.17999267578125,194.3300018310547,191.25999450683594,191.97999572753906,39785900
2025-07-28,191.9088134765625,192.5800018310547,194.0500030517578,190.83999633789062,193.64999389648438,38139500
2025-07-29,195.06776428222656,195.75,195.9199981689453,192.0800018310547,192.42999267578125,41389200
2025-07-30,195.84507751464844,196.52999877929688,197.60000610351562,194.69000244140625,195.60000610351562,32445400
2025-07-31,191.23118591308594,191.89999389648438,195.99000549316406,191.08999633789062,195.7100067138672,51329200
2025-08-01,188.47084045410156,189.1300048828125,190.8300018310547,187.82000732421875,189.02999877929688,34832200
2025-08-04,194.36024475097656,195.0399932861328,195.27000427246094,190.1199951171875,190.2899932861328,31547400
2025-08-05,193.9915313720703,194.6699981689453,197.86000061035156,193.88999938964844,194.7100067138672,31602300
2025-08-06,195.4065704345703,196.08999633789062,196.6300048828125,193.6699981689453,194.5,21562900
2025-08-07,195.8350830078125,196.52000427246094,197.5399932861328,194.3300018310547,197.05999755859375,26321800
2025-08-08,200.71800231933594,201.4199981689453,202.61000061035156,197.1699981689453,197.22000122070312,39161800
2025-08-11,200.29946899414062,201.0,201.47999572753906,199.07000732421875,200.94000244140625,25832400
2025-08-12,202.63131713867188,203.33999633789062,204.5,200.58999633789062,201.3699951171875,30397900
2025-08-13,201.2561492919922,201.9600067138672,204.52999877929688,197.50999450683594,204.1300048828125,28342900
2025-08-14,202.23272705078125,202.94000244140625,204.44000244140625,201.22999572753906,201.5,25230400
2025-08-15,203.18936157226562,203.89999389648438,206.44000244140625,201.27999877929688,203.85000610351562,34931400
2025-08-18,202.79078674316406,203.5,205.27000427246094,202.49000549316406,204.1999969482422,18526600
2025-08-19,200.8675079345703,201.57000732421875,203.44000244140625,199.9600067138672,203.02999877929688,24240200
2025-08-20,198.62533569335938,199.32000732421875,201.27999877929688,196.60000610351562,200.72999572753906,28955500
2025-08-21,199.0538330078125,199.75,202.47999572753906,199.42999267578125,199.75,19774600
2025-08-22,205.3717498779297,206.08999633789062,208.5399932861328,201.3000030517578,202.72999572753906,42827000
2025-08-25,207.76336669921875,208.49000549316406,210.52000427246094,205.27999877929688,206.42999267578125,29928900
2025-08-26,206.41807556152344,207.13999938964844,207.85000610351562,205.6999969482422,207.50999450683594,28464100
2025-08-27,206.7568817138672,207.47999572753906,208.91000366210938,205.64999389648438,205.6999969482422,23022900
2025-08-28,210.9023895263672,211.63999938964844,212.22000122070312,206.89999389648438,207.25,32339300
2025-08-29,212.16796875,212.91000366210938,214.64999389648438,210.1999969482422,210.50999450683594,39728400
2025-09-02,210.61341857910156,211.35000610351562,211.67999267578125,206.1999969482422,208.44000244140625,47523000
2025-09-03,229.85610961914062,230.66000366210938,231.30999755859375,224.7899932861328,226.2100067138672,103336100
2025-09-04,231.49038696289062,232.3000030517578,232.3699951171875,226.11000061035156,229.64999389648438,51684200
2025-09-05,234.1809844970703,235.0,235.75999450683594,231.89999389648438,232.1999969482422,46588900
2025-09-08,233.43289184570312,234.0399932861328,238.1300048828125,233.6699981689453,235.47000122070312,32474700
2025-09-09,239.0084228515625,239.6300048828125,240.47000122070312,233.22999572753906,234.1699981689453,38061000
2025-09-10,238.54962158203125,239.1699981689453,241.66000366210938,237.85000610351562,238.89999389648438,35141100
2025-09-11,239.74649047851562,240.3699951171875,242.25,236.25,239.8800048828125,30599300
2025-09-12,240.17538452148438,240.8000030517578,242.0800018310547,238.0,240.3699951171875,26771600
2025-09-15,250.9573516845703,251.61000061035156,252.41000366210938,244.66000366210938,244.66000366210938,58383800
2025-09-16,250.50852966308594,251.16000366210938,253.0399932861328,249.47000122070312,252.0800018310547,34109700
2025-09-17,248.88275146484375,249.52999877929688,251.60000610351562,246.27999877929688,251.22000122070312,34108000
2025-09-18,251.37625122070312,252.02999877929688,253.99000549316406,249.8000030517578,251.67999267578125,31239500
2025-09-19,254.05929565429688,254.72000122070312,256.0,251.80999755859375,253.25,55571400
2025-09-22,251.87493896484375,252.52999877929688,255.77999877929688,250.3000030517578,254.42999267578125,32290500
2025-09-23,251.00721740722656,251.66000366210938,254.36000061035156,250.47999572753906,253.0399932861328,26628000
2025-09-24,246.4989471435547,247.13999938964844,252.35000610351562,246.44000244140625,251.66000366210938,28201000
2025-09-25,245.15245056152344,245.7899932861328,246.49000549316406,240.74000549316406,244.39999389648438,31020400
2025-09-26,245.9004669189453,246.5399932861328,249.4199981689453,245.97000122070312,247.07000732421875,18503200
2025-09-29,243.41696166992188,244.0500030517578,251.14999389648438,242.77000427246094,247.85000610351562,32505800
2025-09-30,242.4694366455078,243.10000610351562,243.2899932861328,239.25,242.80999755859375,34724300
2025-10-01,244.26473999023438,244.89999389648438,246.3000030517578,238.61000061035156,240.75,31658200
2025-10-02,245.05271911621094,245.69000244140625,246.80999755859375,242.3000030517578,245.14999389648438,25483300
2025-10-03,244.7135772705078,245.35000610351562,246.3000030517578,241.66000366210938,244.49000549316406,30249600
2025-10-06,249.78038024902344,250.42999267578125,251.32000732421875,244.5800018310547,244.77999877929688,28894700
2025-10-07,245.1225128173828,245.75999450683594,250.44000244140625,245.52000427246094,248.27000427246094,23181300
2025-10-08,243.9854736328125,244.6199951171875,246.00999450683594,243.82000732421875,244.9600067138672,21307100
2025-10-09,240.9034881591797,241.52999877929688,244.75999450683594,239.14999389648438,244.47000122070312,27892100
2025-10-10,235.9563751220703,236.57000732421875,244.08999633789062,235.83999633789062,241.42999267578125,33180300
2025-10-13,243.51670837402344,244.14999389648438,244.5,239.7100067138672,240.2100067138672,24995000
2025-10-14,244.81332397460938,245.4499969482422,247.1199951171875,240.50999450683594,241.22999572753906,22111600
2025-10-15,250.37884521484375,251.02999877929688,252.11000061035156,245.99000549316406,247.25,27007700
2025-10-16,250.8077392578125,251.4600067138672,256.9599914550781,250.10000610351562,251.77000427246094,27997200
2025-10-17,252.64295959472656,253.3000030517578,254.22000122070312,247.80999755859375,250.75999450683594,29671600
2025-10-20,255.884521484375,256.54998779296875,257.3299865722656,254.22999572753906,254.69000244140625,22350200
2025-10-21,249.81033325195312,250.4600067138672,254.8800048828125,244.14999389648438,254.74000549316406,47312100
2025-10-22,251.03712463378906,251.69000244140625,256.3599853515625,249.2899932861328,254.3699951171875,35029400
2025-10-23,252.4235382080078,253.0800018310547,255.0399932861328,251.85000610351562,252.97999572753906,19901400
2025-10-24,259.24578857421875,259.9200134277344,261.67999267578125,255.32000732421875,256.5799865722656,28655100
2025-10-27,268.5715026855469,269.2699890136719,270.1400146484375,264.2799987792969,264.82000732421875,35235200
2025-10-28,266.7762451171875,267.4700012207031,270.7300109863281,266.5,269.69000244140625,29738600
2025-10-29,273.8578186035156,274.57000732421875,275.3399963378906,267.6700134277344,267.75,43580300
2025-10-30,280.7498779296875,281.4800109863281,291.5899963378906,280.05999755859375,291.5899963378906,74876000
2025-10-31,280.46063232421875,281.19000244140625,286.0,277.0299987792969,283.2099914550781,39267900
2025-11-03,282.9840393066406,283.7200012207031,285.5299987792969,279.79998779296875,282.17999267578125,29786000
2025-11-04,276.8200988769531,277.5400085449219,281.2699890136719,276.260009765625,276.75,30078400
2025-11-05,283.5725402832031,284.30999755859375,286.4200134277344,277.3399963378906,278.8699951171875,31010300
2025-11-06,284.0113830566406,284.75,288.3500061035156,281.1400146484375,285.3299865722656,37173600
2025-11-07,278.10675048828125,278.8299865722656,283.7799987792969,275.19000244140625,283.2099914550781,34479600
2025-11-10,289.3475036621094,290.1000061035156,290.79998779296875,282.8599853515625,284.4200134277344,29557300
2025-11-11,290.5543518066406,291.30999755859375,291.9200134277344,287.32000732421875,287.75,19842100
2025-11-12,285.9662780761719,286.7099914550781,292.010009765625,283.69000244140625,291.67999267578125,24829900
2025-11-13,277.847412109375,278.57000732421875,282.8399963378906,277.239990234375,282.3399963378906,29494000
2025-11-14,275.6930236816406,276.4100036621094,278.55999755859375,270.70001220703125,271.4100036621094,31647200
2025-11-17,284.2806701660156,285.0199890136719,293.95001220703125,283.57000732421875,285.7799987792969,52670200
2025-11-18,283.5425720214844,284.2799987792969,288.79998779296875,278.20001220703125,287.9200134277344,49158700
2025-11-19,292.05047607421875,292.80999755859375,303.80999755859375,286.6300048828125,287.1600036621094,68198900
2025-11-20,288.6991882324219,289.45001220703125,306.4200134277344,288.6700134277344,304.5400085449219,62025200
2025-11-21,298.8827209472656,299.6600036621094,303.9200134277344,293.8500061035156,296.4200134277344,74137700
2025-11-24,317.75360107421875,318.5799865722656,319.4800109863281,309.6000061035156,311.1300048828125,85165100
2025-11-25,322.60101318359375,323.44000244140625,328.8299865722656,317.6499938964844,326.2099914550781,88632100
2025-11-26,319.1200866699219,319.95001220703125,324.5,316.7900085449219,320.67999267578125,51373400
2025-11-28,319.3494873046875,320.17999267578125,326.8500061035156,316.7900085449219,323.3699951171875,26018600
2025-12-01,314.0732116699219,314.8900146484375,319.8500061035156,313.8900146484375,317.70001220703125,41183000
2025-12-02,314.9908142089844,315.80999755859375,318.3800048828125,313.9100036621094,316.739990234375,35854700
2025-12-03,318.8009033203125,319.6300048828125,321.5799865722656,314.1000061035156,315.8900146484375,41838300
2025-12-04,316.7961120605469,317.6199951171875,322.3599853515625,314.70001220703125,322.2300109863281,31240900
2025-12-05,320.4366455078125,321.2699890136719,323.1600036621094,319.1700134277344,319.489990234375,28851700
2025-12-08,313.1109313964844,313.7200012207031,320.44000244140625,311.2200012207031,320.04998779296875,33909400
2025-12-09,316.4643859863281,317.0799865722656,317.989990234375,311.8999938964844,312.3699951171875,30194000
2025-12-10,319.58831787109375,320.2099914550781,321.30999755859375,314.67999267578125,315.8299865722656,33428900
2025-12-11,311.82342529296875,312.42999267578125,321.1199951171875,308.6000061035156,320.0799865722656,42353700
2025-12-12,308.68951416015625,309.2900085449219,314.8699951171875,305.55999755859375,313.70001220703125,35940200
2025-12-15,307.62158203125,308.2200012207031,311.4200134277344,304.8800048828125,311.32000732421875,29151900
2025-12-16,305.97479248046875,306.57000732421875,310.7699890136719,302.5899963378906,304.95001220703125,30585000
2025-12-17,296.1439208984375,296.7200012207031,308.0899963378906,296.1199951171875,308.010009765625,43930400
2025-12-18,301.872802734375,302.4599914550781,303.9599914550781,299.2300109863281,301.7200012207031,33518000
2025-12-19,306.56365966796875,307.1600036621094,307.25,300.9700012207031,301.7300109863281,59943200
2025-12-22,309.1785583496094,309.7799987792969,310.1300048828125,305.29998779296875,309.8800048828125,26429900
2025-12-23,313.73968505859375,314.3500061035156,314.94000244140625,309.32000732421875,309.6300048828125,25478700
2025-12-24,313.4801940917969,314.0899963378906,315.0799865722656,311.9200134277344,314.7699890136719,10097400
2025-12-26,312.9013366699219,313.510009765625,315.0899963378906,312.2799987792969,314.4800109863281,10899000
2025-12-29,312.95123291015625,313.55999755859375,314.0199890136719,310.6199951171875,311.3699951171875,19621800
2025-12-30,313.24066162109375,313.8500061035156,316.95001220703125,312.4599914550781,312.5,17380900
2025-12-31,312.392333984375,313.0,314.5799865722656,311.44000244140625,312.8500061035156,16377700
