Date,Adj Close,Close,High,Low,Open,Volume
2021-01-04,13.046196937561035,13.113499641418457,13.65250015258789,12.962499618530273,13.104249954223633,560640000
2021-01-05,13.335953712463379,13.404749870300293,13.443499565124512,13.086999893188477,13.099749565124512,322760000
2021-01-06,12.549759864807129,12.614500045776367,13.244999885559082,12.586000442504883,13.22249984741211,580424000
2021-01-07,13.275513648986816,13.343999862670898,13.377750396728516,12.886500358581543,12.967499732971191,461480000
2021-01-08,13.20860767364502,13.276749610900879,13.420999526977539,13.041999816894531,13.362500190734863,292528000
2021-01-11,13.551589012145996,13.621500015258789,13.961000442504883,13.362500190734863,13.418749809265137,518344000
2021-01-12,13.415542602539062,13.484749794006348,13.754500389099121,13.345000267028809,13.7524995803833,291476000
2021-01-13,13.462300300598145,13.531749725341797,13.625,13.385000228881836,13.489999771118164,210028000
2021-01-14,13.132502555847168,13.200249671936035,13.599749565124512,13.180500030517578,13.574999809265137,283120000
2021-01-15,12.793502807617188,12.85949993133545,13.325249671936035,12.84850025177002,13.227999687194824,277780000
2021-01-19,12.958399772644043,13.025250434875488,13.093999862670898,12.843999862670898,13.016249656677246,226188000
2021-01-20,13.297154426574707,13.365750312805176,13.430500030517578,13.056750297546387,13.111749649047852,258572000
2021-01-21,13.796327590942383,13.867500305175781,13.999250411987305,13.253000259399414,13.418499946594238,337780000
2021-01-22,13.642123222351074,13.712499618530273,13.841750144958496,13.627249717712402,13.739999771118164,246820000
2021-01-25,13.583174705505371,13.653249740600586,13.828499794006348,13.236499786376953,13.781749725341797,251112000
2021-01-26,13.36629581451416,13.435250282287598,13.644749641418457,13.387499809265137,13.580499649047852,163980000
2021-01-27,12.851452827453613,12.917750358581543,13.232749938964844,12.793749809265137,13.229999542236328,371272000
2021-01-28,12.984017372131348,13.050999641418457,13.339750289916992,12.96049976348877,12.99625015258789,228316000
2021-01-29,12.923081398010254,12.989749908447266,13.334750175476074,12.911499977111816,13.074999809265137,271552000
2021-02-01,13.169063568115234,13.237000465393066,13.270750045776367,12.902750015258789,13.053250312805176,217204000
2021-02-02,13.487173080444336,13.556750297546387,13.571999549865723,13.285499572753906,13.398750305175781,220440000
2021-02-03,13.4610595703125,13.530500411987305,13.931750297546387,13.516500473022461,13.63599967956543,245408000
2021-02-04,13.594120025634766,13.664250373840332,13.673500061035156,13.337750434875488,13.531000137329102,201340000
2021-02-05,13.521246910095215,13.590999603271484,13.737250328063965,13.54574966430664,13.725000381469727,169152000
2021-02-08,14.364646911621094,14.438750267028809,14.473750114440918,13.727250099182129,13.727250099182129,434624000
2021-02-09,14.190048217773438,14.263250350952148,14.583250045776367,14.22249984741211,14.340749740600586,287560000
2021-02-10,14.68847370147705,14.764249801635742,14.904999732971191,14.341500282287598,14.463250160217285,485352000
2021-02-11,15.172479629516602,15.250749588012695,15.272250175476074,14.925000190734863,14.980250358581543,450828000
2021-02-12,14.8844633102417,14.961250305175781,15.291250228881836,14.774999618530273,15.050000190734863,374756000
2021-02-16,15.251568794250488,15.330249786376953,15.3725004196167,14.949999809265137,15.064249992370605,321960000
2021-02-17,14.829496383666992,14.906000137329102,15.22350025177002,14.779999732971191,15.170999526977539,274756000
2021-02-18,14.752891540527344,14.829000473022461,14.873250007629395,14.574999809265137,14.729000091552734,233868000
2021-02-19,14.849893569946289,14.92650032043457,15.177000045776367,14.846750259399414,15.024499893188477,271724000
2021-02-22,14.282072067260742,14.35575008392334,15.13325023651123,14.324999809265137,14.774749755859375,325884000
2021-02-23,14.069419860839844,14.142000198364258,14.238750457763672,13.38949966430664,14.075249671936035,391780000
2021-02-24,14.424588203430176,14.49899959564209,14.506750106811523,13.755999565124512,14.122750282287598,448320000
2021-02-25,13.239202499389648,13.307499885559082,14.374750137329102,13.2162504196167,14.045499801635742,824436000
2021-02-26,13.644112586975098,13.714500427246094,13.854499816894531,13.361000061035156,13.7524995803833,500932000
2021-03-01,13.770709037780762,13.841750144958496,13.925000190734863,13.553250312805176,13.875,353184000
2021-03-02,13.337445259094238,13.40625,13.920499801635742,13.395999908447266,13.899999618530273,264116000
2021-03-03,12.739029884338379,12.804750442504883,13.451499938964844,12.798749923706055,13.426250457763672,377592000
2021-03-04,12.306764602661133,12.37024974822998,12.975000381469727,12.083749771118164,12.800749778747559,573344000
2021-03-05,12.397543907165527,12.46150016784668,12.550000190734863,11.67924976348877,12.550000190734863,542840000
2021-03-08,11.533750534057617,11.593250274658203,12.4712495803833,11.566499710083008,12.449999809265137,543112000
2021-03-09,12.46029281616211,12.52025032043457,12.61674976348877,12.059249877929688,12.130249977111816,521824000
2021-03-10,12.408540725708008,12.468250274658203,12.979999542236328,12.457500457763672,12.840499877929688,384376000
2021-03-11,12.931276321411133,12.993499755859375,13.046250343322754,12.73449993133545,12.949999809265137,299916000
2021-03-12,12.79443359375,12.855999946594238,12.888750076293945,12.59000015258789,12.648249626159668,243964000
2021-03-15,13.128076553344727,13.19124984741211,13.20674991607666,12.767250061035156,12.864749908447266,221988000
2021-03-16,13.22760009765625,13.291250228881836,13.512499809265137,13.11674976348877,13.356499671936035,272128000
2021-03-17,13.277359008789062,13.3412504196167,13.45324993133545,12.989500045776367,13.039750099182129,243864000
2021-03-18,12.661571502685547,12.72249984741211,13.184000015258789,12.717000007629395,13.136500358581543,293896000
2021-03-19,12.784233093261719,12.845749855041504,12.921500205993652,12.612500190734863,12.75,299208000
2021-03-22,13.123102188110352,13.186249732971191,13.394499778747559,12.906749725341797,12.912750244140625,297804000
2021-03-23,13.008156776428223,13.07075023651123,13.344499588012695,13.021249771118164,13.254249572753906,222048000
2021-03-24,12.5824556350708,12.642999649047852,13.159250259399414,12.636750221252441,13.151249885559082,245840000
2021-03-25,12.4752197265625,12.535249710083008,12.714750289916992,12.272000312805176,12.499500274658203,295144000
2021-03-26,12.777763366699219,12.839249610900879,12.856249809265137,12.373499870300293,12.554499626159668,363968000
2021-03-29,12.88624382019043,12.948249816894531,13.0625,12.699999809265137,12.820249557495117,273520000
2021-03-30,12.810107231140137,12.871749877929688,12.975250244140625,12.704999923706055,12.842000007629395,200204000
2021-03-31,13.28432559967041,13.348250389099121,13.470499992370605,12.982500076293945,13.01550006866455,314776000
2021-04-01,13.745606422424316,13.811750411987305,13.869999885559082,13.511249542236328,13.572250366210938,308276000
2021-04-05,13.920516014099121,13.987500190734863,14.013999938964844,13.732999801635742,13.867500305175781,255672000
2021-04-06,13.79511833190918,13.861499786376953,14.05424976348877,13.773500442504883,13.999750137329102,191744000
2021-04-07,14.07576847076416,14.143500328063965,14.243499755859375,13.71150016784668,13.880749702453613,251284000
2021-04-08,14.248438835144043,14.317000389099121,14.471500396728516,14.24899959564209,14.252750396728516,244416000
2021-04-09,14.331040382385254,14.399999618530273,14.407999992370605,14.175000190734863,14.21399974822998,195172000
2021-04-12,15.136164665222168,15.208999633789062,15.352499961853027,14.139249801635742,14.289750099182129,869324000
2021-04-13,15.604413032531738,15.679499626159668,15.699999809265137,15.125749588012695,15.231499671936035,676212000
2021-04-14,15.203842163085938,15.277000427246094,15.720499992370605,15.227499961853027,15.625,385500000
2021-04-15,16.059967041015625,16.137250900268555,16.214250564575195,15.631500244140625,15.662500381469727,598480000
2021-04-16,15.836297035217285,15.912500381469727,16.16575050354004,15.865249633789062,16.05299949645996,335208000
2021-04-19,15.288182258605957,15.361749649047852,15.807499885559082,15.232999801635742,15.536499977111816,404420000
2021-04-20,15.098596572875977,15.171250343322754,15.496999740600586,14.963000297546387,15.323249816894531,334132000
2021-04-21,15.286937713623047,15.36050033569336,15.362500190734863,15.102250099182129,15.118749618530273,216776000
2021-04-22,14.779131889343262,14.850250244140625,15.43850040435791,14.783499717712402,15.375,277788000
2021-04-23,15.192146301269531,15.265250205993652,15.335000038146973,14.900250434875488,14.934249877929688,227500000
2021-04-26,15.403875350952148,15.477999687194824,15.479000091552734,15.125,15.1850004196167,197796000
2021-04-27,15.308087348937988,15.381750106811523,15.670499801635742,15.354499816894531,15.578499794006348,164572000
2021-04-28,15.203591346740723,15.276749610900879,15.53225040435791,15.215499877929688,15.364500045776367,209416000
2021-04-29,15.251359939575195,15.324749946594238,15.43649959564209,15.071499824523926,15.399999618530273,173196000
2021-04-30,14.937620162963867,15.009499549865723,15.364999771118164,14.996999740600586,15.174500465393066,201912000
2021-05-03,14.765698432922363,14.836750030517578,15.246749877929688,14.787500381469727,15.125,203912000
2021-05-04,14.282524108886719,14.351249694824219,14.637499809265137,14.010250091552734,14.637249946594238,405324000
2021-05-05,14.389261245727539,14.458499908447266,14.81350040435791,14.387499809265137,14.708999633789062,292024000
2021-05-06,14.453449249267578,14.52299976348877,14.571249961853027,14.218000411987305,14.49524974822998,193380000
2021-05-07,14.741312980651855,14.812250137329102,14.970749855041504,14.67175006866455,14.808250427246094,229328000
2021-05-10,14.197432518005371,14.26574993133545,14.805999755859375,14.25,14.787249565124512,268904000
2021-05-11,14.237739562988281,14.306249618530273,14.35474967956543,13.75,13.824999809265137,285584000
2021-05-12,13.692612648010254,13.758500099182129,14.260250091552734,13.709250450134277,14.009499549865723,303408000
2021-05-13,13.599809646606445,13.665249824523926,14.080750465393066,13.458999633789062,14.0337495803833,285404000
2021-05-14,14.174790382385254,14.243000030517578,14.32800006866455,13.748499870300293,13.890000343322754,258616000
2021-05-17,14.097662925720215,14.165499687194824,14.169249534606934,13.853500366210938,14.156999588012695,216980000
2021-05-18,13.948629379272461,14.01574993133545,14.404250144958496,14.003999710083008,14.267000198364258,186256000
2021-05-19,13.998394012451172,14.065750122070312,14.079500198364258,13.54325008392334,13.566499710083008,344000000
2021-05-20,14.542526245117188,14.612500190734863,14.68375015258789,14.270500183105469,14.302499771118164,321592000
2021-05-21,14.919955253601074,14.99174976348877,15.222000122070312,14.869500160217285,15.163749694824219,672992000
2021-05-24,15.537236213684082,15.612000465393066,15.744999885559082,15.175999641418457,15.212499618530273,554816000
2021-05-25,15.572813034057617,15.647749900817871,15.818499565124512,15.482500076293945,15.765999794006348,435408000
2021-05-26,15.624813079833984,15.699999809265137,15.793749809265137,15.586250305175781,15.73425006866455,370440000
2021-05-27,15.41382884979248,15.48799991607666,15.75,15.460000038146973,15.699749946594238,581476000
2021-05-28,16.166706085205078,16.24449920654297,16.27750015258789,15.50100040435791,15.50100040435791,644536000
2021-06-01,16.186614990234375,16.26449966430664,16.38825035095215,15.903249740600586,16.270000457763672,472804000
2021-06-02,16.69789695739746,16.778249740600586,16.918750762939453,16.23550033569336,16.25225067138672,594168000
2021-06-03,16.88848114013672,16.969749450683594,17.259000778198242,16.58300018310547,16.70075035095215,580008000
2021-06-04,17.494070053100586,17.578250885009766,17.660999298095703,17.095500946044922,17.112499237060547,617120000
2021-06-07,17.53462791442871,17.618999481201172,17.8125,17.192750930786133,17.571250915527344,575756000
2021-06-08,17.373401641845703,17.457000732421875,17.62150001525879,17.250999450683594,17.527250289916992,323848000
2021-06-09,17.279081344604492,17.35824966430664,17.575000762939453,17.25575065612793,17.515750885009766,381656000
2021-06-10,17.34552764892578,17.424999237060547,17.492000579833984,17.176000595092773,17.350000381469727,287772000
2021-06-11,17.74395179748535,17.82525062561035,17.939250946044922,17.443750381469727,17.47949981689453,416308000
2021-06-14,17.936565399169922,18.018749237060547,18.039499282836914,17.662750244140625,17.9060001373291,321376000
2021-06-15,17.707372665405273,17.78849983215332,18.016250610351562,17.72800064086914,17.915000915527344,243032000
2021-06-16,17.729021072387695,17.81024932861328,17.954750061035156,17.58449935913086,17.79075050354004,307124000
2021-06-17,18.572153091430664,18.657249450683594,18.834999084472656,17.756250381469727,17.774499893188477,809656000
2021-06-18,18.55374526977539,18.638750076293945,19.375,18.583999633789062,18.784000396728516,968856000
2021-06-21,18.34320831298828,18.427249908447266,18.536500930786133,17.822750091552734,18.43524932861328,672384000
2021-06-22,18.800615310668945,18.886749267578125,18.9637508392334,18.38599967956543,18.471500396728516,580144000
2021-06-23,18.970333099365234,19.057249069213867,19.15275001525879,18.90774917602539,19.007749557495117,332356000
2021-06-24,19.117902755737305,19.20549964904785,19.420000076293945,19.08824920654297,19.227750778198242,320924000
2021-06-25,18.944204330444336,19.0310001373291,19.345500946044922,18.894500732421875,19.280500411987305,278364000
2021-06-28,19.893857955932617,19.985000610351562,20.078750610351562,19.319000244140625,19.361249923706055,495436000
2021-06-29,19.935413360595703,20.026750564575195,20.0987491607666,19.656999588012695,19.88249969482422,367632000
2021-06-30,19.911270141601562,20.002500534057617,20.162500381469727,19.863750457763672,19.999250411987305,326568000
2021-07-01,20.11981964111328,20.211999893188477,20.45599937438965,20.018999099731445,20.125,480136000
2021-07-02,20.393558502197266,20.48699951171875,20.505250930786133,20.287750244140625,20.440250396728516,342764000
2021-07-06,20.60409927368164,20.69849967956543,20.841999053955078,20.350250244140625,20.737499237060547,446708000
2021-07-07,20.278837203979492,20.371749877929688,20.875,20.332000732421875,20.853500366210938,418428000
2021-07-08,19.811975479125977,19.90275001525879,20.132999420166016,19.70075035095215,19.85650062561035,503300000
2021-07-09,19.958805084228516,20.050249099731445,20.080249786376953,19.754249572753906,19.962499618530273,296624000
2021-07-12,20.418949127197266,20.512500762939453,20.53274917602539,20.1877498626709,20.239999771118164,321984000
2021-07-13,20.157644271850586,20.25,20.46125030517578,20.11400032043457,20.40049934387207,290708000
2021-07-14,19.751008987426758,19.84149932861328,20.417749404907227,19.752750396728516,20.357749938964844,380100000
2021-07-15,18.87974739074707,18.966249465942383,19.847000122070312,18.85849952697754,19.811750411987305,550564000
2021-07-16,18.078166961669922,18.160999298095703,19.156999588012695,18.072999954223633,19.030500411987305,688224000
2021-07-19,18.694101333618164,18.77975082397461,19.04199981689453,17.86549949645996,17.915250778198242,749060000
2021-07-20,18.52711296081543,18.61199951171875,18.83799934387207,18.163999557495117,18.729999542236328,434687000
2021-07-21,19.321475982666016,19.40999984741211,19.527000427246094,18.742000579833984,18.881999969482422,371017000
2021-07-22,19.504636764526367,19.5939998626709,19.886999130249023,19.275999069213867,19.642000198364258,323826000
2021-07-23,19.468799591064453,19.558000564575195,19.700000762939453,19.25,19.6560001373291,195672000
2021-07-26,19.206005096435547,19.29400062561035,19.441999435424805,18.913999557495117,19.31100082397461,203943000
2021-07-27,19.120393753051758,19.20800018310547,19.621999740600586,18.740999221801758,19.264999389648438,248863000
2021-07-28,19.41404914855957,19.503000259399414,19.645999908447266,18.9950008392334,19.319000244140625,202191000
2021-07-29,19.57232666015625,19.66200065612793,19.85300064086914,19.327999114990234,19.518999099731445,190781000
2021-07-30,19.41006851196289,19.499000549316406,19.6299991607666,19.26300048828125,19.417999267578125,183497000
2021-08-02,19.659923553466797,19.75,19.961000442504883,19.361000061035156,19.700000762939453,217444000
2021-08-03,19.724626541137695,19.815000534057617,20.222000122070312,19.219999313354492,19.739999771118164,301811000
2021-08-04,20.181529998779297,20.27400016784668,20.31800079345703,19.827999114990234,19.989999771118164,231309000
2021-08-05,20.54288101196289,20.636999130249023,20.732999801635742,20.341999053955078,20.5,211435000
2021-08-06,20.273113250732422,20.365999221801758,20.56999969482422,20.209999084472656,20.52400016784668,178497000
2021-08-09,20.20244026184082,20.295000076293945,20.507999420166016,20.14299964904785,20.445999145507812,146443000
2021-08-10,19.845075607299805,19.93600082397461,20.43000030517578,19.834999084472656,20.32200050354004,179238000
2021-08-11,19.609149932861328,19.698999404907227,20.048999786376953,19.43000030517578,20.042999267578125,185925000
2021-08-12,19.814218521118164,19.905000686645508,20.02899932861328,19.6200008392334,19.8700008392334,151652000
2021-08-13,20.095928192138672,20.187999725341797,20.214000701904297,19.85099983215332,19.905000686645508,183063000
2021-08-16,19.859012603759766,19.950000762939453,20.28700065612793,19.452999114990234,20.135000228881836,210876000
2021-08-17,19.36925506591797,19.45800018310547,19.770000457763672,19.267000198364258,19.684999465942383,204585000
2021-08-18,18.95315933227539,19.040000915527344,19.634000778198242,19.0,19.5,285913000
2021-08-19,19.70771026611328,19.79800033569336,20.4950008392334,18.761999130249023,19.493999481201172,766555000
2021-08-20,20.7210636138916,20.81599998474121,20.864999771118164,19.933000564575195,19.990999221801758,675741000
2021-08-23,21.857851028442383,21.95800018310547,21.996999740600586,20.950000762939453,20.97100067138672,575807000
2021-08-24,21.693603515625,21.792999267578125,21.958999633789062,21.53499984741211,21.753000259399414,297299000
2021-08-25,22.1116943359375,22.21299934387207,22.469999313354492,21.722000122070312,21.73699951171875,347701000
2021-08-26,21.96735382080078,22.06800079345703,22.34000015258789,21.790000915527344,22.200000762939453,237940000
2021-08-27,22.53276252746582,22.63599967956543,22.722000122070312,22.16699981689453,22.18400001525879,304722000
2021-08-30,22.58452796936035,22.687999725341797,23.042999267578125,22.551000595092773,22.829999923706055,262580000
2021-08-31,22.28683853149414,22.385000228881836,22.69499969482422,22.1200008392334,22.69499969482422,259850000
2021-09-01,22.342586517333984,22.44099998474121,22.69700050354004,22.35700035095215,22.485000610351562,201767000
2021-09-02,22.29778480529785,22.395999908447266,22.593000411987305,22.295000076293945,22.51799964904785,187834000
2021-09-03,22.742826461791992,22.843000411987305,22.986000061035156,22.200000762939453,22.325000762939453,280532000
2021-09-07,22.562623977661133,22.66200065612793,22.89900016784668,22.52199935913086,22.83300018310547,198107000
2021-09-08,22.24103546142578,22.339000701904297,22.610000610351562,21.976999282836914,22.51300048828125,254434000
2021-09-09,22.079750061035156,22.177000045776367,22.538000106811523,22.131000518798828,22.312000274658203,196856000
2021-09-10,22.37942886352539,22.47800064086914,22.625999450683594,22.270000457763672,22.347999572753906,248376000
2021-09-13,22.054853439331055,22.152000427246094,22.964000701904297,21.857999801635742,22.68400001525879,297500000
2021-09-14,22.14446449279785,22.242000579833984,22.40999984741211,22.086000442504883,22.274999618530273,199755000
2021-09-15,22.243026733398438,22.340999603271484,22.367000579833984,21.965999603271484,22.30900001525879,166538000
2021-09-16,22.14446449279785,22.242000579833984,22.277000427246094,21.927000045776367,22.183000564575195,156033000
2021-09-17,21.80396270751953,21.899999618530273,22.320999145507812,21.829999923706055,22.299999237060547,294503000
2021-09-20,21.020416259765625,21.113000869750977,21.433000564575195,20.66200065612793,21.145999908447266,349440000
2021-09-21,21.152830123901367,21.246000289916992,21.424999237060547,20.950000762939453,21.41699981689453,204688000
2021-09-22,21.844785690307617,21.94099998474121,21.959999084472656,21.195999145507812,21.365999221801758,268726000
2021-09-23,22.383411407470703,22.48200035095215,22.53499984741211,21.889999389648438,22.139999389648438,248555000
2021-09-24,21.984169006347656,22.08099937438965,22.14900016784668,21.861000061035156,22.06999969482422,217655000
2021-09-27,21.56501579284668,21.65999984741211,21.798999786376953,21.325000762939453,21.709999084472656,245215000
2021-09-28,20.608226776123047,20.698999404907227,21.41900062561035,20.650999069213867,21.214000701904297,343069000
2021-09-29,20.427030563354492,20.517000198364258,21.017000198364258,20.466999053955078,20.940000534057617,218394000
2021-09-30,20.625154495239258,20.715999603271484,21.06599998474121,20.687999725341797,20.76799964904785,221009000
2021-10-01,20.651039123535156,20.742000579833984,20.858999252319336,20.202999114990234,20.75,240978000
2021-10-04,19.645471572875977,19.73200035095215,20.54199981689453,19.55500030517578,20.503999710083008,345635000
2021-10-05,20.361316680908203,20.451000213623047,20.648000717163086,19.854000091552734,19.950000762939453,279282000
2021-10-06,20.60922622680664,20.700000762939453,20.719999313354492,20.079999923706055,20.1200008392334,297202000
2021-10-07,20.98258399963379,21.075000762939453,21.32200050354004,20.972000122070312,21.091999053955078,256919000
2021-10-08,20.73965072631836,20.83099937438965,21.20599937438965,20.774999618530273,21.10099983215332,151258000
2021-10-11,20.604246139526367,20.69499969482422,21.062999725341797,20.51099967956543,20.575000762939453,163388000
2021-10-12,20.580354690551758,20.67099952697754,21.05699920654297,20.527999877929688,20.827999114990234,162134000
2021-10-13,20.847177505493164,20.93899917602539,20.989999771118164,20.71299934387207,20.917999267578125,180652000
2021-10-14,21.6506404876709,21.746000289916992,21.7549991607666,21.121999740600586,21.288000106811523,243589000
2021-10-15,21.766128540039062,21.86199951171875,21.930999755859375,21.66200065612793,21.809999465942383,226994000
2021-10-18,22.124553680419922,22.222000122070312,22.291000366210938,21.643999099731445,21.749000549316406,189494000
2021-10-19,22.19225311279297,22.290000915527344,22.378999710083008,22.03700065612793,22.275999069213867,161473000
2021-10-20,22.00607681274414,22.10300064086914,22.433000564575195,21.98200035095215,22.30500030517578,146276000
2021-10-21,22.592491149902344,22.691999435424805,22.711000442504883,22.08300018310547,22.097000122070312,187590000
2021-10-22,22.626340866088867,22.72599983215332,23.1299991607666,22.56100082397461,22.822999954223633,249384000
2021-10-25,23.06441307067871,23.166000366210938,23.354999542236328,22.770000457763672,22.972999572753906,230235000
2021-10-26,24.60860824584961,24.716999053955078,25.259000778198242,23.923999786376953,23.98900032043457,485898000
2021-10-27,24.34377670288086,24.451000213623047,25.09000015258789,24.281999588012695,24.474000930786133,245990000
2021-10-28,24.831621170043945,24.94099998474121,24.950000762939453,24.523000717163086,24.878000259399414,234204000
2021-10-29,25.454883575439453,25.566999435424805,25.708999633789062,25.0,25.000999450683594,292503000
2021-11-01,25.71373748779297,25.82699966430664,25.893999099731445,25.226999282836914,25.64900016784668,265740000
2021-11-02,26.28522300720215,26.400999069213867,26.67799949645996,25.799999237060547,25.82200050354004,294112000
2021-11-03,26.48135757446289,26.597999572753906,26.784000396728516,26.235000610351562,26.670000076293945,239910000
2021-11-04,29.670316696166992,29.801000595092773,31.364999771118164,27.118000030517578,27.229000091552734,1153631000
2021-11-05,29.62152671813965,29.75200080871582,31.399999618530273,29.40999984741211,30.187000274658203,851260000
2021-11-08,30.66891098022461,30.804000854492188,31.100000381469727,29.906999588012695,30.14900016784668,503101000
2021-11-09,30.522560119628906,30.656999588012695,32.310001373291016,29.964000701904297,32.28200149536133,646746000
2021-11-10,29.329814910888672,29.458999633789062,30.850000381469727,28.777999877929688,29.356000900268555,636206000
2021-11-11,30.256729125976562,30.389999389648438,30.59000015258789,29.777000427246094,30.468000411987305,332172000
2021-11-12,30.256729125976562,30.389999389648438,30.68000030517578,29.6299991607666,30.010000228881836,413054000
2021-11-15,29.893335342407227,30.024999618530273,30.643999099731445,29.246999740600586,30.552000045776367,384909000
2021-11-16,30.07054901123047,30.202999114990234,30.389999389648438,29.70599937438965,29.759000778198242,264484000
2021-11-17,29.132675170898438,29.26099967956543,30.509000778198242,28.799999237060547,30.417999267578125,428508000
2021-11-18,31.536096572875977,31.674999237060547,32.7599983215332,31.320999145507812,32.367000579833984,781711000
2021-11-19,32.840354919433594,32.98500061035156,33.0880012512207,31.905000686645508,32.24300003051758,533867000
2021-11-22,31.81586265563965,31.95599937438965,34.64699935913086,31.899999618530273,33.516998291015625,754335000
2021-11-23,31.60678482055664,31.746000289916992,32.36000061035156,30.8799991607666,31.53499984741211,532163000
2021-11-24,32.53070831298828,32.67399978637695,32.85499954223633,30.92799949645996,31.461000442504883,435162000
2021-11-26,31.36484718322754,31.503000259399414,32.709999084472656,31.350000381469727,32.599998474121094,283069000
2021-11-29,33.22963333129883,33.375999450683594,33.4119987487793,32.0359992980957,32.36600112915039,454964000
2021-11-30,32.5327033996582,32.67599868774414,33.35300064086914,31.86400032043457,33.16899871826172,622066000
2021-12-01,31.300979614257812,31.434999465942383,33.28900146484375,31.3799991607666,33.21900177001953,484368000
2021-12-02,31.98903465270996,32.125999450683594,32.47800064086914,31.024999618530273,31.214000701904297,472890000
2021-12-03,30.562143325805664,30.69300079345703,32.12900161743164,30.1299991607666,32.0,544325000
2021-12-06,29.90894317626953,30.03700065612793,30.240999221801758,28.038000106811523,29.8799991607666,658938000
2021-12-07,32.28874969482422,32.426998138427734,32.44900131225586,30.650999069213867,30.957000732421875,593053000
2021-12-08,31.6903133392334,31.826000213623047,32.290000915527344,31.42099952697754,31.999000549316406,475551000
2021-12-09,30.360010147094727,30.489999771118164,32.20500183105469,30.42799949645996,31.733999252319336,488507000
2021-12-10,30.069252014160156,30.197999954223633,31.30500030517578,29.861000061035156,31.149999618530273,488825000
2021-12-13,28.04093360900879,28.160999298095703,30.29400062561035,28.115999221801758,30.249000549316406,598344000
2021-12-14,28.2161865234375,28.336999893188477,28.67799949645996,27.25,27.698999404907227,667035000
2021-12-15,30.329137802124023,30.458999633789062,30.5,27.83799934387207,28.399999618530273,698297000
2021-12-16,28.265974044799805,28.386999130249023,31.15999984741211,28.093000411987305,31.152000427246094,707366000
2021-12-17,27.68247413635254,27.801000595092773,28.922000885009766,27.760000228881836,27.985000610351562,713758000
2021-12-20,27.600820541381836,27.7189998626709,28.143999099731445,27.145000457763672,27.30500030517578,461847000
2021-12-21,28.9510440826416,29.075000762939453,29.1200008392334,27.400999069213867,28.374000549316406,524385000
2021-12-22,29.274658203125,29.399999618530273,29.55500030517578,28.448999404907227,28.891000747680664,395184000
2021-12-23,29.513633728027344,29.639999389648438,30.05900001525879,29.430999755859375,29.7549991607666,343022000
2021-12-27,30.813068389892578,30.94499969482422,31.086999893188477,29.639999389648438,29.65999984741211,403686000
2021-12-28,30.192726135253906,30.32200050354004,31.329999923706055,30.011999130249023,31.312000274658203,420591000
2021-12-29,29.87309455871582,30.000999450683594,30.54800033569336,29.365999221801758,30.273000717163086,343139000
2021-12-30,29.459869384765625,29.586000442504883,30.457000732421875,29.540000915527344,29.82699966430664,308864000
2021-12-31,29.285608291625977,29.410999298095703,30.030000686645508,29.33099937438965,29.673999786376953,266530000
2022-01-03,29.992584228515625,30.121000289916992,30.711000442504883,29.78499984741211,29.815000534057617,391547000
2022-01-04,29.16512680053711,29.290000915527344,30.468000411987305,28.349000930786133,30.277000427246094,527154000
2022-01-05,27.48631477355957,27.604000091552734,29.416000366210938,27.533000946044922,28.948999404907227,498064000
2022-01-06,28.057865142822266,28.17799949645996,28.437999725341797,27.065000534057617,27.639999389648438,454186000
2022-01-07,27.13083267211914,27.246999740600586,28.422000885009766,27.05699920654297,28.141000747680664,409939000
2022-01-10,27.283184051513672,27.399999618530273,27.4689998626709,25.643999099731445,26.58099937438965,594681000
2022-01-11,27.698406219482422,27.816999435424805,28.065000534057617,26.839000701904297,27.322999954223633,404089000
2022-01-12,27.87963104248047,27.999000549316406,28.594999313354492,27.607999801635742,28.066999435424805,383413000
2022-01-13,26.461698532104492,26.575000762939453,28.479999542236328,26.49799919128418,28.378999710083008,540171000
2022-01-14,26.827133178710938,26.941999435424805,27.19700050354004,26.209999084472656,26.299999237060547,395832000
2022-01-18,25.792560577392578,25.902999877929688,26.63800048828125,25.770000457763672,26.260000228881836,424270000
2022-01-19,24.960132598876953,25.066999435424805,26.542999267578125,25.052000045776367,26.07900047302246,488315000
2022-01-20,24.047039031982422,24.149999618530273,25.57900047302246,24.077999114990234,25.304000854492188,435181000
2022-01-21,23.27434730529785,23.374000549316406,24.822999954223633,23.26300048828125,23.506999969482422,718958000
2022-01-24,23.272357940673828,23.371999740600586,23.3799991607666,20.88800048828125,22.329999923706055,913982000
2022-01-25,22.228824615478516,22.323999404907227,22.94300079345703,22.0,22.54599952697754,664616000
2022-01-26,22.674915313720703,22.77199935913086,24.05699920654297,22.299999237060547,23.239999771118164,755959000
2022-01-27,21.850444793701172,21.944000244140625,23.9950008392334,21.674999237060547,23.56800079345703,573353000
2022-01-28,22.74262809753418,22.84000015258789,22.857999801635742,21.29599952697754,22.011999130249023,543774000
2022-01-31,24.381608963012695,24.486000061035156,24.509000778198242,23.052000045776367,23.18199920654297,564680000
2022-02-01,24.532957077026367,24.63800048828125,25.145000457763672,23.889999389648438,25.104000091552734,518925000
2022-02-02,25.134384155273438,25.242000579833984,25.816999435424805,24.55299949645996,25.79400062561035,543419000
2022-02-03,23.84589958190918,23.947999954223633,25.07699966430664,23.780000686645508,24.45800018310547,410178000
2022-02-04,24.215320587158203,24.319000244140625,24.635000228881836,23.631999969482422,23.972000122070312,354829000
2022-02-07,24.62257194519043,24.72800064086914,25.18199920654297,24.20199966430664,24.371999740600586,376868000
2022-02-08,25.000953674316406,25.107999801635742,25.229999542236328,23.979999542236328,24.358999252319336,410359000
2022-02-09,26.591144561767578,26.704999923706055,26.725000381469727,25.35300064086914,25.621999740600586,524282000
2022-02-10,25.71390151977539,25.823999404907227,26.924999237060547,25.600000381469727,25.9950008392334,513200000
2022-02-11,23.84689712524414,23.948999404907227,26.152000427246094,23.773000717163086,25.916000366210938,605472000
2022-02-14,24.163543701171875,24.267000198364258,24.875,23.7549991607666,23.93400001525879,440424000
2022-02-15,26.38204002380371,26.4950008392334,26.545000076293945,24.784000396728516,24.948999404907227,699869000
2022-02-16,26.397974014282227,26.51099967956543,26.582000732421875,25.552000045776367,26.259000778198242,732676000
2022-02-17,24.402517318725586,24.506999969482422,25.78499984741211,24.165000915527344,25.6299991607666,810595000
2022-02-18,23.54120635986328,23.642000198364258,24.986000061035156,23.100000381469727,24.667999267578125,761255000
2022-02-22,23.2902774810791,23.389999389648438,24.06399917602539,23.0,23.03499984741211,633422000
2022-02-23,22.291555404663086,22.386999130249023,24.155000686645508,22.301000595092773,23.802000045776367,566511000
2022-02-24,23.646753311157227,23.74799919128418,23.799999237060547,20.889999389648438,21.014999389648438,735801000
2022-02-25,24.05400848388672,24.156999588012695,24.216999053955078,23.381000518798828,23.72100067138672,528866000
2022-02-28,24.28104019165039,24.385000228881836,24.665000915527344,23.707000732421875,23.992000579833984,477319000
2022-03-01,23.376911163330078,23.476999282836914,24.37700080871582,23.131999969482422,24.291000366210938,412056000
2022-03-02,24.120849609375,24.219999313354492,24.409000396728516,23.415000915527344,23.756000518798828,389642000
2022-03-03,23.61692237854004,23.714000701904297,24.326000213623047,23.4689998626709,24.261999130249023,365095000
2022-03-04,22.84210777282715,22.93600082397461,23.68000030517578,22.48200035095215,23.384000778198242,431415000
2022-03-07,21.26459312438965,21.351999282836914,23.033000946044922,21.329999923706055,22.816999435424805,450821000
2022-03-08,21.425931930541992,21.513999938964844,22.37299919128418,20.649999618530273,21.30900001525879,557467000
2022-03-09,22.919788360595703,23.013999938964844,23.219999313354492,22.246999740600586,22.386999130249023,492742000
2022-03-10,22.565250396728516,22.658000946044922,22.788000106811523,21.881999969482422,22.5310001373291,428066000
2022-03-11,22.009532928466797,22.100000381469727,23.145000457763672,22.04599952697754,23.02199935913086,367209000
2022-03-14,21.24268341064453,21.329999923706055,22.261999130249023,21.159000396728516,21.868999481201172,385354000
2022-03-15,22.878952026367188,22.972999572753906,23.038000106811523,21.32200050354004,21.51799964904785,491996000
2022-03-16,24.395715713500977,24.496000289916992,24.597000122070312,23.172000885009766,23.5,671422000
2022-03-17,24.664613723754883,24.766000747680664,24.841999053955078,23.9060001373291,24.1200008392334,471941000
2022-03-18,26.34470558166504,26.452999114990234,26.569000244140625,24.624000549316406,24.798999786376953,730719000
2022-03-21,26.624553680419922,26.733999252319336,27.152000427246094,25.966999053955078,26.506999969482422,591727000
2022-03-22,26.415416717529297,26.52400016784668,27.238000869750977,26.07200050354004,26.726999282836914,547007000
2022-03-23,25.529062271118164,25.634000778198242,26.61199951171875,25.575000762939453,26.125999450683594,502120000
2022-03-24,28.034759521484375,28.149999618530273,28.31999969482422,25.906999588012695,26.166000366210938,877379000
2022-03-25,27.57863426208496,27.691999435424805,28.357999801635742,27.270999908447266,27.88599967956543,579016000
2022-03-28,28.103483200073242,28.2189998626709,28.25,27.20599937438965,27.756000518798828,425494000
2022-03-29,28.538694381713867,28.6560001373291,28.945999145507812,27.979999542236328,28.69499969482422,488984000
2022-03-30,27.576642990112305,27.690000534057617,28.496000289916992,27.503000259399414,28.304000854492188,463487000
2022-03-31,27.174297332763672,27.285999298095703,28.24799919128418,27.270000457763672,27.781999588012695,523440000
2022-04-01,26.602645874023438,26.711999893188477,27.496000289916992,26.267000198364258,27.375,517235000
2022-04-04,27.247995376586914,27.360000610351562,27.558000564575195,26.613000869750977,26.72800064086914,397120000
2022-04-05,25.824844360351562,25.930999755859375,27.319000244140625,25.81999969482422,27.253999710083008,436615000
2022-04-06,24.30708122253418,24.406999588012695,25.299999237060547,24.003000259399414,24.93400001525879,703833000
2022-04-07,24.10890007019043,24.20800018310547,24.722000122070312,23.47800064086914,24.44099998474121,557992000
2022-04-08,23.02435874938965,23.118999481201172,23.92300033569336,23.062000274658203,23.91699981689453,524781000
2022-04-11,21.8272762298584,21.91699981689453,22.31999969482422,21.65999984741211,22.214000701904297,575207000
2022-04-12,21.415964126586914,21.503999710083008,22.725000381469727,21.281999588012695,22.53700065612793,662258000
2022-04-13,22.112106323242188,22.202999114990234,22.5,21.454999923706055,21.72800064086914,516943000
2022-04-14,21.170974731445312,21.257999420166016,22.777000427246094,21.163000106811523,22.5049991607666,569097000
2022-04-18,21.69382667541504,21.783000946044922,22.08799934387207,21.07900047302246,21.200000762939453,525701000
2022-04-19,22.107126235961914,22.197999954223633,22.37299919128418,21.31399917602539,21.719999313354492,512781000
2022-04-20,21.394058227539062,21.48200035095215,22.670000076293945,21.200000762939453,22.517000198364258,468974000
2022-04-21,20.100379943847656,20.183000564575195,22.392000198364258,20.0,21.708999633789062,656209000
2022-04-22,19.435110092163086,19.514999389648438,20.486000061035156,19.5,20.30299949645996,624713000
2022-04-25,19.820526123046875,19.902000427246094,19.94499969482422,19.09600067138672,19.20199966430664,641566000
2022-04-26,18.71108627319336,18.788000106811523,19.788000106811523,18.670000076293945,19.718000411987305,653143000
2022-04-27,18.339616775512695,18.415000915527344,19.16699981689453,18.290000915527344,18.597999572753906,499460000
2022-04-28,19.70101547241211,19.781999588012695,20.03700065612793,18.489999771118164,18.966999053955078,570327000
2022-04-29,18.471073150634766,18.547000885009766,20.128000259399414,18.517000198364258,19.402000427246094,500435000
2022-05-02,19.45303726196289,19.533000946044922,19.573999404907227,18.391000747680664,18.541000366210938,572049000
2022-05-03,19.521751403808594,19.601999282836914,19.825000762939453,19.132999420166016,19.399999618530273,475751000
2022-05-04,20.250761032104492,20.333999633789062,20.399999618530273,18.750999450683594,19.92300033569336,648855000
2022-05-05,18.7668514251709,18.8439998626709,19.924999237060547,18.5,19.867000579833984,626331000
2022-05-06,18.598546981811523,18.674999237060547,19.511999130249023,17.989999771118164,18.736000061035156,633297000
2022-05-09,16.880613327026367,16.950000762939453,18.2549991607666,16.82699966430664,18.034000396728516,644455000
2022-05-10,17.522964477539062,17.594999313354492,18.197999954223633,17.024999618530273,17.68899917602539,761474000
2022-05-11,16.56191635131836,16.6299991607666,17.753000259399414,16.56800079345703,17.347000122070312,670167000
2022-05-12,16.10878562927246,16.174999237060547,16.788000106811523,15.567000389099121,16.2189998626709,708728000
2022-05-13,17.633516311645508,17.70599937438965,17.92799949645996,16.593000411987305,16.788000106811523,670437000
2022-05-16,17.193326950073242,17.263999938964844,17.788000106811523,17.106000900268555,17.509000778198242,521446000
2022-05-17,18.102588653564453,18.177000045776367,18.371000289916992,17.634000778198242,18.073999404907227,585830000
2022-05-18,16.86865997314453,16.937999725341797,18.118000030517578,16.86400032043457,17.704999923706055,545161000
2022-05-19,17.05389976501465,17.124000549316406,17.687000274658203,16.733999252319336,16.937000274658203,621310000
2022-05-20,16.625661849975586,16.694000244140625,17.40999984741211,15.755000114440918,17.332000732421875,739105000
2022-05-23,16.828824996948242,16.898000717163086,16.915000915527344,16.179000854492188,16.27400016784668,639889000
2022-05-24,16.08786964416504,16.15399932861328,16.597000122070312,15.779999732971191,16.510000228881836,588550000
2022-05-25,16.90550994873047,16.975000381469727,17.111000061035156,16.0,16.020000457763672,781132000
2022-05-26,17.777923583984375,17.85099983215332,18.091999053955078,16.02199935913086,16.035999298095703,996575000
2022-05-27,18.733993530273438,18.81100082397461,18.881000518798828,18.100000381469727,18.18600082397461,738379000
2022-05-31,18.595563888549805,18.672000885009766,19.200000762939453,18.350000381469727,18.979999542236328,664100000
2022-06-01,18.2450008392334,18.31999969482422,19.05299949645996,18.121999740600586,18.724000930786133,544514000
2022-06-02,19.511795043945312,19.591999053955078,19.618999481201172,18.197999954223633,18.29199981689453,648656000
2022-06-03,18.64336395263672,18.719999313354492,19.332000732421875,18.52199935913086,19.082000732421875,598779000
2022-06-06,18.709095001220703,18.785999298095703,19.336999893188477,18.56399917602539,19.138999938964844,422406000
2022-06-07,18.848522186279297,18.926000595092773,19.0,18.187999725341797,18.472000122070312,388914000
2022-06-08,18.57558822631836,18.648000717163086,19.18000030517578,18.53499984741211,18.798999786376953,363252000
2022-06-09,17.977916717529297,18.04800033569336,18.933000564575195,18.041000366210938,18.481000900268555,395574000
2022-06-10,16.9080867767334,16.974000930786133,17.69700050354004,16.868999481201172,17.600000381469727,465248000
2022-06-13,15.586238861083984,15.647000312805176,16.312000274658203,15.605999946594238,16.0,604153000
2022-06-14,15.774507522583008,15.836000442504883,16.06599998474121,15.411999702453613,15.730999946594238,469680000
2022-06-15,16.46282196044922,16.527000427246094,16.868000030517578,15.925999641418457,16.094999313354492,563936000
2022-06-16,15.540419578552246,15.60099983215332,15.942000389099121,15.401000022888184,15.859999656677246,545749000
2022-06-17,15.818334579467773,15.880000114440918,15.994999885559082,15.32800006866455,15.64799976348877,630334000
2022-06-21,16.501670837402344,16.56599998474121,17.007999420166016,16.406999588012695,16.475000381469727,483089000
2022-06-22,16.29646873474121,16.360000610351562,16.66200065612793,16.18000030517578,16.22599983215332,437135000
2022-06-23,16.161991119384766,16.225000381469727,16.584999084472656,15.852999687194824,16.518999099731445,463680000
2022-06-24,17.05949592590332,17.125999450683594,17.139999389648438,16.309999465942383,16.5,472153000
2022-06-27,16.803491592407227,16.868999481201172,17.329999923706055,16.625999450683594,17.312000274658203,427968000
2022-06-28,15.919937133789062,15.982000350952148,17.20199966430664,15.944999694824219,16.899999618530273,461149000
2022-06-29,15.481644630432129,15.541999816894531,15.819999694824219,15.170000076293945,15.814000129699707,482352000
2022-06-30,15.100136756896973,15.159000396728516,15.567000389099121,14.862000465393066,15.361000061035156,686070000
2022-07-01,14.46660327911377,14.52299976348877,15.062999725341797,14.392000198364258,14.89900016784668,577610000
2022-07-05,14.905890464782715,14.96399974822998,14.970999717712402,14.055000305175781,14.175000190734863,651397000
2022-07-06,15.071246147155762,15.130000114440918,15.319000244140625,14.788999557495117,15.010000228881836,529066000
2022-07-07,15.796420097351074,15.857999801635742,15.944999694824219,15.388999938964844,15.456000328063965,492903000
2022-07-08,15.776498794555664,15.838000297546387,16.03700065612793,15.388999938964844,15.430000305175781,467972000
2022-07-11,15.093160629272461,15.152000427246094,15.527000427246094,15.038000106811523,15.526000022888184,437321000
2022-07-12,15.023432731628418,15.081999778747559,15.430999755859375,14.876999855041504,15.267999649047852,458483000
2022-07-13,15.105114936828613,15.163999557495117,15.375,14.46500015258789,14.59000015258789,521918000
2022-07-14,15.31230640411377,15.371999740600586,15.472999572753906,14.727999687194824,15.107999801635742,456235000
2022-07-15,15.70079231262207,15.76200008392334,15.781999588012695,15.444999694824219,15.659000396728516,385935000
2022-07-18,16.038476943969727,16.10099983215332,16.89699935913086,16.00200080871582,16.302000045776367,670517000
2022-07-19,16.926013946533203,16.992000579833984,17.110000610351562,16.172000885009766,16.486000061035156,702366000
2022-07-20,17.737855911254883,17.80699920654297,17.933000564575195,16.801000595092773,16.94700050354004,760538000
2022-07-21,17.979907989501953,18.049999237060547,18.143999099731445,17.545000076293945,17.885000228881836,557049000
2022-07-22,17.25174331665039,17.319000244140625,17.966999053955078,17.136999130249023,17.89299964904785,536671000
2022-07-25,16.95789337158203,17.02400016784668,17.124000549316406,16.64900016784668,17.018999099731445,480748000
2022-07-26,16.468801498413086,16.533000946044922,16.91900062561035,16.47800064086914,16.888999938964844,397865000
2022-07-27,17.720916748046875,17.790000915527344,17.93600082397461,16.913000106811523,17.031999588012695,569776000
2022-07-28,17.914167404174805,17.983999252319336,18.139999389648438,17.440000534057617,17.975000381469727,474646000
2022-07-29,18.092472076416016,18.163000106811523,18.243999481201172,17.691999435424805,17.812999725341797,435460000
2022-08-01,18.36939239501953,18.44099998474121,18.84600067138672,17.989999771118164,18.18199920654297,476469000
2022-08-02,18.45406150817871,18.525999069213867,18.937999725341797,18.091999053955078,18.121999740600586,489527000
2022-08-03,18.81963539123535,18.89299964904785,18.968000411987305,18.136999130249023,18.18400001525879,418146000
2022-08-04,19.140382766723633,19.21500015258789,19.27400016784668,18.760000228881836,18.849000930786133,409652000
2022-08-05,18.915264129638672,18.98900032043457,19.229000091552734,18.666000366210938,18.809999465942383,386068000
2022-08-08,17.723901748657227,17.792999267578125,18.23900032043457,17.242000579833984,17.50200080871582,981859000
2022-08-09,17.019655227661133,17.086000442504883,17.44700050354004,16.724000930786133,17.25200080871582,668263000
2022-08-10,18.02672576904297,18.097000122070312,18.118000030517578,17.316999435424805,17.697999954223633,597422000
2022-08-11,17.87232780456543,17.941999435424805,18.707000732421875,17.875999450683594,18.131000518798828,509327000
2022-08-12,18.636348724365234,18.708999633789062,18.718000411987305,17.952999114990234,18.15999984741211,478094000
2022-08-15,18.958097457885742,19.031999588012695,19.163999557495117,18.613000869750977,18.701000213623047,457666000
2022-08-16,18.805692672729492,18.878999710083008,19.142000198364258,18.500999450683594,18.920000076293945,451240000
2022-08-17,18.26380157470703,18.334999084472656,18.687999725341797,18.145000457763672,18.523000717163086,446799000
2022-08-18,18.700101852416992,18.773000717163086,18.864999771118164,18.183000564575195,18.301000595092773,415447000
2022-08-19,17.779687881469727,17.849000930786133,18.520000457763672,17.770000457763672,18.4060001373291,441588000
2022-08-22,16.96785545349121,17.034000396728516,17.558000564575195,16.965999603271484,17.489999771118164,409593000
2022-08-23,17.114276885986328,17.180999755859375,17.46500015258789,16.969999313354492,16.98900032043457,369986000
2022-08-24,17.155120849609375,17.222000122070312,17.4060001373291,16.895000457763672,17.011999130249023,522661000
2022-08-25,17.84343910217285,17.913000106811523,17.94700050354004,16.83300018310547,16.8439998626709,770691000
2022-08-26,16.196857452392578,16.260000228881836,17.923999786376953,16.23699951171875,17.85700035095215,769127000
2022-08-29,15.739641189575195,15.800999641418457,16.33799934387207,15.767000198364258,16.020000457763672,496132000
2022-08-30,15.40793514251709,15.468000411987305,16.038999557495117,15.182000160217285,15.960000038146973,530181000
2022-08-31,15.03538703918457,15.093999862670898,15.539999961853027,14.958999633789062,15.383999824523926,573710000
2022-09-01,13.882880210876465,13.937000274658203,14.380000114440918,13.270000457763672,14.208999633789062,1178865000
2022-09-02,13.59400749206543,13.647000312805176,14.170999526977539,13.590999603271484,14.100000381469727,743157000
2022-09-06,13.412711143493652,13.46500015258789,13.779000282287598,13.35099983215332,13.730999946594238,535751000
2022-09-07,13.66480541229248,13.71399974822998,13.838000297546387,13.345999717712402,13.562999725341797,512657000
2022-09-08,13.939815521240234,13.989999771118164,14.008000373840332,13.369000434875488,13.458999633789062,624873000
2022-09-09,14.335391998291016,14.38700008392334,14.473999977111816,14.12600040435791,14.156999588012695,486612000
2022-09-12,14.452966690063477,14.505000114440918,14.54699993133545,14.197999954223633,14.369000434875488,484159000
2022-09-13,13.08389663696289,13.130999565124512,13.92199993133545,13.098999977111816,13.802000045776367,714956000
2022-09-14,13.08090591430664,13.128000259399414,13.289999961853027,12.913000106811523,13.253999710083008,588507000
2022-09-15,12.882620811462402,12.928999900817871,13.232999801635742,12.789999961853027,13.015000343322754,523625000
2022-09-16,13.150657653808594,13.197999954223633,13.211999893188477,12.616999626159668,12.741999626159668,670751000
2022-09-19,13.333995819091797,13.381999969482422,13.463000297546387,13.010000228881836,13.01200008392334,569685000
2022-09-20,13.12873649597168,13.175999641418457,13.482999801635742,13.057000160217285,13.21500015258789,524818000
2022-09-21,13.213430404663086,13.26099967956543,14.031000137329102,13.109999656677246,13.213000297546387,807679000
2022-09-22,12.515941619873047,12.560999870300293,13.14900016784668,12.428000450134277,13.069999694824219,759162000
2022-09-23,12.471100807189941,12.515999794006348,12.611000061035156,12.256999969482422,12.420000076293945,663309000
2022-09-26,12.184135437011719,12.227999687194824,12.659000396728516,12.21399974822998,12.491000175476074,547343000
2022-09-27,12.368471145629883,12.413000106811523,12.736000061035156,12.258000373840332,12.506999969482422,553854000
2022-09-28,12.690314292907715,12.736000061035156,12.822999954223633,12.354000091552734,12.40999984741211,542414000
2022-09-29,12.176166534423828,12.220000267028809,12.5,11.946000099182129,12.447999954223633,532763000
2022-09-30,12.095453262329102,12.138999938964844,12.633000373840332,12.074999809265137,12.086999893188477,565638000
2022-10-03,12.467118263244629,12.51200008392334,12.678000450134277,12.104999542236328,12.347000122070312,547478000
2022-10-04,13.119767189025879,13.166999816894531,13.220000267028809,12.878999710083008,12.878999710083008,584182000
2022-10-05,13.161617279052734,13.208999633789062,13.321000099182129,12.621000289916992,12.91100025177002,507131000
2022-10-06,13.082901000976562,13.130000114440918,13.656000137329102,13.102999687194824,13.220000267028809,644157000
2022-10-07,12.032682418823242,12.076000213623047,12.670000076293945,12.022000312805176,12.505000114440918,672478000
2022-10-10,11.628137588500977,11.670000076293945,12.12399959564209,11.407999992370605,12.036999702453613,698699000
2022-10-11,11.544441223144531,11.586000442504883,11.845999717712402,11.282999992370605,11.560999870300293,667482000
2022-10-12,11.458746910095215,11.5,11.734999656677246,11.345000267028809,11.579000473022461,492590000
2022-10-13,11.917097091674805,11.960000038146973,12.07800006866455,10.812999725341797,10.970999717712402,850103000
2022-10-14,11.186728477478027,11.22700023651123,12.111000061035156,11.204000473022461,12.057000160217285,713432000
2022-10-17,11.845355987548828,11.887999534606934,11.947999954223633,11.517000198364258,11.517999649047852,580774000
2022-10-18,11.924072265625,11.967000007629395,12.491999626159668,11.618000030517578,12.343999862670898,659362000
2022-10-19,12.007771492004395,12.050999641418457,12.350000381469727,11.833999633789062,11.878999710083008,523131000
2022-10-20,12.15025520324707,12.194000244140625,12.769000053405762,12.104999542236328,12.11299991607666,652398000
2022-10-21,12.421280860900879,12.465999603271484,12.498000144958496,11.88700008392334,12.097999572753906,609494000
2022-10-24,12.55380630493164,12.598999977111816,12.710000038146973,12.064000129699707,12.508000373840332,517457000
2022-10-25,13.213430404663086,13.26099967956543,13.300000190734863,12.663999557495117,12.694000244140625,505482000
2022-10-26,12.849739074707031,12.895999908447266,13.387999534606934,12.708000183105469,12.869000434875488,532953000
2022-10-27,13.12873649597168,13.175999641418457,13.838000297546387,13.121999740600586,13.630000114440918,583113000
2022-10-28,13.784374237060547,13.833999633789062,13.850000381469727,13.060999870300293,13.104000091552734,521040000
2022-10-31,13.448583602905273,13.496999740600586,13.838000297546387,13.29699993133545,13.777999877929688,486341000
2022-11-01,13.494418144226074,13.543000221252441,13.925000190734863,13.519000053405762,13.810999870300293,432817000
2022-11-02,13.17158031463623,13.218999862670898,14.210000038146973,13.211000442504883,13.850000381469727,672628000
2022-11-03,13.372854232788086,13.420999526977539,13.781000137329102,12.956000328063965,13.043000221252441,500065000
2022-11-04,14.105217933654785,14.156000137329102,14.229000091552734,13.696999549865723,13.986000061035156,612576000
2022-11-07,14.2496976852417,14.300999641418457,14.411999702453613,13.954000473022461,14.227999687194824,410061000
2022-11-08,14.549617767333984,14.60200023651123,14.890999794006348,14.215999603271484,14.800999641418457,595292000
2022-11-09,13.726581573486328,13.776000022888184,14.211000442504883,13.758999824523926,14.161999702453613,454414000
2022-11-10,15.693502426147461,15.75,15.77299976348877,14.54699993133545,14.800000190734863,700819000
2022-11-11,16.268428802490234,16.32699966430664,16.388999938964844,15.482000350952148,15.807000160217285,655487000
2022-11-14,16.236543655395508,16.295000076293945,16.540000915527344,15.92199993133545,16.218000411987305,527852000
2022-11-15,16.60621452331543,16.666000366210938,16.99799919128418,16.381999969482422,16.722000122070312,545876000
2022-11-16,15.852928161621094,15.90999984741211,16.36199951171875,15.873000144958496,16.16200065612793,649547000
2022-11-17,15.62076473236084,15.677000045776367,16.266000747680664,15.53499984741211,15.71500015258789,710894000
2022-11-18,15.353727340698242,15.409000396728516,16.00200080871582,15.119999885559082,15.965999603271484,492072000
2022-11-21,15.262057304382324,15.317000389099121,15.47700023651123,15.079999923706055,15.147000312805176,404739000
2022-11-22,15.980467796325684,16.038000106811523,16.058000564575195,15.121999740600586,15.32800006866455,472866000
2022-11-23,16.459739685058594,16.518999099731445,16.527000427246094,16.04800033569336,16.097999572753906,427241000
2022-11-25,16.211637496948242,16.270000457763672,16.48699951171875,16.172000885009766,16.31800079345703,167934000
2022-11-28,15.770225524902344,15.82699966430664,16.35700035095215,15.725000381469727,16.025999069213867,303741000
2022-11-29,15.582900047302246,15.638999938964844,15.932000160217285,15.520000457763672,15.82699966430664,298384000
2022-11-30,16.86660385131836,16.92300033569336,16.93000030517578,15.597000122070312,15.696999549865723,565298000
2022-12-01,17.077898025512695,17.135000228881836,17.264999389648438,16.635000228881836,16.999000549316406,470977000
2022-12-02,16.81976318359375,16.875999450683594,16.933000564575195,16.44499969482422,16.659000396728516,371389000
2022-12-05,16.554651260375977,16.610000610351562,16.9950008392334,16.472000122070312,16.679000854492188,352255000
2022-12-06,15.933728218078613,15.987000465393066,16.572999954223633,15.819000244140625,16.530000686645508,352694000
2022-12-07,16.066282272338867,16.1200008392334,16.18600082397461,15.666999816894531,15.772000312805176,372388000
2022-12-08,17.111785888671875,17.16900062561035,17.179000854492188,15.958999633789062,16.273000717163086,515456000
2022-12-09,16.94434928894043,17.000999450683594,17.58300018310547,16.975000381469727,17.15999984741211,465338000
2022-12-12,17.47657012939453,17.53499984741211,17.538000106811523,16.797000885009766,17.03700065612793,457328000
2022-12-13,18.011777877807617,18.07200050354004,18.790000915527344,17.711000442504883,18.5310001373291,656589000
2022-12-14,17.6151065826416,17.673999786376953,18.25200080871582,17.420000076293945,17.98699951171875,496888000
2022-12-15,16.8955135345459,16.95199966430664,17.31999969482422,16.700000762939453,17.145999908447266,478542000
2022-12-16,16.51578140258789,16.570999145507812,17.041000366210938,16.40999984741211,16.86400032043457,478232000
2022-12-19,16.1998348236084,16.253999710083008,16.608999252319336,16.145000457763672,16.57200050354004,354039000
2022-12-20,16.03139877319336,16.084999084472656,16.309999465942383,15.85200023651123,16.06399917602539,403260000
2022-12-21,16.446012496948242,16.500999450683594,16.62700080871582,16.101999282836914,16.11400032043457,325025000
2022-12-22,15.287885665893555,15.33899974822998,16.13800048828125,14.881999969482422,16.0939998626709,565045000
2022-12-23,15.155329704284668,15.206000328063965,15.33899974822998,14.883000373840332,15.196000099182129,349326000
2022-12-27,14.073945999145508,14.121000289916992,15.100000381469727,14.055999755859375,15.074000358581543,464902000
2022-12-28,13.989230155944824,14.03600025177002,14.26200008392334,13.883999824523926,13.927000045776367,351066000
2022-12-29,14.554337501525879,14.602999687194824,14.682999610900879,14.22700023651123,14.402000427246094,354923000
2022-12-30,14.565299987792969,14.61400032043457,14.628999710083008,14.232999801635742,14.333999633789062,310490000
2023-01-03,14.26729679107666,14.3149995803833,14.996000289916992,14.095999717712402,14.85099983215332,401277000
2023-01-04,14.699851989746094,14.74899959564209,14.852999687194824,14.241000175476074,14.567000389099121,431324000
2023-01-05,14.217466354370117,14.265000343322754,14.564000129699707,14.14799976348877,14.491000175476074,389168000
2023-01-06,14.809486389160156,14.859000205993652,15.010000228881836,14.034000396728516,14.473999977111816,405044000
2023-01-09,15.575923919677734,15.628000259399414,16.055999755859375,15.140999794006348,15.284000396728516,504231000
2023-01-10,15.855987548828125,15.909000396728516,15.961999893188477,15.472000122070312,15.506999969482422,384101000
2023-01-11,15.947680473327637,16.000999450683594,16.027999877929688,15.562999725341797,15.84000015258789,353285000
2023-01-12,16.455982208251953,16.51099967956543,16.636999130249023,15.491999626159668,16.100000381469727,551409000
2023-01-13,16.84269142150879,16.89900016784668,16.922000885009766,16.165000915527344,16.277999877929688,447287000
2023-01-17,17.64301109313965,17.70199966430664,17.72800064086914,16.89900016784668,16.89900016784668,511102000
2023-01-18,17.31909942626953,17.37700080871582,17.87299919128418,17.281999588012695,17.66699981689453,439624000
2023-01-19,16.709129333496094,16.764999389648438,17.19700050354004,16.731000900268555,17.035999298095703,452932000
2023-01-20,17.77955436706543,17.839000701904297,17.856000900268555,16.825000762939453,17.01099967956543,564967000
2023-01-23,19.129047393798828,19.19300079345703,19.2450008392334,17.81800079345703,18.06399917602539,655163000
2023-01-24,19.200807571411133,19.264999389648438,19.4950008392334,18.81999969482422,18.82699966430664,496204000
2023-01-25,19.25861167907715,19.322999954223633,19.3700008392334,18.579999923706055,18.913000106811523,449537000
2023-01-26,19.73601722717285,19.802000045776367,20.166000366210938,19.277999877929688,19.701000213623047,489535000
2023-01-27,20.297136306762695,20.364999771118164,20.628000259399414,19.405000686645508,19.461999893188477,542142000
2023-01-30,19.098148345947266,19.16200065612793,20.139999389648438,19.149999618530273,19.950000762939453,488611000
2023-01-31,19.471899032592773,19.53700065612793,19.687000274658203,18.950000762939453,19.170000076293945,498017000
2023-02-01,20.873212814331055,20.94300079345703,21.191999435424805,19.611000061035156,19.69099998474121,660477000
2023-02-02,21.636655807495117,21.708999633789062,21.948999404907227,20.700000762939453,21.0,564276000
2023-02-03,21.029685974121094,21.100000381469727,21.7450008392334,20.788999557495117,21.0,429366000
2023-02-06,21.018726348876953,21.089000701904297,21.56999969482422,20.785999298095703,20.805999755859375,452197000
2023-02-07,22.09911346435547,22.17300033569336,22.259000778198242,21.149999618530273,21.381999969482422,664150000
2023-02-08,22.131006240844727,22.204999923706055,22.878000259399414,22.007999420166016,22.386999130249023,559651000
2023-02-09,22.262563705444336,22.336999893188477,23.020000457763672,22.1200008392334,22.606000900268555,523876000
2023-02-10,21.194141387939453,21.264999389648438,22.077999114990234,20.81100082397461,21.690000534057617,550737000
2023-02-13,21.715394973754883,21.788000106811523,22.04800033569336,20.961999893188477,21.538000106811523,474919000
2023-02-14,22.894453048706055,22.97100067138672,23.048999786376953,21.365999221801758,21.577999114990234,675474000
2023-02-15,22.688140869140625,22.763999938964844,22.854999542236328,22.106000900268555,22.548999786376953,420575000
2023-02-16,21.928686141967773,22.00200080871582,22.549999237060547,21.927000045776367,22.132999420166016,412026000
2023-02-17,21.316730499267578,21.38800048828125,21.739999771118164,20.975000381469727,21.631000518798828,465888000
2023-02-21,20.58617401123047,20.655000686645508,21.493999481201172,20.618000030517578,21.0,410015000
2023-02-22,20.68484115600586,20.753999710083008,21.104000091552734,20.42099952697754,20.707000732421875,513184000
2023-02-23,23.585140228271484,23.663999557495117,23.88800048828125,23.024999618530273,23.440000534057617,1117995000
2023-02-24,23.208402633666992,23.285999298095703,23.474000930786133,22.94700050354004,23.225000381469727,589716000
2023-02-27,23.422687530517578,23.500999450683594,23.8799991607666,23.45400047302246,23.670000076293945,452994000
2023-02-28,23.138639450073242,23.215999603271484,23.825000762939453,23.20599937438965,23.371999740600586,455963000
2023-03-01,22.622365951538086,22.697999954223633,23.256000518798828,22.507999420166016,23.191999435424805,460026000
2023-03-02,23.23630714416504,23.31399917602539,23.3799991607666,22.43199920654297,22.488000869750977,389415000
2023-03-03,23.810392379760742,23.889999389648438,23.899999618530273,23.1299991607666,23.31999969482422,412393000
2023-03-06,23.47551155090332,23.554000854492188,24.24799919128418,23.48699951171875,23.891000747680664,437429000
2023-03-07,23.214336395263672,23.288000106811523,24.125,23.240999221801758,23.600000381469727,515154000
2023-03-08,24.10451316833496,24.180999755859375,24.200000762939453,23.423999786376953,23.48699951171875,513573000
2023-03-09,23.361873626708984,23.43600082397461,24.45400047302246,23.382999420166016,24.174999237060547,501257000
2023-03-10,22.892358779907227,22.96500015258789,23.62700080871582,22.72599983215332,23.409000396728516,474866000
2023-03-13,22.893356323242188,22.965999603271484,23.29800033569336,22.297000885009766,22.75200080871582,421890000
2023-03-14,23.98689079284668,24.062999725341797,24.2189998626709,23.459999084472656,23.496000289916992,474910000
2023-03-15,24.151369094848633,24.22800064086914,24.285999298095703,23.360000610351562,23.76099967956543,524486000
2023-03-16,25.4602108001709,25.541000366210938,25.58799934387207,23.893999099731445,24.027000427246094,583253000
2023-03-17,25.643630981445312,25.725000381469727,26.39900016784668,25.667999267578125,25.98200035095215,848547000
2023-03-20,25.818077087402344,25.899999618530273,26.02400016784668,25.1299991607666,25.614999771118164,432747000
2023-03-21,26.116130828857422,26.198999404907227,26.392000198364258,25.381000518798828,26.18000030517578,547408000
2023-03-22,26.3842830657959,26.468000411987305,27.589000701904297,26.23699951171875,26.424999237060547,797295000
2023-03-23,27.104991912841797,27.19099998474121,27.499000549316406,26.690000534057617,27.114999771118164,564889000
2023-03-24,26.694297790527344,26.77899932861328,27.16699981689453,26.354999542236328,27.0310001373291,454920000
2023-03-27,26.447086334228516,26.5310001373291,27.0,26.364999771118164,26.836999893188477,361026000
2023-03-28,26.326467514038086,26.40999984741211,26.51300048828125,25.850000381469727,26.44700050354004,356104000
2023-03-29,26.898645401000977,26.983999252319336,27.077999114990234,26.597000122070312,26.825000762939453,393694000
2023-03-30,27.296388626098633,27.382999420166016,27.499000549316406,27.101999282836914,27.229000091552734,364516000
2023-03-31,27.68914031982422,27.777000427246094,27.833999633789062,27.104999542236328,27.139999389648438,433933000
2023-04-03,27.876548767089844,27.96500015258789,28.0,27.336000442504883,27.509000778198242,398716000
2023-04-04,27.366165161132812,27.452999114990234,28.0,27.30699920654297,27.965999603271484,368592000
2023-04-05,26.795978546142578,26.881000518798828,26.99799919128418,26.395000457763672,26.82900047302246,515015000
2023-04-06,26.951478958129883,27.03700065612793,27.079999923706055,26.427000045776367,26.583999633789062,397654000
2023-04-10,27.491769790649414,27.57900047302246,27.621000289916992,26.66900062561035,26.822999954223633,395279000
2023-04-11,27.08306121826172,27.16900062561035,27.790000915527344,27.125999450683594,27.724000930786133,314378000
2023-04-12,26.41119956970215,26.4950008392334,27.468000411987305,26.447999954223633,27.3700008392334,446259000
2023-04-13,26.37929916381836,26.46299934387207,26.886999130249023,26.32900047302246,26.733999252319336,353615000
2023-04-14,26.673364639282227,26.757999420166016,26.882999420166016,26.219999313354492,26.503999710083008,395660000
2023-04-17,26.916593551635742,27.00200080871582,27.006000518798828,26.433000564575195,26.565000534057617,321471000
2023-04-18,27.579490661621094,27.66699981689453,28.110000610351562,27.35700035095215,27.533000946044922,604812000
2023-04-19,27.842653274536133,27.930999755859375,28.0,27.23200035095215,27.361000061035156,358660000
2023-04-20,27.018266677856445,27.104000091552734,28.030000686645508,27.0,27.67099952697754,427713000
2023-04-21,27.033222198486328,27.118999481201172,27.183000564575195,26.722000122070312,26.95199966430664,345103000
2023-04-24,26.956466674804688,27.04199981689453,27.365999221801758,26.67099952697754,27.01300048828125,339282000
2023-04-25,26.158002853393555,26.240999221801758,27.246999740600586,26.225000381469727,27.077999114990234,378527000
2023-04-26,26.870738983154297,26.95599937438965,27.329999923706055,26.704999923706055,27.00200080871582,406337000
2023-04-27,27.139883041381836,27.22599983215332,27.4950008392334,26.625,27.363000869750977,377161000
2023-04-28,27.66122817993164,27.749000549316406,27.757999420166016,27.070999145507812,27.225000381469727,292216000
2023-05-01,28.818557739257812,28.90999984741211,29.058000564575195,27.780000686645508,27.84000015258789,570329000
2023-05-02,28.120771408081055,28.209999084472656,28.836000442504883,28.08300018310547,28.68000030517578,402730000
2023-05-03,27.714065551757812,27.802000045776367,28.367000579833984,27.472000122070312,27.84000015258789,383387000
2023-05-04,27.474822998046875,27.562000274658203,27.858999252319336,27.239999771118164,27.650999069213867,321850000
2023-05-05,28.589284896850586,28.68000030517578,28.7549991607666,27.731000900268555,27.826000213623047,361494000
2023-05-08,29.058795928955078,29.150999069213867,29.219999313354492,28.350000381469727,28.52199935913086,344979000
2023-05-09,28.480628967285156,28.570999145507812,28.972999572753906,28.450000762939453,28.89900016784668,314869000
2023-05-10,28.793638229370117,28.885000228881836,29.113000869750977,28.461000442504883,29.0049991607666,369350000
2023-05-11,28.487607955932617,28.577999114990234,28.950000762939453,28.246000289916992,28.895999908447266,322149000
2023-05-12,28.250362396240234,28.34000015258789,28.780000686645508,28.04599952697754,28.52899932861328,274222000
2023-05-15,28.861421585083008,28.952999114990234,28.9689998626709,28.152000427246094,28.507999420166016,293926000
2023-05-16,29.120601654052734,29.21299934387207,29.8700008392334,28.832000732421875,28.840999603271484,449405000
2023-05-17,30.082544326782227,30.17799949645996,30.198999404907227,29.43000030517578,29.583999633789062,432535000
2023-05-18,31.577800750732422,31.67799949645996,31.827999114990234,30.31999969482422,30.40999984741211,748725000
2023-05-19,31.165111541748047,31.263999938964844,31.579999923706055,30.916000366210938,31.535999298095703,473908000
2023-05-22,31.0773868560791,31.176000595092773,31.520000457763672,30.68000030517578,30.900999069213867,372000000
2023-05-23,30.590932846069336,30.687999725341797,31.288000106811523,30.631000518798828,31.0,356253000
2023-05-24,30.441410064697266,30.538000106811523,30.60700035095215,29.805999755859375,30.209999084472656,721419000
2023-05-25,37.85987091064453,37.97999954223633,39.47999954223633,36.6349983215332,38.52299880981445,1543911000
2023-05-26,38.82281494140625,38.94599914550781,39.16999816894531,37.54999923706055,37.88999938964844,714397000
2023-05-30,39.984127044677734,40.111000061035156,41.9379997253418,39.94900131225586,40.595001220703125,923401000
2023-05-31,37.71432876586914,37.83399963378906,40.29499816894531,37.821998596191406,39.487998962402344,1002580000
2023-06-01,39.64421463012695,39.77000045776367,40.04999923706055,38.34000015258789,38.48899841308594,635873000
2023-06-02,39.202606201171875,39.32699966430664,40.5,39.05799865722656,40.09700012207031,482731000
2023-06-05,39.04710388183594,39.17100143432617,39.564998626708984,38.707000732421875,38.909000396728516,396094000
2023-06-06,38.531742095947266,38.65399932861328,39.15999984741211,38.14799880981445,38.83000183105469,388729000
2023-06-07,37.36033630371094,37.474998474121094,39.499000549316406,37.35599899291992,38.915000915527344,511998000
2023-06-08,38.39216613769531,38.5099983215332,38.86399841308594,37.505001068115234,37.7239990234375,417772000
2023-06-09,38.651371002197266,38.77000045776367,39.71099853515625,38.56700134277344,39.0369987487793,427717000
2023-06-12,39.3611946105957,39.481998443603516,39.529998779296875,38.61800003051758,39.20000076293945,388701000
2023-06-13,40.8964729309082,41.02199935913086,41.10100173950195,39.7400016784668,40.18600082397461,613208000
2023-06-14,42.86543655395508,42.99700164794922,43.0,40.551998138427734,40.82400131225586,740465000
2023-06-15,42.52249526977539,42.65299987792969,43.28900146484375,42.14699935913086,42.60200119018555,568622000
2023-06-16,42.56137466430664,42.69200134277344,43.72100067138672,42.6609992980957,43.45000076293945,655709000
2023-06-20,43.67395782470703,43.80799865722656,43.9900016784668,42.67399978637695,42.99800109863281,451153000
2023-06-21,42.91328430175781,43.04499816894531,43.6150016784668,42.08000183105469,43.500999450683594,551603000
2023-06-22,42.89335632324219,43.025001525878906,43.42599868774414,42.23400115966797,42.25299835205078,417737000
2023-06-23,42.07985305786133,42.20899963378906,42.808998107910156,42.01499938964844,42.4640007019043,358140000
2023-06-26,40.507667541503906,40.63199996948242,42.763999938964844,40.099998474121094,42.46099853515625,594322000
2023-06-27,41.74786376953125,41.875999450683594,41.939998626708984,40.448001861572266,40.79899978637695,462175000
2023-06-28,40.99118423461914,41.117000579833984,41.845001220703125,40.518001556396484,40.65999984741211,582639000
2023-06-29,40.69709396362305,40.821998596191406,41.599998474121094,40.599998474121094,41.55799865722656,380514000
2023-06-30,42.17256164550781,42.301998138427734,42.54999923706055,41.500999450683594,41.68000030517578,501148000
2023-07-03,42.28322219848633,42.41299819946289,42.89799880981445,42.20199966430664,42.516998291015625,198209000
2023-07-05,42.18751525878906,42.31700134277344,43.176998138427734,42.084999084472656,42.1349983215332,323618000
2023-07-06,41.97417068481445,42.10300064086914,42.17900085449219,41.34600067138672,41.84400177001953,303582000
2023-07-07,42.37294387817383,42.50299835205078,43.2140007019043,42.18000030517578,42.321998596191406,355881000
2023-07-10,42.05093765258789,42.18000030517578,42.81100082397461,41.64899826049805,42.65700149536133,353908000
2023-07-11,42.27524185180664,42.404998779296875,42.757999420166016,42.06700134277344,42.48099899291992,298244000
2023-07-12,43.767669677734375,43.902000427246094,43.935001373291016,42.777000427246094,43.03300094604492,481277000
2023-07-13,45.83632278442383,45.97700119018555,46.154998779296875,44.492000579833984,44.518001556396484,478204000
2023-07-14,45.32987594604492,45.46900177001953,48.0880012512207,45.060001373291016,46.58300018310547,772075000
2023-07-17,46.31884002685547,46.46099853515625,46.49599838256836,45.262001037597656,46.28900146484375,510488000
2023-07-18,47.34867858886719,47.49399948120117,47.895999908447266,45.73400115966797,46.70100021362305,569164000
2023-07-19,46.932952880859375,47.07699966430664,47.81800079345703,46.742000579833984,47.4640007019043,427502000
2023-07-20,45.38071823120117,45.52000045776367,47.08700180053711,45.0620002746582,46.50699996948242,537865000
2023-07-21,44.17341232299805,44.308998107910156,45.86600112915039,44.099998474121094,45.78799819946289,963769000
2023-07-24,44.475494384765625,44.61199951171875,45.10900115966797,44.040000915527344,44.73099899291992,382516000
2023-07-25,45.53923416137695,45.67900085449219,46.18299865722656,44.92300033569336,44.941001892089844,348081000
2023-07-26,45.312923431396484,45.45199966430664,46.053001403808594,44.630001068115234,46.020999908447266,364237000
2023-07-27,45.75955581665039,45.900001525878906,47.39500045776367,45.75,46.51900100708008,455976000
2023-07-28,46.60695266723633,46.75,47.027000427246094,46.38100051879883,46.667999267578125,331194000
2023-07-31,46.58601379394531,46.729000091552734,47.130001068115234,46.50600051879883,46.75400161743164,251055000
2023-08-01,46.36469650268555,46.50699996948242,46.900001525878906,46.027000427246094,46.459999084472656,237858000
2023-08-02,44.133541107177734,44.26900100708008,45.84000015258789,43.387001037597656,45.83100128173828,530142000
2023-08-03,44.378787994384766,44.51499938964844,45.11800003051758,43.79999923706055,43.79999923706055,324176000
2023-08-04,44.54328918457031,44.68000030517578,45.641998291015625,44.393001556396484,44.98500061035156,362666000
2023-08-07,45.27803039550781,45.41699981689453,45.540000915527344,44.5629997253418,45.111000061035156,322154000
2023-08-08,44.5273323059082,44.66400146484375,45.242000579833984,44.055999755859375,44.85300064086914,353843000
2023-08-09,42.42379379272461,42.55400085449219,44.3120002746582,42.13399887084961,44.27399826049805,586449000
2023-08-10,42.258296966552734,42.38800048828125,43.57400131225586,41.834999084472656,42.15999984741211,492705000
2023-08-11,40.729984283447266,40.85499954223633,42.018001556396484,40.638999938964844,41.750999450683594,533085000
2023-08-14,43.619117736816406,43.75299835205078,43.79999923706055,40.31100082397461,40.486000061035156,690286000
2023-08-15,43.8055419921875,43.939998626708984,45.268001556396484,43.709999084472656,44.560001373291016,676512000
2023-08-16,43.352935791015625,43.486000061035156,44.67499923706055,43.40599822998047,44.52000045776367,527451000
2023-08-17,43.21138000488281,43.34400177001953,44.0620002746582,43.000999450683594,43.970001220703125,452395000
2023-08-18,43.16651916503906,43.29899978637695,43.577999114990234,41.65999984741211,42.6349983215332,583768000
2023-08-21,46.82328414916992,46.96699905395508,47.064998626708984,44.22200012207031,44.49399948120117,692573000
2023-08-22,45.52825927734375,45.667999267578125,48.1870002746582,45.33300018310547,48.1349983215332,755293000
2023-08-23,46.97183609008789,47.11600112915039,47.20000076293945,45.20800018310547,45.86600112915039,779046000
2023-08-24,47.01869583129883,47.16299819946289,50.26599884033203,47.159000396728516,50.215999603271484,1156044000
2023-08-25,45.87718963623047,46.018001556396484,47.80500030517578,45.02399826049805,47.012001037597656,925341000
2023-08-28,46.69169235229492,46.834999084472656,46.97999954223633,44.88800048828125,46.481998443603516,685192000
2023-08-29,48.63473129272461,48.784000396728516,49.08100128173828,46.39099884033203,46.66600036621094,701397000
2023-08-30,49.11325454711914,49.263999938964844,49.926998138427734,48.42499923706055,49.04399871826172,735206000
2023-08-31,49.20398712158203,49.35499954223633,49.74399948120117,48.95800018310547,49.380001068115234,528570000
2023-09-01,48.36056900024414,48.50899887084961,49.79999923706055,48.141998291015625,49.762001037597656,463830000
2023-09-05,48.39944839477539,48.54800033569336,48.85100173950195,47.86000061035156,48.222999572753906,382653000
2023-09-06,46.92086410522461,47.06100082397461,48.54899978637695,46.58000183105469,48.441001892089844,468670000
2023-09-07,46.103309631347656,46.24100112915039,46.34400177001953,45.152000427246094,45.525001525878906,433330000
2023-09-08,45.43629455566406,45.571998596191406,46.60599899291992,45.270999908447266,45.94200134277344,473069000
2023-09-11,45.0434684753418,45.178001403808594,46.16299819946289,44.3120002746582,46.14799880981445,473966000
2023-09-12,44.73638916015625,44.869998931884766,45.67300033569336,44.53099822998047,44.737998962402344,349256000
2023-09-13,45.34956359863281,45.48500061035156,45.93000030517578,44.50299835205078,44.599998474121094,398355000
2023-09-14,45.44527053833008,45.58100128173828,45.98699951171875,45.13100051879883,45.95000076293945,370097000
2023-09-15,43.76927947998047,43.900001525878906,45.5989990234375,43.80799865722656,45.340999603271484,506831000
2023-09-18,43.835079193115234,43.965999603271484,44.242000579833984,42.0,42.74800109863281,500271000
2023-09-19,43.39041519165039,43.52000045776367,43.965999603271484,43.00199890136719,43.83300018310547,373064000
2023-09-20,42.11322021484375,42.23899841308594,43.90299987792969,42.222999572753906,43.599998474121094,367108000
2023-09-21,40.89486312866211,41.016998291015625,42.099998474121094,40.97999954223633,41.58300018310547,450736000
2023-09-22,41.4860954284668,41.61000061035156,42.1150016784668,41.23099899291992,41.571998596191406,479236000
2023-09-25,42.09627914428711,42.22200012207031,42.5359992980957,41.176998138427734,41.590999603271484,419091000
2023-09-26,41.78620147705078,41.9109992980957,42.81999969482422,41.654998779296875,42.000999450683594,402282000
2023-09-27,42.34154510498047,42.46799850463867,42.87200164794922,41.62900161743164,42.33000183105469,444935000
2023-09-28,42.960697174072266,43.0890007019043,43.44599914550781,42.1150016784668,42.459999084472656,424663000
2023-09-29,43.369476318359375,43.499000549316406,44.14400100708008,43.30699920654297,43.82699966430664,397830000
2023-10-02,44.64865493774414,44.78200149536133,45.17499923706055,43.861000061035156,44.029998779296875,433298000
2023-10-03,43.38741683959961,43.516998291015625,45.130001068115234,43.24599838256836,44.80799865722656,470850000
2023-10-04,43.90986251831055,44.04100036621094,44.143001556396484,43.29199981689453,43.742000579833984,361821000
2023-10-05,44.554935455322266,44.6879997253418,44.900001525878906,43.88800048828125,44.04999923706055,393483000
2023-10-06,45.625732421875,45.762001037597656,45.78900146484375,44.0260009765625,44.19300079345703,434436000
2023-10-09,45.13818359375,45.27299880981445,45.60499954223633,44.36800003051758,44.84199905395508,409675000
2023-10-10,45.66162872314453,45.79800033569336,46.25899887084961,45.0880012512207,45.310001373291016,368582000
2023-10-11,46.666622161865234,46.805999755859375,46.85900115966797,46.04999923706055,46.19599914550781,378137000
2023-10-12,46.805213928222656,46.94499969482422,47.60900115966797,46.33000183105469,46.777000427246094,481325000
2023-10-13,45.32563018798828,45.46099853515625,47.11600112915039,45.279998779296875,46.959999084472656,474115000
2023-10-16,45.957740783691406,46.095001220703125,46.224998474121094,44.9119987487793,45.0629997253418,375099000
2023-10-17,43.807159423828125,43.9379997253418,44.75400161743164,42.47999954223633,44.0,812333000
2023-10-18,42.070350646972656,42.19599914550781,43.21900177001953,41.82500076293945,42.590999603271484,627294000
2023-10-19,41.97563934326172,42.10100173950195,43.297000885009766,41.88199996948242,42.81100082397461,501233000
2023-10-20,41.263763427734375,41.387001037597656,42.470001220703125,41.077999114990234,41.88999938964844,477266000
2023-10-23,42.84703063964844,42.974998474121094,43.24800109863281,40.94499969482422,41.229000091552734,478530000
2023-10-24,43.532981872558594,43.66299819946289,43.696998596191406,42.691001892089844,43.07699966430664,401463000
2023-10-25,41.654598236083984,41.77899932861328,43.650001525878906,41.55500030517578,43.39799880981445,398379000
2023-10-26,40.2059211730957,40.32600021362305,42.25600051879883,39.880001068115234,41.85300064086914,541001000
2023-10-27,40.379398345947266,40.5,41.20600128173828,40.01499938964844,41.130001068115234,416784000
2023-10-30,41.0384407043457,41.1609992980957,41.76599884033203,40.48099899291992,41.08700180053711,388028000
2023-10-31,40.658565521240234,40.779998779296875,40.87900161743164,39.22999954223633,40.45000076293945,517969000
2023-11-01,42.19896697998047,42.32500076293945,42.38100051879883,40.86899948120117,40.88399887084961,437593000
2023-11-02,43.37645721435547,43.50600051879883,43.88399887084961,42.89400100708008,43.327999114990234,409172000
2023-11-03,44.8709831237793,45.005001068115234,45.308998107910156,43.722999572753906,44.02000045776367,424610000
2023-11-06,45.614768981933594,45.750999450683594,45.935001373291016,44.89899826049805,45.28499984741211,400733000
2023-11-07,45.81816864013672,45.95500183105469,46.21799850463867,45.15800094604492,45.71900177001953,343165000
2023-11-08,46.4353141784668,46.57400131225586,46.867000579833984,45.96799850463867,46.099998474121094,346719000
2023-11-09,46.81019973754883,46.95000076293945,48.22999954223633,46.75,47.46699905395508,540496000
2023-11-10,48.191078186035156,48.334999084472656,48.47200012207031,47.28300094604492,47.5,421245000
2023-11-13,48.4752197265625,48.619998931884766,49.11600112915039,48.0989990234375,48.31999969482422,384136000
2023-11-14,49.50813293457031,49.65599822998047,49.83399963378906,49.040000915527344,49.68000030517578,416954000
2023-11-15,48.74242401123047,48.88800048828125,49.959999084472656,48.20000076293945,49.935001373291016,475497000
2023-11-16,49.33265686035156,49.47999954223633,49.525001525878906,48.33000183105469,48.67900085449219,339756000
2023-11-17,49.151214599609375,49.29800033569336,49.71699905395508,49.00699996948242,49.52399826049805,325205000
2023-11-20,50.25889587402344,50.409000396728516,50.54800033569336,49.180999755859375,49.3120002746582,414120000
2023-11-21,49.79528045654297,49.944000244140625,50.516998291015625,49.22200012207031,50.125999450683594,565747000
2023-11-22,48.57093048095703,48.715999603271484,50.334999084472656,47.689998626708984,49.85200119018555,899420000
2023-11-24,47.63373947143555,47.7760009765625,48.92100143432617,47.744998931884766,48.470001220703125,294645000
2023-11-27,48.098358154296875,48.242000579833984,48.529998779296875,47.652000427246094,47.79999923706055,395662000
2023-11-28,47.67860412597656,47.82099914550781,48.323001861572266,47.472999572753906,48.236000061035156,401491000
2023-11-29,47.99665069580078,48.13999938964844,48.762001037597656,47.86000061035156,48.37900161743164,382005000
2023-11-30,46.63072967529297,46.77000045776367,48.11000061035156,46.422000885009766,48.02399826049805,526247000
2023-12-01,46.6257438659668,46.76499938964844,47.20000076293945,46.1870002746582,46.525001525878906,369317000
2023-12-04,45.37447738647461,45.5099983215332,46.07699966430664,45.0099983215332,46.07699966430664,437543000
2023-12-05,46.431419372558594,46.566001892089844,46.599998474121094,45.270999908447266,45.465999603271484,371718000
2023-12-06,45.371490478515625,45.50299835205078,47.387001037597656,45.4119987487793,47.21500015258789,380590000
2023-12-07,46.461334228515625,46.59600067138672,46.62900161743164,45.604000091552734,45.70000076293945,350823000
2023-12-08,47.36870574951172,47.50600051879883,47.74100112915039,46.54999923706055,46.595001220703125,359224000
2023-12-11,46.49224090576172,46.62699890136719,47.53099822998047,45.83000183105469,47.49100112915039,509728000
2023-12-12,47.51927185058594,47.65700149536133,47.66600036621094,46.04600143432617,46.04600143432617,372387000
2023-12-13,47.94902038574219,48.0880012512207,48.59400177001953,47.608001708984375,47.62900161743164,447792000
2023-12-14,48.21025848388672,48.349998474121094,48.66999816894531,47.422000885009766,48.38999938964844,391232000
2023-12-15,48.74870300292969,48.88999938964844,49.40399932861328,48.119998931884766,48.194000244140625,479948000
2023-12-18,49.932273864746094,50.07699966430664,50.43299865722656,49.150001525878906,49.400001525878906,412587000
2023-12-19,49.46063995361328,49.604000091552734,49.70000076293945,48.89500045776367,49.42399978637695,464444000
2023-12-20,47.97195053100586,48.111000061035156,49.999000549316406,48.097999572753906,49.654998779296875,397894000
2023-12-21,48.84841537475586,48.9900016784668,49.095001220703125,48.41899871826172,48.81100082397461,300425000
2023-12-22,48.68887710571289,48.83000183105469,49.382999420166016,48.46699905395508,49.19499969482422,252507000
2023-12-26,49.1365852355957,49.27899932861328,49.599998474121094,48.959999084472656,48.96799850463867,244200000
2023-12-27,49.27418518066406,49.41699981689453,49.68000030517578,49.084999084472656,49.51100158691406,233648000
2023-12-28,49.37887954711914,49.52199935913086,49.88399887084961,49.4119987487793,49.643001556396484,246587000
2023-12-29,49.37887954711914,49.52199935913086,49.99700164794922,48.750999450683594,49.8129997253418,389293000
2024-01-02,48.02878952026367,48.167999267578125,49.29499816894531,47.595001220703125,49.24399948120117,411254000
2024-01-03,47.43152618408203,47.569000244140625,48.183998107910156,47.31999969482422,47.48500061035156,320896000
2024-01-04,47.85928726196289,47.99800109863281,48.5,47.507999420166016,47.766998291015625,306535000
2024-01-05,48.955101013183594,49.09700012207031,49.547000885009766,48.305999755859375,48.46200180053711,415039000
2024-01-08,52.10198211669922,52.25299835205078,52.275001525878906,49.479000091552734,49.512001037597656,642510000
2024-01-09,52.98642349243164,53.13999938964844,54.32500076293945,51.689998626708984,52.4010009765625,773100000
2024-01-10,54.192928314208984,54.349998474121094,54.599998474121094,53.48899841308594,53.61600112915039,533796000
2024-01-11,54.66355895996094,54.821998596191406,55.34600067138672,53.560001373291016,54.999000549316406,596759000
2024-01-12,54.551883697509766,54.709999084472656,54.970001220703125,54.33000183105469,54.619998931884766,352994000
2024-01-16,56.21905517578125,56.38199996948242,56.834999084472656,54.900001525878906,55.018001556396484,449580000
2024-01-17,55.891014099121094,56.053001403808594,56.47100067138672,54.7400016784668,56.34700012207031,474394000
2024-01-18,56.941959381103516,57.106998443603516,57.599998474121094,56.106998443603516,57.2599983215332,491650000
2024-01-19,59.31906509399414,59.49100112915039,59.5,57.224998474121094,57.98899841308594,543501000
2024-01-22,59.481597900390625,59.65399932861328,60.33100128173828,59.06999969482422,60.04899978637695,452955000
2024-01-23,59.6999626159668,59.87300109863281,59.90999984741211,58.584999084472656,59.56999969482422,294654000
2024-01-24,61.18465805053711,61.36199951171875,62.8489990234375,59.9379997253418,60.30400085449219,560271000
2024-01-25,61.43892288208008,61.617000579833984,62.71900177001953,60.849998474121094,62.349998474121094,482777000
2024-01-26,60.8546142578125,61.03099822998047,61.78300094604492,60.573001861572266,60.959999084472656,390309000
2024-01-29,62.28446960449219,62.46500015258789,62.48899841308594,60.90700149536133,61.231998443603516,348733000
2024-01-30,62.59257507324219,62.77399826049805,63.49300003051758,62.2599983215332,62.900001525878906,410735000
2024-01-31,61.349185943603516,61.527000427246094,62.26900100708008,60.70000076293945,61.439998626708984,453795000
2024-02-01,62.8448486328125,63.027000427246094,63.191001892089844,61.650001525878906,62.099998474121094,369146000
2024-02-02,65.96880340576172,66.16000366210938,66.5999984741211,63.689998626708984,63.9739990234375,476578000
2024-02-05,69.13162994384766,69.33200073242188,69.49700164794922,67.20500183105469,68.2249984741211,680078000
2024-02-06,68.02583312988281,68.2229995727539,69.75399780273438,66.30000305175781,69.62999725341797,683111000
2024-02-07,69.89640808105469,70.0989990234375,70.22000122070312,67.5999984741211,68.31900024414062,495575000
2024-02-08,69.43972778320312,69.64099884033203,70.79399871826172,69.45500183105469,70.0739974975586,414422000
2024-02-09,71.92453002929688,72.13300323486328,72.18499755859375,70.21199798583984,70.53299713134766,436637000
2024-02-12,72.03919219970703,72.24800109863281,74.61100006103516,71.25,72.5999984741211,613710000
2024-02-13,71.91954803466797,72.12799835205078,73.44999694824219,69.62000274658203,70.4000015258789,602580000
2024-02-14,73.6864242553711,73.9000015258789,74.23600006103516,71.93800354003906,73.2020034790039,504917000
2024-02-15,72.4480209350586,72.65799713134766,73.9749984741211,72.4000015258789,73.86900329589844,420122000
2024-02-16,72.40313720703125,72.61299896240234,74.4020004272461,72.5009994506836,74.0999984741211,495327000
2024-02-20,69.25128936767578,69.4520034790039,71.95600128173828,67.73400115966797,71.9469985961914,704833000
2024-02-21,67.27700805664062,67.47200012207031,68.88800048828125,66.24800109863281,68.00599670410156,673755000
2024-02-22,78.31101989746094,78.53800201416016,78.57499694824219,74.22000122070312,75.0250015258789,865100000
2024-02-23,78.5892105102539,78.81700134277344,82.39399719238281,77.56999969482422,80.79000091552734,829388000
2024-02-26,78.86343383789062,79.09200286865234,80.64600372314453,78.50499725341797,79.69999694824219,503973000
2024-02-27,78.47354125976562,78.70099639892578,79.4800033569336,77.16200256347656,79.38099670410156,391705000
2024-02-28,77.43856048583984,77.66300201416016,78.93299865722656,77.125,77.62000274658203,393110000
2024-02-29,78.88336181640625,79.11199951171875,79.98999786376953,78.3499984741211,79.09400177001953,507289000
2024-03-01,82.04120635986328,82.27899932861328,82.30000305175781,79.43499755859375,80.0,479135000
2024-03-04,84.99066162109375,85.23699951171875,87.69499969482422,83.71900177001953,84.12999725341797,615616000
2024-03-05,85.71958923339844,85.96399688720703,86.09700012207031,83.41699981689453,85.2699966430664,520639000
2024-03-06,88.44779968261719,88.69999694824219,89.7239990234375,87.02999877929688,88.02200317382812,582520000
2024-03-07,92.40552520751953,92.66899871826172,92.76699829101562,89.60199737548828,90.15799713134766,608119000
2024-03-08,87.27912902832031,87.52799987792969,97.4000015258789,86.50599670410156,95.13800048828125,1142269000
2024-03-11,85.53012084960938,85.77400207519531,88.7969970703125,84.16600036621094,86.42900085449219,678364000
2024-03-12,91.65167999267578,91.91300201416016,91.95999908447266,86.1500015258789,88.04900360107422,668075000
2024-03-13,90.62957763671875,90.88800048828125,91.50399780273438,88.43499755859375,91.05500030517578,635713000
2024-03-14,87.6939468383789,87.94400024414062,90.64600372314453,86.5999984741211,89.5770034790039,602318000
2024-03-15,87.58727264404297,87.83699798583984,89.5459976196289,86.25700378417969,86.93000030517578,642086000
2024-03-18,88.2034912109375,88.45500183105469,92.40499877929688,87.08499908447266,90.38800048828125,668976000
2024-03-19,89.1438217163086,89.39800262451172,90.54399871826172,85.01000213623047,86.69999694824219,672171000
2024-03-20,90.11504364013672,90.37200164794922,90.41000366210938,88.2229995727539,89.7969970703125,479063000
2024-03-21,91.17501831054688,91.43499755859375,92.64800262451172,90.40499877929688,92.30000305175781,480372000
2024-03-22,94.02090454101562,94.28900146484375,94.77799987792969,90.83399963378906,91.14099884033203,586719000
2024-03-25,94.73187255859375,95.00199890136719,96.76599884033203,93.51000213623047,93.94100189208984,552136000
2024-03-26,92.29782104492188,92.56099700927734,96.375,92.50199890136719,95.85099792480469,513648000
2024-03-27,89.993408203125,90.25,93.23999786376953,89.12300109863281,93.11199951171875,586067000
2024-03-28,90.09909057617188,90.35600280761719,91.30000305175781,89.19300079345703,90.0,435212000
2024-04-01,90.10607147216797,90.36299896240234,92.2249984741211,89.2040023803711,90.29900360107422,452441000
2024-04-02,89.19766235351562,89.4520034790039,90.09400177001953,87.62000274658203,88.447998046875,433064000
2024-04-03,88.71105194091797,88.96399688720703,90.3740005493164,88.4000015258789,88.48400115966797,370067000
2024-04-04,85.66073608398438,85.90499877929688,90.63400268554688,85.87999725341797,90.40599822998047,434965000
2024-04-05,87.75778198242188,88.00800323486328,88.48100280761719,85.9260025024414,86.86599731445312,399678000
2024-04-08,86.88526153564453,87.13300323486328,88.83000183105469,86.73200225830078,88.69999694824219,283220000
2024-04-09,85.1113052368164,85.35399627685547,87.63500213623047,83.02200317382812,87.44200134277344,501700000
2024-04-10,86.79153442382812,87.03900146484375,87.4000015258789,83.70899963378906,83.9260025024414,431929000
2024-04-11,90.35836029052734,90.61599731445312,90.73899841308594,86.9260025024414,87.41999816894531,431637000
2024-04-12,87.93526458740234,88.18599700927734,90.17500305175781,87.52999877929688,89.6989974975586,426805000
2024-04-15,85.7564697265625,86.0009994506836,90.61299896240234,85.92900085449219,89.0979995727539,443077000
2024-04-16,87.16645812988281,87.41500091552734,88.11799621582031,86.06400299072266,86.43299865722656,370453000
2024-04-17,83.79606628417969,84.03500366210938,88.7750015258789,83.94999694824219,88.33999633789062,495400000
2024-04-18,84.43025207519531,84.6709976196289,86.19000244140625,82.4020004272461,84.97000122070312,447260000
2024-04-19,75.98334503173828,76.19999694824219,84.3239974975586,75.60600280761719,83.1500015258789,875198000
2024-04-22,79.29190063476562,79.51799774169922,80.072998046875,76.4000015258789,78.10399627685547,596341000
2024-04-23,82.18865203857422,82.4229965209961,82.76899719238281,80.26399993896484,80.76899719238281,438559000
2024-04-24,79.45044708251953,79.677001953125,84.08200073242188,79.18299865722656,83.94999694824219,512208000
2024-04-25,82.39704895019531,82.63200378417969,83.322998046875,78.2229995727539,78.86799621582031,424641000
2024-04-26,87.48555755615234,87.73500061035156,88.33100128173828,83.38700103759766,83.81800079345703,551011000
2024-04-29,87.50747680664062,87.75700378417969,87.99199676513672,85.26599884033203,87.59500122070312,388971000
2024-04-30,86.15634155273438,86.4020004272461,88.81900024414062,86.30000305175781,87.23999786376953,363709000
2024-05-01,82.80488586425781,83.04100036621094,86.0,81.25499725341797,85.0770034790039,559863000
2024-05-02,85.57300567626953,85.81700134277344,86.23699951171875,83.19999694824219,84.4489974975586,377898000
2024-05-03,88.53654479980469,88.78900146484375,89.28099822998047,87.04000091552734,87.78900146484375,398341000
2024-05-06,91.87801361083984,92.13999938964844,92.22000122070312,89.05500030517578,89.38999938964844,376203000
2024-05-07,90.29652404785156,90.55400085449219,91.78099822998047,89.01100158691406,91.0979995727539,437342000
2024-05-08,90.15493774414062,90.41200256347656,91.19400024414062,89.41999816894531,89.48300170898438,325721000
2024-05-09,88.49465942382812,88.74700164794922,91.0719985961914,88.23100280761719,90.52899932861328,378013000
2024-05-10,89.62245178222656,89.87799835205078,91.4010009765625,89.22699737548828,90.30500030517578,335325000
2024-05-13,90.14197540283203,90.39900207519531,90.99800109863281,88.52899932861328,90.47799682617188,289680000
2024-05-14,91.09625244140625,91.35600280761719,91.6510009765625,88.93399810791016,89.5989990234375,296507000
2024-05-15,94.3609390258789,94.62999725341797,94.86199951171875,91.5989990234375,92.47200012207031,417735000
2024-05-16,94.09071350097656,94.35900115966797,95.81900024414062,94.10299682617188,94.91000366210938,323952000
2024-05-17,92.216064453125,92.47899627685547,94.73999786376953,91.80599975585938,94.36900329589844,359691000
2024-05-20,94.51051330566406,94.77999877929688,95.19999694824219,93.44000244140625,93.75,318764000
2024-05-21,95.11479187011719,95.38600158691406,95.4000015258789,93.18000030517578,93.5989990234375,328946000
2024-05-22,94.68002319335938,94.94999694824219,96.0199966430664,93.2490005493164,95.45899963378906,548648000
2024-05-23,103.5038833618164,103.79900360107422,106.31999969482422,101.5199966430664,102.02799987792969,835065000
2024-05-24,106.16626739501953,106.46900177001953,106.4749984741211,103.0,104.4489974975586,429494000
2024-05-28,113.57715606689453,113.9010009765625,114.93900299072266,109.88300323486328,110.24400329589844,652728000
2024-05-29,114.4985122680664,114.82499694824219,115.49199676513672,110.9010009765625,113.05000305175781,557442000
2024-05-30,110.18582916259766,110.5,115.81900024414062,109.66300201416016,114.6500015258789,484553000
2024-05-31,109.32128143310547,109.63300323486328,112.71700286865234,106.94000244140625,112.5199966430664,613263000
2024-06-03,114.67301940917969,115.0,115.0,112.00299835205078,113.62100219726562,438392000
2024-06-04,116.10592651367188,116.43699645996094,116.5999984741211,114.04499816894531,115.71600341796875,403324000
2024-06-05,122.09187316894531,122.44000244140625,122.4489974975586,117.46800231933594,118.37100219726562,528402000
2024-06-06,120.65396118164062,120.99800109863281,125.58699798583984,118.31999969482422,124.0479965209961,664696000
2024-06-07,120.54428100585938,120.88800048828125,121.69200134277344,118.02200317382812,119.7699966430664,412386000
2024-06-10,121.44371795654297,121.79000091552734,123.0999984741211,117.01000213623047,120.37000274658203,313434100
2024-06-11,120.57613372802734,120.91000366210938,122.87000274658203,118.73999786376953,121.7699966430664,222551200
2024-06-12,124.8542709350586,125.19999694824219,126.87999725341797,122.56999969482422,123.05999755859375,299595000
2024-06-13,129.2521209716797,129.61000061035156,129.8000030517578,127.16000366210938,129.38999938964844,260704500
2024-06-14,131.5158233642578,131.8800048828125,132.83999633789062,128.32000732421875,129.9600067138672,309320400
2024-06-17,130.61834716796875,130.97999572753906,133.72999572753906,129.5800018310547,132.99000549316406,288504400
2024-06-18,135.2056121826172,135.5800018310547,136.3300018310547,130.69000244140625,131.13999938964844,294335100
2024-06-20,130.41885375976562,130.77999877929688,140.75999450683594,129.52000427246094,139.8000030517578,517768400
2024-06-21,126.22049713134766,126.56999969482422,130.6300048828125,124.30000305175781,127.12000274658203,649445800
2024-06-24,117.78384399414062,118.11000061035156,124.45999908447266,118.04000091552734,123.23999786376953,476060900
2024-06-25,125.74181365966797,126.08999633789062,126.5,119.31999969482422,121.19999694824219,414192600
2024-06-26,126.05096435546875,126.4000015258789,128.1199951171875,122.5999984741211,126.12999725341797,362975900
2024-06-27,123.64761352539062,123.98999786376953,126.41000366210938,122.91999816894531,124.0999984741211,252571700
2024-06-28,123.19886779785156,123.54000091552734,127.70999908447266,122.75,124.58000183105469,315516700
2024-07-01,123.9567642211914,124.30000305175781,124.83999633789062,118.83000183105469,123.47000122070312,284885500
2024-07-02,122.33126068115234,122.66999816894531,123.41000366210938,121.02999877929688,121.12999725341797,218374000
2024-07-03,127.92578887939453,128.27999877929688,128.27999877929688,121.36000061035156,121.66000366210938,215749000
2024-07-05,125.48253631591797,125.83000183105469,128.85000610351562,125.68000030517578,127.37999725341797,214176700
2024-07-08,127.84597778320312,128.1999969482422,130.77000427246094,127.04000091552734,127.48999786376953,237677300
2024-07-09,131.0172119140625,131.3800048828125,133.82000732421875,128.64999389648438,130.35000610351562,285366600
2024-07-10,134.5374755859375,134.91000366210938,135.10000610351562,132.4199981689453,134.02999877929688,248978600
2024-07-11,127.04821014404297,127.4000015258789,136.14999389648438,127.05000305175781,135.75,374782700
2024-07-12,128.88311767578125,129.24000549316406,131.9199981689453,127.22000122070312,128.25999450683594,252680500
2024-07-15,128.0853271484375,128.44000244140625,131.38999938964844,127.18000030517578,130.55999755859375,208326200
2024-07-16,126.01107788085938,126.36000061035156,129.0399932861328,124.58000183105469,128.44000244140625,214769500
2024-07-17,117.66417694091797,117.98999786376953,121.8499984741211,116.72000122070312,121.3499984741211,390086200
2024-07-18,120.755615234375,121.08999633789062,122.4000015258789,116.55999755859375,121.8499984741211,320979500
2024-07-19,117.60435485839844,117.93000030517578,121.5999984741211,117.37000274658203,120.3499984741211,217223800
2024-07-22,123.19886779785156,123.54000091552734,124.06999969482422,119.86000061035156,120.3499984741211,258068900
2024-07-23,122.25148010253906,122.58999633789062,124.69000244140625,122.0999984741211,122.77999877929688,173911000
2024-07-24,113.93451690673828,114.25,119.94999694824219,113.44000244140625,119.16999816894531,327776900
2024-07-25,111.9699478149414,112.27999877929688,116.62999725341797,106.30000305175781,113.04000091552734,460067000
2024-07-26,112.74779510498047,113.05999755859375,116.19999694824219,111.58000183105469,116.19000244140625,293399100
2024-07-29,111.28186798095703,111.58999633789062,116.27999877929688,111.30000305175781,113.69000244140625,248152100
2024-07-30,103.44357299804688,103.7300033569336,111.98999786376953,102.54000091552734,111.5199966430664,486833300
2024-07-31,116.69685363769531,117.0199966430664,118.33999633789062,110.87999725341797,112.9000015258789,473174200
2024-08-01,108.9084243774414,109.20999908447266,120.16000366210938,106.80999755859375,117.52999877929688,523462300
2024-08-02,106.9737777709961,107.2699966430664,108.72000122070312,101.37000274658203,103.76000213623047,482027500
2024-08-05,100.17261505126953,100.44999694824219,103.41000366210938,90.69000244140625,92.05999755859375,552842400
2024-08-06,103.96211242675781,104.25,107.70999908447266,100.55000305175781,103.83999633789062,409012100
2024-08-07,98.63687896728516,98.91000366210938,108.80000305175781,98.69000244140625,107.80999755859375,411440400
2024-08-08,104.68013763427734,104.97000122070312,105.5,97.5199966430664,102.0,391910000
2024-08-09,104.46074676513672,104.75,106.5999984741211,103.43000030517578,105.63999938964844,290844200
2024-08-12,108.71894836425781,109.0199966430664,111.06999969482422,106.26000213623047,106.31999969482422,325559900
2024-08-13,115.81929779052734,116.13999938964844,116.2300033569336,111.58000183105469,112.44000244140625,312646700
2024-08-14,117.75394439697266,118.08000183105469,118.5999984741211,114.06999969482422,118.52999877929688,339246400
2024-08-15,122.5207290649414,122.86000061035156,123.23999786376953,117.47000122070312,118.76000213623047,318086700
2024-08-16,124.2359848022461,124.58000183105469,125.0,121.18000030517578,121.94000244140625,302589900
2024-08-19,129.64100646972656,130.0,130.0,123.41999816894531,124.27999877929688,318333600
2024-08-20,126.89861297607422,127.25,129.8800048828125,125.88999938964844,128.39999389648438,300087400
2024-08-21,128.14517211914062,128.5,129.35000610351562,126.66000366210938,127.31999969482422,257883600
2024-08-22,123.39830017089844,123.73999786376953,130.75,123.0999984741211,130.02000427246094,376189100
2024-08-23,129.01275634765625,129.3699951171875,129.60000610351562,125.22000122070312,125.86000061035156,323230300
2024-08-26,126.11079406738281,126.45999908447266,131.25999450683594,124.37000274658203,129.57000732421875,331964700
2024-08-27,127.94573211669922,128.3000030517578,129.1999969482422,123.87999725341797,125.05000305175781,303134600
2024-08-28,125.26314544677734,125.61000061035156,128.3300018310547,122.63999938964844,128.1199951171875,448101100
2024-08-29,117.26527404785156,117.58999633789062,124.43000030517578,116.70999908447266,121.36000061035156,453023300
2024-08-30,119.0403823852539,119.37000274658203,121.75,117.22000122070312,119.52999877929688,333751600
2024-09-03,107.70177459716797,108.0,116.20999908447266,107.29000091552734,116.01000213623047,477155100
2024-09-04,105.91670989990234,106.20999908447266,113.2699966430664,104.12000274658203,105.41000366210938,372470300
2024-09-05,106.9139633178711,107.20999908447266,109.6500015258789,104.76000213623047,104.98999786376953,306850700
2024-09-06,102.54605102539062,102.83000183105469,108.1500015258789,100.94999694824219,108.04000091552734,413638100
2024-09-09,106.17598724365234,106.47000122070312,106.55000305175781,103.69000244140625,104.87999725341797,273912000
2024-09-10,107.8014907836914,108.0999984741211,109.4000015258789,104.94999694824219,107.80999755859375,268283700
2024-09-11,116.58717346191406,116.91000366210938,117.19000244140625,107.41999816894531,109.38999938964844,441422400
2024-09-12,118.82117462158203,119.13999938964844,120.79000091552734,115.37999725341797,116.83999633789062,366052700
2024-09-13,118.7812728881836,119.0999984741211,119.95999908447266,117.5999984741211,119.08000183105469,238358300
2024-09-16,116.46748352050781,116.77999877929688,118.18000030517578,114.36000061035156,116.79000091552734,248772300
2024-09-17,115.2806625366211,115.58999633789062,118.80000305175781,114.83000183105469,118.16999816894531,231925900
2024-09-18,113.06661224365234,113.37000274658203,117.69999694824219,113.22000122070312,115.88999938964844,310318900
2024-09-19,117.5545654296875,117.87000274658203,119.66000366210938,117.25,117.3499984741211,293506400
2024-09-20,115.68956756591797,116.0,118.62000274658203,115.38999938964844,117.05999755859375,382462400
2024-09-23,115.9488754272461,116.26000213623047,116.98999786376953,114.86000061035156,116.55000305175781,206228500
2024-09-24,120.54654693603516,120.87000274658203,121.80000305175781,115.37999725341797,116.5199966430664,354966800
2024-09-25,123.17948150634766,123.51000213623047,124.94000244140625,121.61000061035156,122.0199966430664,284692900
2024-09-26,123.70806121826172,124.04000091552734,127.66999816894531,121.80000305175781,126.80000305175781,302582900
2024-09-27,121.07511901855469,121.4000015258789,124.02999877929688,119.26000213623047,123.97000122070312,271009200
2024-09-30,121.11502075195312,121.44000244140625,121.5,118.1500015258789,118.30999755859375,226553700
2024-10-01,116.68689727783203,117.0,122.44000244140625,115.79000091552734,121.7699966430664,302094500
2024-10-02,118.5319595336914,118.8499984741211,119.37999725341797,115.13999938964844,116.44000244140625,221845900
2024-10-03,122.52124786376953,122.8499984741211,124.36000061035156,120.33999633789062,120.91999816894531,277118000
2024-10-04,124.58570098876953,124.91999816894531,125.04000091552734,121.83000183105469,124.94000244140625,243678100
2024-10-07,127.37820434570312,127.72000122070312,130.63999938964844,124.94999694824219,124.98999786376953,346250200
2024-10-08,132.5343780517578,132.88999938964844,133.47999572753906,129.4199981689453,130.25999450683594,285722500
2024-10-09,132.2950439453125,132.64999389648438,134.52000427246094,131.3800048828125,134.11000061035156,246191600
2024-10-10,134.44924926757812,134.80999755859375,135.0,131.0,131.91000366210938,242311300
2024-10-11,134.4392852783203,134.8000030517578,135.77999877929688,133.66000366210938,134.00999450683594,170209500
2024-10-14,137.70054626464844,138.07000732421875,139.60000610351562,136.3000030517578,136.47000122070312,232347700
2024-10-15,131.24783325195312,131.60000610351562,138.57000732421875,128.74000549316406,137.8699951171875,377831000
2024-10-16,135.35679626464844,135.72000122070312,136.6199951171875,131.5800018310547,133.97999572753906,264879700
2024-10-17,136.56358337402344,136.92999267578125,140.88999938964844,136.8699951171875,139.33999633789062,306435900
2024-10-18,137.63070678710938,138.0,138.89999389648438,137.27999877929688,138.6699981689453,176090200
2024-10-21,143.325439453125,143.7100067138672,143.7100067138672,138.0,138.1300048828125,264554500
2024-10-22,143.20574951171875,143.58999633789062,144.4199981689453,141.77999877929688,142.91000366210938,226311600
2024-10-23,139.1865234375,139.55999755859375,142.42999267578125,137.4600067138672,142.02999877929688,285930000
2024-10-24,140.0342559814453,140.41000366210938,141.35000610351562,138.4600067138672,140.82000732421875,172354900
2024-10-25,141.16122436523438,141.5399932861328,144.1300048828125,140.8000030517578,140.92999267578125,205122100
2024-10-28,140.14395141601562,140.52000427246094,143.13999938964844,140.0500030517578,143.0,173586700
2024-10-29,140.8719940185547,141.25,142.25999450683594,138.89999389648438,140.2899932861328,157593600
2024-10-30,138.9671173095703,139.33999633789062,140.3300018310547,136.80999755859375,139.5399932861328,179418100
2024-10-31,132.40472412109375,132.75999450683594,137.61000061035156,132.11000061035156,137.60000610351562,270039600
2024-11-01,135.0376739501953,135.39999389648438,137.30999755859375,134.57000732421875,134.6999969482422,207127800
2024-11-04,135.68592834472656,136.0500030517578,138.9600067138672,135.57000732421875,137.2100067138672,187528200
2024-11-05,139.53558349609375,139.91000366210938,140.3699951171875,137.3300018310547,137.4499969482422,160537400
2024-11-06,145.2203369140625,145.61000061035156,146.49000549316406,141.9600067138672,142.9600067138672,242043900
2024-11-07,148.48159790039062,148.8800048828125,148.92999267578125,146.1699981689453,146.38999938964844,207323300
2024-11-08,147.23492431640625,147.6300048828125,149.77000427246094,146.25999450683594,148.77000427246094,175665800
2024-11-11,144.87127685546875,145.25999450683594,148.85000610351562,143.57000732421875,148.67999267578125,182325600
2024-11-12,147.89315795898438,148.2899932861328,149.64999389648438,146.00999450683594,146.77999877929688,198634700
2024-11-13,145.87857055664062,146.27000427246094,149.3300018310547,145.89999389648438,149.07000732421875,191903300
2024-11-14,146.3672637939453,146.75999450683594,149.0,145.5500030517578,147.63999938964844,194463300
2024-11-15,141.60006713867188,141.97999572753906,145.24000549316406,140.0800018310547,144.8699951171875,250132900
2024-11-18,139.77493286132812,140.14999389648438,141.5500030517578,137.14999389648438,139.5,221205300
2024-11-19,146.61659240722656,147.00999450683594,147.1300048828125,140.99000549316406,141.32000732421875,227834900
2024-11-20,145.4995880126953,145.88999938964844,147.55999755859375,142.72999572753906,147.41000366210938,309871700
2024-11-21,146.27749633789062,146.6699981689453,152.88999938964844,140.6999969482422,149.35000610351562,400946600
2024-11-22,141.5701446533203,141.9499969482422,147.16000366210938,141.10000610351562,145.92999267578125,236406200
2024-11-25,135.656005859375,136.02000427246094,142.0500030517578,135.82000732421875,141.99000549316406,344941900
2024-11-26,136.55360412597656,136.9199981689453,139.3000030517578,135.6699981689453,137.6999969482422,190287700
2024-11-27,134.9778289794922,135.33999633789062,137.22000122070312,131.8000030517578,135.00999450683594,226370900
2024-11-29,137.8800506591797,138.25,139.35000610351562,136.0500030517578,136.77999877929688,141863200
2024-12-02,138.259033203125,138.6300048828125,140.4499969482422,137.82000732421875,138.8300018310547,171682800
2024-12-03,139.88465881347656,140.25999450683594,140.5399932861328,137.9499969482422,138.25999450683594,164414000
2024-12-04,144.7515869140625,145.13999938964844,145.7899932861328,140.2899932861328,142.0,231224300
2024-12-05,144.68177795410156,145.05999755859375,146.5399932861328,143.9499969482422,145.11000061035156,172621200
2024-12-06,142.06861877441406,142.44000244140625,145.6999969482422,141.30999755859375,144.60000610351562,188505600
2024-12-09,138.4480743408203,138.80999755859375,139.9499969482422,137.1300048828125,138.97000122070312,189308600
2024-12-10,134.71783447265625,135.07000732421875,141.82000732421875,133.7899932861328,139.00999450683594,210020900
2024-12-11,138.94676208496094,139.30999755859375,140.1699981689453,135.2100067138672,137.36000061035156,184905200
2024-12-12,136.98190307617188,137.33999633789062,138.44000244140625,135.8000030517578,137.0800018310547,159211400
2024-12-13,133.8999786376953,134.25,139.60000610351562,132.5399932861328,138.94000244140625,231514900
2024-12-16,131.65582275390625,132.0,134.39999389648438,130.4199981689453,134.17999267578125,237951100
2024-12-17,130.05003356933594,130.38999938964844,131.58999633789062,126.86000061035156,129.08999633789062,259410300
2024-12-18,128.57388305664062,128.91000366210938,136.6999969482422,128.27999877929688,133.86000061035156,277444500
2024-12-19,130.3392791748047,130.67999267578125,134.02999877929688,129.5500030517578,131.75999450683594,209719200
2024-12-20,134.34878540039062,134.6999969482422,135.27999877929688,128.22000122070312,129.80999755859375,306528600
2024-12-23,139.3058319091797,139.6699981689453,139.7899932861328,135.1199951171875,136.27999877929688,176053500
2024-12-24,139.8544158935547,140.22000122070312,141.89999389648438,138.64999389648438,140.0,105157000
2024-12-26,139.56515502929688,139.92999267578125,140.85000610351562,137.72999572753906,139.6999969482422,116205600
2024-12-27,136.6527557373047,137.00999450683594,139.02000427246094,134.7100067138672,138.5500030517578,170582600
2024-12-30,137.13153076171875,137.49000549316406,140.27000427246094,134.02000427246094,134.8300018310547,167734700
2024-12-31,133.9398651123047,134.2899932861328,138.07000732421875,133.8300018310547,138.02999877929688,155659200
2025-01-02,137.9493865966797,138.30999755859375,138.8800048828125,134.6300048828125,136.0,198247200
2025-01-03,144.09332275390625,144.47000122070312,144.89999389648438,139.72999572753906,140.00999450683594,229322500
2025-01-06,149.0403594970703,149.42999267578125,152.16000366210938,147.82000732421875,148.58999633789062,265377400
2025-01-07,139.77459716796875,140.13999938964844,153.1300048828125,140.00999450683594,153.02999877929688,351782200
2025-01-08,139.7446746826172,140.11000061035156,143.9499969482422,137.55999755859375,142.5800018310547,227349900
2025-01-10,135.55563354492188,135.91000366210938,139.9199981689453,134.22000122070312,137.4499969482422,207602500
2025-01-13,132.8826141357422,133.22999572753906,133.49000549316406,129.50999450683594,129.99000549316406,204808900
2025-01-14,131.41647338867188,131.75999450683594,136.3800048828125,130.0500030517578,136.0500030517578,195590500
2025-01-15,135.88478088378906,136.24000549316406,136.4499969482422,131.2899932861328,133.64999389648438,185217300
2025-01-16,133.22174072265625,133.57000732421875,138.75,133.49000549316406,138.63999938964844,209235600
2025-01-17,137.3509521484375,137.7100067138672,138.5,135.4600067138672,136.69000244140625,201188800
2025-01-21,140.4628143310547,140.8300018310547,141.8300018310547,137.08999633789062,139.16000366210938,197749000
2025-01-22,146.68653869628906,147.07000732421875,147.7899932861328,143.6699981689453,144.66000366210938,237651400
2025-01-23,146.83616638183594,147.22000122070312,147.22999572753906,143.72000122070312,145.0500030517578,155915500
2025-01-24,142.2481231689453,142.6199951171875,148.97000122070312,141.8800048828125,148.3699951171875,234657600
2025-01-27,118.1112289428711,118.41999816894531,128.39999389648438,116.69999694824219,124.80000305175781,818830900
2025-01-28,128.6536865234375,128.99000549316406,129.0,116.25,121.80999755859375,579666400
2025-01-29,123.3774642944336,123.69999694824219,126.88999938964844,120.05000305175781,126.5,467120600
2025-01-30,124.32500457763672,124.6500015258789,125.0,118.0999984741211,123.0999984741211,392925500
2025-01-31,119.75692749023438,120.06999969482422,127.8499984741211,119.19000244140625,123.77999877929688,388161100
2025-02-03,116.35582733154297,116.66000366210938,118.56999969482422,113.01000213623047,114.75,371235700
2025-02-04,118.34062957763672,118.6500015258789,121.19999694824219,116.69999694824219,116.95999908447266,256550000
2025-02-05,124.50452423095703,124.83000183105469,125.0,120.76000213623047,121.76000213623047,262230800
2025-02-06,128.34446716308594,128.67999267578125,128.77000427246094,125.20999908447266,127.41999816894531,251483600
2025-02-07,129.50146484375,129.83999633789062,130.3699951171875,125.0,129.22000122070312,228186300
2025-02-10,133.22174072265625,133.57000732421875,135.0,129.9600067138672,130.08999633789062,216989100
2025-02-11,132.4537353515625,132.8000030517578,134.47999572753906,131.02000427246094,132.5800018310547,178902400
2025-02-12,130.79808044433594,131.13999938964844,132.24000549316406,129.0800018310547,130.02000427246094,160278600
2025-02-13,134.937255859375,135.2899932861328,136.5,131.1699981689453,131.55999755859375,197430000
2025-02-14,138.48797607421875,138.85000610351562,139.25,135.5,136.47999572753906,195479600
2025-02-18,139.0365447998047,139.39999389648438,143.44000244140625,137.92999267578125,141.27000427246094,219176600
2025-02-19,138.86697387695312,139.22999572753906,141.36000061035156,137.22000122070312,139.50999450683594,167536000
2025-02-20,139.7446746826172,140.11000061035156,140.66000366210938,136.7899932861328,140.02999877929688,143903600
2025-02-21,134.07948303222656,134.42999267578125,141.4600067138672,134.02999877929688,140.0399932861328,228217600
2025-02-24,129.9403076171875,130.27999877929688,138.58999633789062,130.0800018310547,136.55999755859375,251381100
2025-02-25,126.2998275756836,126.62999725341797,130.1999969482422,124.44000244140625,129.97999572753906,271428700
2025-02-26,130.93772888183594,131.27999877929688,133.72999572753906,128.49000549316406,129.99000549316406,322553800
2025-02-27,119.83672332763672,120.1500015258789,135.00999450683594,120.01000213623047,135.0,443175800
2025-02-28,124.59428405761719,124.91999816894531,125.08999633789062,116.4000015258789,118.0199966430664,389091100
2025-03-03,113.76260375976562,114.05999755859375,123.69999694824219,112.27999877929688,123.51000213623047,411381400
2025-03-04,115.68756866455078,115.98999786376953,119.30999755859375,110.11000061035156,110.6500015258789,398163300
2025-03-05,116.99417114257812,117.30000305175781,118.27999877929688,114.51000213623047,117.58000183105469,284337900
2025-03-06,110.28170776367188,110.56999969482422,115.3499984741211,110.22000122070312,113.52999877929688,321181900
2025-03-07,112.39617919921875,112.69000244140625,113.4800033569336,107.55999755859375,111.25,341755500
2025-03-10,106.70105743408203,106.9800033569336,111.8499984741211,105.45999908447266,109.9000015258789,366487400
2025-03-11,108.47642517089844,108.76000213623047,112.23999786376953,104.7699966430664,106.98999786376953,354865700
2025-03-12,115.44884490966797,115.73999786376953,116.76000213623047,112.87999725341797,114.12000274658203,323857500
2025-03-13,115.28925323486328,115.58000183105469,117.76000213623047,113.79000091552734,117.02999877929688,299033100
2025-03-14,121.36392211914062,121.66999816894531,121.87999725341797,118.1500015258789,118.61000061035156,277593500
2025-03-17,119.22930908203125,119.52999877929688,122.88999938964844,118.02999877929688,122.73999786376953,255501500
2025-03-18,115.13963317871094,115.43000030517578,119.0199966430664,114.54000091552734,118.0,299686900
2025-03-19,117.22435760498047,117.5199966430664,120.44999694824219,115.68000030517578,117.2699966430664,273426200
2025-03-20,118.2318115234375,118.52999877929688,120.19999694824219,116.47000122070312,116.55000305175781,248829700
2025-03-21,117.4039077758789,117.69999694824219,117.98999786376953,115.41999816894531,116.94000244140625,266498500
2025-03-24,121.10458374023438,121.41000366210938,122.22000122070312,119.33999633789062,119.87999725341797,228452500
2025-03-25,120.38639068603516,120.69000244140625,121.29000091552734,118.91999816894531,120.55000305175781,167447200
2025-03-26,113.47382354736328,113.76000213623047,118.83999633789062,112.70999908447266,118.7300033569336,293463300
2025-03-27,111.1496810913086,111.43000030517578,114.44999694824219,110.66000366210938,111.3499984741211,236902100
2025-03-28,109.39411163330078,109.66999816894531,112.87000274658203,109.06999969482422,111.48999786376953,229872500
2025-03-31,108.10735321044922,108.37999725341797,110.95999908447266,103.6500015258789,105.12999725341797,299212700
2025-04-01,109.87290954589844,110.1500015258789,110.19999694824219,106.47000122070312,108.5199966430664,222614000
2025-04-02,110.14221954345703,110.41999816894531,111.9800033569336,106.79000091552734,107.29000091552734,220601200
2025-04-03,101.54391479492188,101.80000305175781,105.62999725341797,101.5999984741211,103.51000213623047,338769400
2025-04-04,94.07276153564453,94.30999755859375,100.12999725341797,92.11000061035156,98.91000366210938,532273800
2025-04-07,97.39437103271484,97.63999938964844,101.75,86.62000274658203,87.45999908447266,611041300
2025-04-08,96.05774688720703,96.30000305175781,105.8499984741211,94.45999908447266,103.80999755859375,476243400
2025-04-09,114.04240417480469,114.33000183105469,115.0999984741211,97.52999877929688,98.88999938964844,612918300
2025-04-10,107.29940032958984,107.56999969482422,110.86000061035156,99.1500015258789,109.37000274658203,437812400
2025-04-11,110.65094757080078,110.93000030517578,111.55000305175781,107.4800033569336,108.5,313417300
2025-04-14,110.4314956665039,110.70999908447266,114.29000091552734,109.06999969482422,114.11000061035156,264705000
2025-04-15,111.9177474975586,112.19999694824219,113.62000274658203,110.5,110.97000122070312,228966900
2025-04-16,104.22714233398438,104.48999786376953,106.79000091552734,100.44999694824219,104.55000305175781,397016900
2025-04-17,101.23468780517578,101.48999786376953,104.47000122070312,100.05000305175781,104.44999694824219,292517500
2025-04-21,96.66622161865234,96.91000366210938,99.44000244140625,95.04000091552734,98.7699966430664,288501100
2025-04-22,98.64122772216797,98.88999938964844,99.80999755859375,97.27999877929688,98.77999877929688,241004800
2025-04-23,102.45161437988281,102.70999908447266,104.80000305175781,102.0199966430664,104.5199966430664,247526000
2025-04-24,106.1622543334961,106.43000030517578,106.54000091552734,103.11000061035156,103.4800033569336,220815000
2025-04-25,110.73074340820312,111.01000213623047,111.91999816894531,105.7300033569336,106.8499984741211,251064700
2025-04-28,108.45648193359375,108.7300033569336,110.37000274658203,106.0199966430664,109.69000244140625,207708500
2025-04-29,108.7457504272461,109.0199966430664,110.19999694824219,107.44000244140625,107.66999816894531,170444300
2025-04-30,108.64599609375,108.91999816894531,108.91999816894531,104.08000183105469,104.47000122070312,235044600
2025-05-01,111.32923126220703,111.61000061035156,114.94000244140625,111.30000305175781,113.08000183105469,236121500
2025-05-02,114.21196746826172,114.5,115.4000015258789,113.37000274658203,114.18000030517578,190194800
2025-05-05,113.5336685180664,113.81999969482422,114.66999816894531,112.66000366210938,112.91000366210938,133163200
2025-05-06,113.25437927246094,113.54000091552734,114.73999786376953,110.81999969482422,111.4800033569336,158525600
2025-05-07,116.7655258178711,117.05999755859375,117.68000030517578,112.27999877929688,113.05000305175781,206758800
2025-05-08,117.07474517822266,117.37000274658203,118.68000030517578,115.8499984741211,118.25,198428100
2025-05-09,116.35655975341797,116.6500015258789,118.2300033569336,115.20999908447266,117.3499984741211,132972200
2025-05-12,122.69058227539062,123.0,123.0,120.27999877929688,121.97000122070312,225023300
2025-05-13,129.60313415527344,129.92999267578125,131.22000122070312,124.47000122070312,124.9800033569336,330430100
2025-05-14,134.99952697753906,135.33999633789062,135.44000244140625,131.67999267578125,133.1999969482422,281180800
2025-05-15,134.49082946777344,134.8300018310547,136.3000030517578,132.66000366210938,134.2899932861328,226632600
2025-05-16,135.05938720703125,135.39999389648438,136.35000610351562,133.4600067138672,136.22000122070312,226542500
2025-05-19,135.2289581298828,135.57000732421875,135.8699951171875,132.38999938964844,132.38999938964844,193154600
2025-05-20,134.04196166992188,134.3800048828125,134.5800018310547,132.6199951171875,134.2899932861328,161514200
2025-05-21,131.46847534179688,131.8000030517578,137.39999389648438,130.58999633789062,133.05999755859375,270608700
2025-05-22,132.495849609375,132.8300018310547,134.25,131.5500030517578,132.22999572753906,187344000
2025-05-23,130.959716796875,131.2899932861328,132.67999267578125,129.16000366210938,130.0,198821300
2025-05-27,135.15914916992188,135.5,135.66000366210938,133.30999755859375,134.14999389648438,192953600
2025-05-28,134.47085571289062,134.80999755859375,137.25,134.7899932861328,136.02999877929688,304021100
2025-05-29,138.83985900878906,139.19000244140625,143.49000549316406,137.91000366210938,142.25,369241900
2025-05-30,134.7900848388672,135.1300048828125,139.6199951171875,132.9199981689453,138.72000122070312,333170900
2025-06-02,137.03440856933594,137.3800048828125,138.1199951171875,135.39999389648438,135.49000549316406,197663100
2025-06-03,140.86474609375,141.22000122070312,142.0,137.9499969482422,138.77999877929688,225578800
2025-06-04,141.56298828125,141.9199981689453,142.38999938964844,139.5399932861328,142.19000244140625,167120800
2025-06-05,139.6378631591797,139.99000549316406,144.0,138.8300018310547,142.1699981689453,231397900
2025-06-06,141.36351013183594,141.72000122070312,143.27000427246094,141.50999450683594,142.50999450683594,153986200
2025-06-09,142.2711944580078,142.6300048828125,145.0,141.94000244140625,143.19000244140625,185114500
2025-06-10,143.59786987304688,143.9600067138672,144.2899932861328,141.52999877929688,142.69000244140625,155881900
2025-06-11,142.4805908203125,142.8300018310547,144.99000549316406,141.8699951171875,144.61000061035156,167694000
2025-06-12,144.64529418945312,145.0,145.0,141.85000610351562,141.97000122070312,162365000
2025-06-13,141.62271118164062,141.97000122070312,143.5800018310547,140.85000610351562,142.47999572753906,180820600
2025-06-16,144.33604431152344,144.69000244140625,146.17999267578125,143.1999969482422,143.35000610351562,183133700
2025-06-17,143.76742553710938,144.1199951171875,145.22000122070312,143.77999877929688,144.49000549316406,139108000
2025-06-18,145.12411499023438,145.47999572753906,145.64999389648438,143.1199951171875,144.00999450683594,161494100
2025-06-20,143.49810791015625,143.85000610351562,146.1999969482422,142.64999389648438,145.4499969482422,242956200
2025-06-23,143.81732177734375,144.1699981689453,144.77999877929688,142.02999877929688,142.5,154308900
2025-06-24,147.53817749023438,147.89999389648438,147.9600067138672,145.5,145.55999755859375,187566100
2025-06-25,153.93251037597656,154.30999755859375,154.4499969482422,149.25999450683594,149.27000427246094,269146500
2025-06-26,154.64077758789062,155.02000427246094,156.72000122070312,154.0,155.97999572753906,198145700
2025-06-27,157.36410522460938,157.75,158.7100067138672,155.25999450683594,156.0399932861328,263234500
2025-06-30,157.60350036621094,157.99000549316406,158.66000366210938,155.9600067138672,158.39999389648438,194580300
2025-07-01,152.92498779296875,153.3000030517578,157.1999969482422,151.49000549316406,156.2899932861328,213143600
2025-07-02,156.86532592773438,157.25,157.60000610351562,152.97000122070312,152.97999572753906,171224100
2025-07-03,158.95018005371094,159.33999633789062,160.97999572753906,157.77000427246094,158.3699951171875,143716100
2025-07-07,157.85289001464844,158.24000549316406,159.30999755859375,157.33999633789062,158.1999969482422,140139000
2025-07-08,159.60858154296875,160.0,160.22000122070312,158.38999938964844,159.3300018310547,138133000
2025-07-09,162.48155212402344,162.8800048828125,164.4199981689453,161.16000366210938,161.22000122070312,183656400
2025-07-10,163.6985626220703,164.10000610351562,164.5,161.61000061035156,164.32000732421875,167704100
2025-07-11,164.51654052734375,164.9199981689453,167.88999938964844,163.47000122070312,163.72000122070312,193633300
2025-07-14,163.6686248779297,164.07000732421875,165.49000549316406,162.02000427246094,165.3699951171875,136975800
2025-07-15,170.28240966796875,170.6999969482422,172.39999389648438,169.1999969482422,171.19000244140625,230627400
2025-07-16,170.9507598876953,171.3699951171875,171.75,168.89999389648438,171.05999755859375,158831500
2025-07-17,172.57679748535156,173.0,174.16000366210938,170.8300018310547,172.02000427246094,160841100
2025-07-18,171.98825073242188,172.41000366210938,174.25,171.25999450683594,173.63999938964844,146456400
2025-07-21,170.9607391357422,171.3800048828125,173.3800048828125,171.0,172.75,123126100
2025-07-22,166.62136840820312,167.02999877929688,171.38999938964844,164.5800018310547,171.33999633789062,193114300
2025-07-23,170.3622283935547,170.77999877929688,171.25999450683594,167.97000122070312,169.52999877929688,154082200
2025-07-24,173.3149871826172,173.74000549316406,173.8300018310547,171.3000030517578,172.44000244140625,128984600
2025-07-25,173.0755615234375,173.5,174.72000122070312,172.9600067138672,173.61000061035156,122316800
2025-07-28,176.317626953125,176.75,177.0,173.97000122070312,174.02000427246094,140023500
2025-07-29,175.08062744140625,175.50999450683594,179.3800048828125,175.02000427246094,177.9600067138672,154077500
2025-07-30,178.83145141601562,179.27000427246094,179.88999938964844,176.0399932861328,176.50999450683594,174312200
2025-07-31,177.4348602294922,177.8699951171875,183.3000030517578,175.92999267578125,182.89999389648438,221685400
2025-08-01,173.29502868652344,173.72000122070312,176.5399932861328,170.88999938964844,174.08999633789062,204529000
2025-08-04,179.55966186523438,180.0,180.1999969482422,174.52000427246094,175.16000366210938,148174600
2025-08-05,177.8238983154297,178.25999450683594,180.25999450683594,175.89999389648438,179.6199951171875,156407600
2025-08-06,178.98106384277344,179.4199981689453,179.89999389648438,176.25,176.3300018310547,137192300
2025-08-07,180.32777404785156,180.77000427246094,183.8800048828125,178.8000030517578,181.57000732421875,151878400
2025-08-08,182.2530517578125,182.6999969482422,183.3000030517578,180.39999389648438,181.5500030517578,123396700
2025-08-11,181.6146240234375,182.05999755859375,183.83999633789062,180.25,182.0500030517578,138323200
2025-08-12,182.71192932128906,183.16000366210938,184.47999572753906,179.4600067138672,182.9600067138672,145485700
2025-08-13,181.14576721191406,181.58999633789062,183.97000122070312,179.35000610351562,182.6199951171875,179871700
2025-08-14,181.57472229003906,182.02000427246094,183.02000427246094,179.4600067138672,179.75,129554000
2025-08-15,180.008544921875,180.4499969482422,181.89999389648438,178.0399932861328,181.8800048828125,156602200
2025-08-18,181.5647430419922,182.00999450683594,182.94000244140625,180.58999633789062,180.60000610351562,132008000
2025-08-19,175.2103271484375,175.63999938964844,182.5,175.49000549316406,182.42999267578125,185229200
2025-08-20,174.97091674804688,175.39999389648438,176.0,168.8000030517578,175.1699981689453,215142700
2025-08-21,174.55194091796875,174.97999572753906,176.89999389648438,173.80999755859375,174.85000610351562,140040900
2025-08-22,177.5545654296875,177.99000549316406,178.58999633789062,171.1999969482422,172.61000061035156,172789400
2025-08-25,179.37013244628906,179.80999755859375,181.91000366210938,176.57000732421875,178.35000610351562,163012800
2025-08-26,181.32533264160156,181.77000427246094,182.38999938964844,178.80999755859375,180.05999755859375,168688200
2025-08-27,181.15574645996094,181.60000610351562,182.49000549316406,179.10000610351562,181.97999572753906,235518900
2025-08-28,179.72923278808594,180.1699981689453,184.47000122070312,176.41000366210938,180.82000732421875,281787800
2025-08-29,173.75389099121094,174.17999267578125,178.14999389648438,173.14999389648438,178.11000061035156,243257900
2025-09-02,170.3622283935547,170.77999877929688,172.3800048828125,167.22000122070312,170.0,231164900
2025-09-03,170.2025909423828,170.6199951171875,172.41000366210938,168.8800048828125,171.05999755859375,164424900
2025-09-04,171.2400665283203,171.66000366210938,171.86000061035156,169.41000366210938,170.57000732421875,141670100
2025-09-05,166.61141967773438,167.02000427246094,169.02999877929688,164.07000732421875,168.02999877929688,224441400
2025-09-08,167.89825439453125,168.30999755859375,170.9600067138672,167.35000610351562,167.5500030517578,163769100
2025-09-09,170.34226989746094,170.75999450683594,170.97999572753906,166.74000549316406,169.08999633789062,157548400
2025-09-10,176.89620971679688,177.3300018310547,179.2899932861328,175.47000122070312,176.63999938964844,226852000
2025-09-11,176.7465362548828,177.1699981689453,180.27999877929688,176.47999572753906,179.67999267578125,151159300
2025-09-12,177.39501953125,177.82000732421875,178.60000610351562,176.4499969482422,177.77000427246094,124911000
2025-09-15,177.32516479492188,177.75,178.85000610351562,174.50999450683594,175.6699981689453,147061600
2025-09-16,174.4620361328125,174.8800048828125,177.5,174.3800048828125,177.0,140737800
2025-09-17,169.88296508789062,170.2899932861328,173.1999969482422,168.41000366210938,172.63999938964844,211843800
2025-09-18,175.8187713623047,176.24000549316406,177.10000610351562,172.9600067138672,173.97999572753906,191763300
2025-09-19,176.24774169921875,176.6699981689453,178.0800018310547,175.17999267578125,175.77000427246094,237182100
2025-09-22,183.17115783691406,183.61000061035156,184.5500030517578,174.7100067138672,175.3000030517578,269637000
2025-09-23,178.0035400390625,178.42999267578125,182.4199981689453,176.2100067138672,181.97000122070312,192559600
2025-09-24,176.54702758789062,176.97000122070312,179.77999877929688,175.39999389648438,179.77000427246094,143564100
2025-09-25,177.26528930664062,177.69000244140625,180.25999450683594,173.1300048828125,174.47999572753906,191586700
2025-09-26,177.7641143798828,178.19000244140625,179.77000427246094,174.92999267578125,178.1699981689453,148573700
2025-09-29,181.4153594970703,181.85000610351562,184.0,180.32000732421875,180.42999267578125,193063500
2025-09-30,186.13406372070312,186.5800018310547,187.35000610351562,181.47999572753906,182.0800018310547,236981000
2025-10-01,186.79249572753906,187.24000549316406,188.13999938964844,183.89999389648438,185.24000549316406,173844900
2025-10-02,188.4385528564453,188.88999938964844,191.0500030517578,188.05999755859375,189.60000610351562,136805800
2025-10-03,187.17156982421875,187.6199951171875,190.36000061035156,185.3800048828125,189.19000244140625,137596900
2025-10-06,185.09652709960938,185.5399932861328,187.22999572753906,183.3300018310547,185.5,157678100
2025-10-07,184.5977325439453,185.0399932861328,189.05999755859375,184.0,186.22999572753906,140088000
2025-10-08,188.65802001953125,189.11000061035156,189.60000610351562,186.5399932861328,186.57000732421875,130168900
2025-10-09,192.10975646972656,192.57000732421875,195.3000030517578,191.05999755859375,192.22999572753906,182997200
2025-10-10,182.7222442626953,183.16000366210938,195.6199951171875,182.0500030517578,193.50999450683594,268774400
2025-10-13,187.8699188232422,188.32000732421875,190.11000061035156,185.9600067138672,187.97000122070312,153482800
2025-10-14,179.59971618652344,180.02999877929688,184.8000030517578,179.6999969482422,184.77000427246094,205641400
2025-10-15,179.4001922607422,179.8300018310547,184.8699951171875,177.2899932861328,184.8000030517578,214450500
2025-10-16,181.3754425048828,181.80999755859375,183.27999877929688,179.77000427246094,182.22999572753906,179723300
2025-10-17,182.78208923339844,183.22000122070312,184.10000610351562,179.75,180.17999267578125,173135200
2025-10-20,182.20347595214844,182.63999938964844,185.1999969482422,181.72999572753906,183.1300048828125,128544700
2025-10-21,180.72702026367188,181.16000366210938,182.7899932861328,179.8000030517578,182.7899932861328,124240200
2025-10-22,179.84910583496094,180.27999877929688,183.44000244140625,176.75999450683594,181.13999938964844,162249600
2025-10-23,181.72462463378906,182.16000366210938,183.02999877929688,179.7899932861328,180.4199981689453,111363700
2025-10-24,185.81480407714844,186.25999450683594,187.47000122070312,183.5,183.83999633789062,131296700
2025-10-27,191.03231811523438,191.49000549316406,192.0,188.42999267578125,189.99000549316406,153452700
2025-10-28,200.54953002929688,201.02999877929688,203.14999389648438,191.91000366210938,193.0500030517578,297986200
2025-10-29,206.54513549804688,207.0399932861328,212.19000244140625,204.77999877929688,207.97999572753906,308829600
2025-10-30,202.4050750732422,202.88999938964844,206.16000366210938,201.41000366210938,205.14999389648438,178864400
2025-10-31,202.00604248046875,202.49000549316406,207.97000122070312,202.07000732421875,206.4499969482422,179802200
2025-11-03,206.3855438232422,206.8800048828125,211.33999633789062,205.55999755859375,208.0800018310547,180267300
2025-11-04,198.21511840820312,198.69000244140625,203.97000122070312,197.92999267578125,203.0,188919300
2025-11-05,194.74343872070312,195.2100067138672,202.9199981689453,194.64999389648438,198.77000427246094,171350300
2025-11-06,187.63047790527344,188.0800018310547,197.6199951171875,186.3800048828125,196.4199981689453,223029800
2025-11-07,187.70028686523438,188.14999389648438,188.32000732421875,178.91000366210938,184.89999389648438,264942300
2025-11-10,198.57427978515625,199.0500030517578,199.94000244140625,193.7899932861328,195.11000061035156,198897100
2025-11-11,192.69833374023438,193.16000366210938,195.4199981689453,191.3000030517578,195.16000366210938,176483300
2025-11-12,193.33680725097656,193.8000030517578,195.88999938964844,191.1300048828125,195.72000122070312,154935300
2025-11-13,186.4134063720703,186.86000061035156,191.44000244140625,183.85000610351562,191.0500030517578,207423100
2025-11-14,189.71546936035156,190.1699981689453,191.00999450683594,180.5800018310547,182.86000061035156,186591900
2025-11-17,186.15402221679688,186.60000610351562,189.0,184.32000732421875,185.97000122070312,173628900
2025-11-18,180.92652893066406,181.36000061035156,184.8000030517578,179.64999389648438,183.3800048828125,213598900
2025-11-19,186.07420349121094,186.52000427246094,187.86000061035156,182.8300018310547,184.7899932861328,247246400
2025-11-20,180.20826721191406,180.63999938964844,196.0,179.85000610351562,195.9499969482422,343504800
2025-11-21,178.4524688720703,178.8800048828125,184.55999755859375,172.92999267578125,181.24000549316406,346926200
2025-11-24,182.1136932373047,182.5500030517578,183.5,176.47999572753906,179.49000549316406,256618300
2025-11-25,177.39501953125,177.82000732421875,178.16000366210938,169.5500030517578,174.91000366210938,320600300
2025-11-26,179.82916259765625,180.25999450683594,182.91000366210938,178.24000549316406,181.6300048828125,183852000
2025-11-28,176.57696533203125,177.0,179.2899932861328,176.5,179.00999450683594,121332800
2025-12-01,179.48995971679688,179.9199981689453,180.3000030517578,173.67999267578125,174.75999450683594,188131000
2025-12-02,181.02630615234375,181.4600067138672,185.66000366210938,180.0,181.75999450683594,182632200
2025-12-03,179.16078186035156,179.58999633789062,182.4499969482422,179.11000061035156,181.0800018310547,165138000
2025-12-04,182.95188903808594,183.3800048828125,184.52000427246094,179.9600067138672,181.6199951171875,167364900
2025-12-05,181.98414611816406,182.41000366210938,184.66000366210938,180.91000366210938,183.88999938964844,143971100
2025-12-08,185.1168212890625,185.5500030517578,188.0,182.39999389648438,182.63999938964844,204378100
2025-12-09,184.53817749023438,184.97000122070312,185.72000122070312,183.32000732421875,185.55999755859375,144719700
2025-12-10,183.35096740722656,183.77999877929688,185.47999572753906,182.0399932861328,184.97000122070312,162785400
2025-12-11,180.5076141357422,180.92999267578125,181.32000732421875,176.6199951171875,180.27999877929688,182136600
2025-12-12,174.61141967773438,175.02000427246094,182.82000732421875,174.6199951171875,181.11000061035156,204274900
2025-12-15,175.87843322753906,176.2899932861328,178.4199981689453,175.02999877929688,177.94000244140625,164775600
2025-12-16,177.3050994873047,177.72000122070312,178.49000549316406,174.89999389648438,176.25999450683594,148588100
2025-12-17,170.5409393310547,170.94000244140625,176.1300048828125,170.30999755859375,176.10000610351562,222775500
2025-12-18,173.73345947265625,174.13999938964844,176.14999389648438,171.82000732421875,174.52999877929688,176096000
2025-12-19,180.56747436523438,180.99000549316406,181.4499969482422,176.33999633789062,176.6699981689453,324925900
2025-12-22,183.26116943359375,183.69000244140625,184.16000366210938,182.35000610351562,183.9199981689453,129064400
2025-12-23,188.76828002929688,189.2100067138672,189.3300018310547,182.89999389648438,182.97000122070312,174873600
2025-12-24,188.169677734375,188.61000061035156,188.91000366210938,186.58999633789062,187.94000244140625,65528500
2025-12-26,190.085205078125,190.52999877929688,192.69000244140625,188.0,189.9199981689453,139740300
2025-12-29,187.7805938720703,188.22000122070312,188.75999450683594,185.91000366210938,187.7100067138672,120006100
2025-12-30,187.1021728515625,187.5399932861328,188.99000549316406,186.92999267578125,188.24000549316406,97687300
2025-12-31,186.06460571289062,186.5,190.55999755859375,186.49000549316406,189.57000732421875,120100500
