Date,Adj Close,Close,High,Low,Open,Volume,Stock,Daily_Return,Price_Range,SMA_10,SMA_20,Volatility
2021-02-01,130.2244415283203,134.13999938964844,135.3800048828125,130.92999267578125,133.75,106239800,AAPL,0.0165201012796869,4.45001220703125,136.71300048828124,133.09200019836425,0.0260637775757825
2021-02-02,131.0496368408203,134.99000549316406,136.30999755859375,134.61000061035156,135.72999572753906,83305400,AAPL,0.0063367087176327,1.6999969482421875,137.4290008544922,133.371000289917,0.0260643806864727
2021-02-03,130.03025817871094,133.94000244140625,135.77000427246094,133.61000061035156,135.75999450683594,89880900,AAPL,-0.0077783762429062,2.160003662109375,137.62000122070313,133.51750068664552,0.0244928624916297
2021-02-04,133.37953186035156,137.38999938964844,137.39999389648438,134.58999633789062,136.3000030517578,84183100,AAPL,0.025757778746879,2.80999755859375,137.67200164794923,134.05700073242187,0.0229591359116391
2021-02-05,132.9663543701172,136.75999450683594,137.4199981689453,135.86000061035156,137.35000610351562,75693800,AAPL,-0.0045855221312415,1.55999755859375,137.44100036621094,134.3490005493164,0.0223348958054418
2021-02-08,133.11219787597656,136.91000366210938,136.9600067138672,134.9199981689453,136.02999877929688,71297200,AAPL,0.0010968789214593,2.040008544921875,136.84000091552736,134.59200057983398,0.0199353867892138
2021-02-09,132.23719787597656,136.00999450683594,137.8800048828125,135.85000610351562,136.6199951171875,76774200,AAPL,-0.0065737282243789,2.029998779296875,136.125,134.94350051879883,0.019839861926929
2021-02-10,131.63433837890625,135.38999938964844,136.99000549316406,134.39999389648438,136.47999572753906,73046600,AAPL,-0.0045584526301583,2.5900115966796875,135.45800018310547,135.27300033569335,0.019816292594051
2021-02-11,131.38156127929688,135.1300048828125,136.38999938964844,133.77000427246094,135.89999389648438,64280000,AAPL,-0.0019203376025409,2.6199951171875,135.26200103759766,135.48500061035156,0.0167000276739983
2021-02-12,131.61489868164062,135.3699951171875,135.52999877929688,133.69000244140625,134.35000610351562,60145100,AAPL,0.0017759951580194,1.839996337890625,135.60299987792968,135.80800018310546,0.0108634421992164
2021-02-16,129.49539184570312,133.19000244140625,136.00999450683594,132.7899932861328,135.49000549316406,80576300,AAPL,-0.0161039577041727,3.220001220703125,135.50800018310548,136.11050033569336,0.0111166983566545
2021-02-17,127.21056365966795,130.83999633789062,132.22000122070312,129.47000122070312,131.25,97918500,AAPL,-0.0176440127670202,2.75,135.09299926757814,136.26100006103516,0.0119928193986019
2021-02-18,126.11193084716795,129.7100067138672,130.0,127.41000366210938,129.1999969482422,96856700,AAPL,-0.0086364235375341,2.589996337890625,134.6699996948242,136.14500045776367,0.012033382393817
2021-02-19,126.2674560546875,129.8699951171875,130.7100067138672,128.8000030517578,130.24000549316406,87668800,AAPL,0.0012334314627955,1.910003662109375,133.91799926757812,135.79500045776368,0.0068892981512353
2021-02-22,122.50482940673828,126.0,129.72000122070312,125.5999984741211,128.00999450683594,103916400,AAPL,-0.0297989933217094,4.120002746582031,132.84199981689454,135.14150009155273,0.010266314908327
2021-02-23,122.36872100830078,125.86000061035156,126.70999908447266,118.38999938964844,123.76000213623048,158273000,AAPL,-0.0011111062670511,8.319999694824219,131.73699951171875,134.28850021362305,0.0100680589486601
2021-02-24,121.87286376953124,125.3499984741211,125.55999755859376,122.2300033569336,124.94000244140624,111039900,AAPL,-0.0040521383581537,3.3299942016601705,130.67099990844727,133.39799995422362,0.0101482949968325
2021-02-25,117.6338119506836,120.98999786376952,126.45999908447266,120.54000091552734,124.68000030517578,148199500,AAPL,-0.034782613988238,5.9199981689453125,129.2309997558594,132.34449996948243,0.013064254184218
2021-02-26,117.89630889892578,121.26000213623048,124.8499984741211,121.1999969482422,122.58999633789062,164560400,AAPL,0.002231624739468,3.650001525878892,127.84399948120117,131.55300025939945,0.0134488666182984
2021-03-01,124.24517059326172,127.79000091552734,127.93000030517578,122.79000091552734,123.75,116307900,AAPL,0.0538512177491197,5.1399993896484375,127.08600006103516,131.34449996948243,0.0244192775359093
2021-03-02,121.64924621582033,125.12000274658205,128.72000122070312,125.01000213623048,128.41000366210938,102260900,AAPL,-0.0208936391722091,3.709999084472642,126.27900009155272,130.8935001373291,0.0246961879703775
2021-03-03,118.67411041259766,122.05999755859376,125.70999908447266,121.83999633789062,124.80999755859376,112966300,AAPL,-0.0244565626663708,3.8700027465820312,125.40100021362304,130.2469997406006,0.0251442003022687
2021-03-04,116.7976531982422,120.12999725341795,123.5999984741211,118.62000274658205,121.75,178155000,AAPL,-0.0158118986054324,4.979995727539048,124.44299926757812,129.55649948120117,0.0253092972248487
2021-03-05,118.0518569946289,121.41999816894533,121.94000244140624,117.56999969482422,120.9800033569336,153766600,AAPL,0.0107383746359877,4.370002746582017,123.5979995727539,128.75799942016602,0.0258407445705099
2021-03-08,113.13221740722656,116.36000061035156,121.0,116.20999908447266,120.93000030517578,154376600,AAPL,-0.0416735104175608,4.790000915527344,122.63399963378906,127.7379997253418,0.0272684195438161
2021-03-09,117.73102569580078,121.08999633789062,122.05999755859376,118.79000091552734,119.02999877929688,129525800,AAPL,0.0406496708725376,3.2699966430664205,122.15699920654296,126.94699935913086,0.031275295731636
2021-03-10,116.65180206298828,119.9800033569336,122.16999816894533,119.4499969482422,121.69000244140624,111943300,AAPL,-0.009166677797724,2.720001220703125,121.61999969482422,126.14549980163574,0.0313285572603968
2021-03-11,118.5768814086914,121.95999908447266,123.20999908447266,121.26000213623048,122.54000091552734,103026500,AAPL,0.0165027143869023,1.9499969482421733,121.71699981689451,125.47399978637696,0.0298813278486868
2021-03-12,117.67268371582033,121.02999877929688,121.16999816894533,119.16000366210938,120.4000015258789,88105100,AAPL,-0.0076254535270342,2.009994506835952,121.69399948120116,124.76899948120118,0.0300057317017077
2021-03-15,120.55056762695312,123.98999786376952,124.0,120.41999816894533,121.41000366210938,92403800,AAPL,0.0244567389434609,3.5800018310546733,121.3139991760254,124.19999961853028,0.0252263082971528
2021-03-16,122.08674621582033,125.56999969482422,127.22000122070312,124.72000122070312,125.6999969482422,115227900,AAPL,0.0127429781294994,2.5,121.3589988708496,123.81899948120116,0.0247734621121571
2021-03-17,121.29923248291016,124.76000213623048,125.86000061035156,122.33999633789062,124.0500030517578,111932600,AAPL,-0.0064505659039761,3.520004272460937,121.62899932861328,123.51499977111816,0.0233611596138187
2021-03-18,117.18656158447266,120.52999877929688,123.18000030517578,120.31999969482422,122.87999725341795,121229700,AAPL,-0.0339051241143351,2.8600006103515625,121.66899948120115,123.05599937438964,0.0255313698173461
2021-03-19,116.66152954101562,119.98999786376952,121.43000030517578,119.68000030517578,119.9000015258789,185549500,AAPL,-0.0044802200364754,1.75,121.5259994506836,122.56199951171877,0.0253143311147717
2021-03-22,119.96721649169922,123.38999938964844,123.87000274658205,120.26000213623048,120.33000183105467,111912300,AAPL,0.0283357078624095,3.6100006103515625,122.22899932861328,122.43149948120116,0.0222829003583733
2021-03-23,119.14078521728516,122.54000091552734,124.23999786376952,122.13999938964844,123.33000183105467,95467100,AAPL,-0.0068887144689653,2.0999984741210795,122.37399978637696,122.26549949645997,0.018910180198016
2021-03-24,116.7587661743164,120.08999633789062,122.9000015258789,120.06999969482422,122.81999969482422,88530500,AAPL,-0.0199935087263922,2.8300018310546875,122.38499908447264,122.00249938964843,0.0198651659533874
2021-03-25,117.2448959350586,120.58999633789062,121.66000366210938,119.0,119.54000091552734,98844700,AAPL,0.0041635441356262,2.660003662109375,122.24799880981443,121.9824993133545,0.0191138201283964
2021-03-26,117.84768676757812,121.20999908447266,121.4800033569336,118.91999816894533,120.3499984741211,94071200,AAPL,0.0051414111071435,2.560005187988267,122.26599884033205,121.9799991607666,0.019045724712059
2021-03-29,118.02271270751952,121.38999938964844,122.58000183105467,120.7300033569336,121.6500015258789,80819200,AAPL,0.0014850285169158,1.8499984741210795,122.00599899291991,121.65999908447266,0.0170954985000445
2021-03-30,116.57402801513672,119.9000015258789,120.4000015258789,118.86000061035156,120.11000061035156,85671900,AAPL,-0.0122744696536887,1.5400009155273438,121.4389991760254,121.3989990234375,0.0165216352488935
2021-03-31,118.76163482666016,122.1500015258789,123.5199966430664,121.1500015258789,121.6500015258789,118323800,AAPL,0.0187656377928766,2.3699951171875,121.17799911499024,121.40349922180177,0.0180428754326616
2021-04-01,119.58805084228516,123.0,124.18000030517578,122.48999786376952,123.66000366210938,75089100,AAPL,0.0069586448096852,1.6900024414062642,121.42499923706056,121.54699935913088,0.0142298165640033
2021-04-05,122.4075927734375,125.9000015258789,126.16000366210938,123.06999969482422,123.87000274658205,88651200,AAPL,0.0235772481778773,3.090003967285156,122.01599960327148,121.77099952697752,0.0154935264759989
2021-04-06,122.70899963378906,126.20999908447266,127.12999725341795,125.6500015258789,126.5,80171300,AAPL,0.0024622522226898,1.4799957275390483,122.29799957275392,122.2634994506836,0.0131301637942822
2021-04-07,124.35211944580078,127.9000015258789,127.91999816894533,125.13999938964844,125.83000183105467,83466700,AAPL,0.0133904005519811,2.779998779296889,122.83399963378906,122.603999710083,0.0131125072188359
2021-04-08,126.743896484375,130.36000061035156,130.38999938964844,128.52000427246094,128.9499969482422,88844600,AAPL,0.0192337690001895,1.8699951171875,123.86100006103516,123.12299957275393,0.0106515547033002
2021-04-09,129.31065368652344,133.0,133.0399932861328,129.47000122070312,129.8000030517578,106686700,AAPL,0.0202516061467308,3.5699920654296875,125.1020004272461,123.67499961853028,0.0111617362930771
2021-04-12,127.59950256347656,131.24000549316406,132.85000610351562,130.6300048828125,132.52000427246094,91420000,AAPL,-0.0132330414047814,2.220001220703125,126.10500106811524,124.18549995422364,0.0133331644504189
2021-04-13,130.70094299316406,134.42999267578125,134.66000366210938,131.92999267578125,132.44000244140625,91266500,AAPL,0.0243065151561834,2.730010986328125,127.40900039672852,124.70749969482422,0.0140179191162903
2021-04-14,128.36756896972656,132.02999877929688,135.0,131.66000366210938,134.94000244140625,87222800,AAPL,-0.017853113347054,3.339996337890625,128.62200012207032,125.03049964904784,0.0150882102933902
2021-04-15,130.76901245117188,134.5,135.0,133.63999938964844,133.82000732421875,89347100,AAPL,0.0187078788422319,1.3600006103515625,129.85699996948242,125.51749954223632,0.0150844014404808
2021-04-16,130.43844604492188,134.16000366210938,134.6699981689453,133.27999877929688,134.3000030517578,84922400,AAPL,-0.0025278538133132,1.3899993896484375,130.97300033569337,126.19899978637696,0.0155719850107979
2021-04-19,131.0995635986328,134.83999633789062,135.47000122070312,133.33999633789062,133.50999450683594,94264200,AAPL,0.0050685201045004,2.1300048828125,131.86699981689452,126.941499710083,0.0147001456164129
2021-04-20,129.41757202148438,133.11000061035156,135.52999877929688,131.80999755859375,135.02000427246094,94812300,AAPL,-0.0128299894283883,3.720001220703125,132.55699996948243,127.42749977111816,0.0159635352065709
2021-04-21,129.79676818847656,133.5,133.75,131.3000030517578,132.36000061035156,68847100,AAPL,0.0029299029964704,2.4499969482421875,133.11699981689452,127.9754997253418,0.0157264800413478
2021-04-22,128.28005981445312,131.94000244140625,134.14999389648438,131.41000366210938,133.0399932861328,84566500,AAPL,-0.0116853749707397,2.739990234375,133.275,128.56800003051757,0.015525369693962
2021-04-23,130.59400939941406,134.32000732421875,135.1199951171875,132.16000366210938,132.16000366210938,78657500,AAPL,0.0180385390235948,2.959991455078125,133.40700073242186,129.25450057983397,0.0152385449100115
2021-04-26,130.9829559326172,134.72000122070312,135.05999755859375,133.55999755859375,134.8300018310547,66905100,AAPL,0.0029779174707671,1.5,133.75500030517577,129.9300006866455,0.0143835677218464
2021-04-27,130.6620635986328,134.38999938964844,135.41000366210938,134.11000061035156,135.00999450683594,66015800,AAPL,-0.0024495385099801,1.3000030517578125,133.7510009765625,130.58000068664552,0.0122509963014977
2021-04-28,129.87457275390625,133.5800018310547,135.02000427246094,133.0800018310547,134.30999755859375,107760100,AAPL,-0.0060272160300057,1.94000244140625,133.90600128173827,131.2640007019043,0.0108192178652405
2021-04-29,129.77732849121094,133.47999572753906,137.07000732421875,132.4499969482422,136.47000122070312,151101000,AAPL,-0.00074866074371,4.6200103759765625,133.8040008544922,131.83050041198732,0.0089050805870444
2021-04-30,127.81338500976562,131.4600067138672,133.55999755859375,131.07000732421875,131.77999877929688,109839500,AAPL,-0.0151332714888237,2.489990234375,133.53400115966798,132.25350074768068,0.0100119541238592
2021-05-03,128.86337280273438,132.5399932861328,134.07000732421875,131.8300018310547,132.0399932861328,75135100,AAPL,0.0082153241830902,2.2400054931640625,133.3040008544922,132.58550033569335,0.0103035216774532
2021-05-04,124.3035125732422,127.8499984741211,131.49000549316406,126.6999969482422,131.19000244140625,137564700,AAPL,-0.0353855066363762,4.790008544921861,132.77800064086915,132.6675003051758,0.014593461730865
2021-05-05,124.54656982421876,128.10000610351562,130.4499969482422,127.97000122070312,129.1999969482422,84000900,AAPL,0.0019554762016296,2.4799957275390625,132.2380012512207,132.67750053405763,0.0145457668399273
2021-05-06,126.14105987548828,129.74000549316406,129.75,127.12999725341795,127.88999938964844,78128300,AAPL,0.0128024926737566,2.620002746582045,132.01800155639648,132.64650077819823,0.0151609657434917
2021-05-07,126.81307220458984,130.2100067138672,131.25999450683594,129.47999572753906,130.85000610351562,78973300,AAPL,0.0036226391305949,1.779998779296875,131.60700149536132,132.5070011138916,0.0137041106994721
2021-05-10,123.5407257080078,126.8499984741211,129.5399932861328,126.80999755859376,129.41000366210938,88071200,AAPL,-0.0258045316526986,2.7299957275390483,130.82000122070312,132.28750076293946,0.015241432921005
2021-05-11,122.62525939941406,125.91000366210938,126.2699966430664,122.7699966430664,123.5,126142800,AAPL,-0.0074102863485921,3.5,129.9720016479492,131.86150131225585,0.0151974877761256
2021-05-12,119.56716918945312,122.7699966430664,124.63999938964844,122.25,123.4000015258789,112172300,AAPL,-0.0249385031190171,2.389999389648437,128.8910011291504,131.39850120544435,0.016284870878297
2021-05-13,121.70978546142578,124.97000122070312,126.1500015258789,124.26000213623048,124.58000183105467,105861300,AAPL,0.0179197249962699,1.8899993896484235,128.0400016784668,130.9220012664795,0.0182017078898549
2021-05-14,124.12506866455078,127.4499969482422,127.88999938964844,125.8499984741211,126.25,81918000,AAPL,0.0198447283613232,2.040000915527344,127.6390007019043,130.58650093078614,0.0196440084887375
2021-05-17,122.9758758544922,126.2699966430664,126.93000030517578,125.16999816894533,126.81999969482422,74244600,AAPL,-0.0092585353741122,1.7600021362304543,127.01200103759766,130.15800094604492,0.0193181175018947
2021-05-18,121.59293365478516,124.8499984741211,126.98999786376952,124.77999877929688,126.55999755859376,63342900,AAPL,-0.0112457290464598,2.209999084472642,126.71200103759766,129.7450008392334,0.0163299372923919
2021-05-19,121.43708038330078,124.69000244140624,124.91999816894533,122.86000061035156,123.16000366210938,92612000,AAPL,-0.0012815060846638,2.059997558593764,126.37100067138672,129.30450096130372,0.0162692542498025
2021-05-20,123.98873901367188,127.30999755859376,127.72000122070312,125.0999984741211,125.2300033569336,76857100,AAPL,0.0210120704618537,2.6200027465820312,126.12799987792968,129.0730007171631,0.0173055539882191
2021-05-21,122.15779113769533,125.43000030517578,128.0,125.20999908447266,127.81999969482422,79295400,AAPL,-0.0147670826287835,2.790000915527344,125.64999923706054,128.62850036621094,0.0176444953216583
2021-05-24,123.78418731689452,127.0999984741211,127.94000244140624,125.94000244140624,126.01000213623048,63092900,AAPL,0.0133141845242936,2.0,125.67499923706056,128.24750022888185,0.0164702578949738
2021-05-25,123.58943939208984,126.9000015258789,128.32000732421875,126.31999969482422,127.81999969482422,72009500,AAPL,-0.0015735401309459,2.0000076293945312,125.7739990234375,127.87300033569336,0.0162680966816634
2021-05-26,123.5407257080078,126.8499984741211,127.38999938964844,126.41999816894533,126.95999908447266,56575900,AAPL,-0.0003940350760958,0.9700012207031108,126.18199920654295,127.53650016784668,0.0135627562375261
2021-05-27,122.01168823242188,125.27999877929688,127.63999938964844,125.08000183105467,126.44000244140624,94625600,AAPL,-0.0123768207623945,2.559997558593764,126.21299896240234,127.12650032043456,0.0133301204271682
2021-05-28,121.35916137695312,124.61000061035156,125.8000030517578,124.5500030517578,125.56999969482422,71311100,AAPL,-0.0053480058706388,1.25,125.92899932861329,126.78400001525878,0.0114845035495944
2021-06-01,121.03778076171876,124.27999877929688,125.3499984741211,123.94000244140624,125.08000183105467,67637100,AAPL,-0.0026482772605593,1.409996032714858,125.72999954223631,126.371000289917,0.0112197533616703
2021-06-02,121.79741668701172,125.05999755859376,125.23999786376952,124.0500030517578,124.27999877929688,59278900,AAPL,0.0062761408670597,1.1899948120117188,125.7509994506836,126.23150024414062,0.0108975801395087
2021-06-03,120.31707763671876,123.54000091552734,124.8499984741211,123.12999725341795,124.68000030517578,76229200,AAPL,-0.0121541393950073,1.7200012207031392,125.6359992980957,126.0034999847412,0.0115848906055301
2021-06-04,122.60578918457033,125.88999938964844,126.16000366210938,123.8499984741211,124.06999969482422,75169300,AAPL,0.0190221665590559,2.310005187988281,125.49399948120116,125.81099967956544,0.011177261840024
2021-06-07,122.61550903320312,125.9000015258789,126.31999969482422,124.83000183105467,126.16999816894533,71057600,AAPL,7.945139629006448e-05,1.4899978637695457,125.54099960327147,125.59549942016602,0.010087944561027
2021-06-08,123.43360137939452,126.73999786376952,128.4600067138672,126.20999908447266,126.5999984741211,74403800,AAPL,0.0066719327061957,2.2500076293945312,125.50499954223632,125.58999938964844,0.0093351815241489
2021-06-09,123.81341552734376,127.12999725341795,127.75,126.5199966430664,127.20999908447266,56877900,AAPL,0.0030771610874384,1.2300033569335938,125.52799911499024,125.65099906921388,0.0093773653456035
2021-06-10,122.82003784179688,126.11000061035156,128.19000244140625,125.94000244140624,127.0199966430664,71186400,AAPL,-0.0080232570211824,2.250000000000014,125.45399932861328,125.81799926757812,0.0097363983607807
2021-06-11,124.02769470214844,127.3499984741211,127.44000244140624,126.0999984741211,126.52999877929688,53522400,AAPL,0.009832668763525,1.340003967285142,125.6609992980957,125.93699913024902,0.0092582570174843
2021-06-14,127.07601165771484,130.47999572753906,130.5399932861328,127.06999969482422,127.81999969482422,96906500,AAPL,0.0245779135525785,3.4699935913085938,126.24799880981443,126.08849906921388,0.0113376862202774
2021-06-15,126.25794982910156,129.63999938964844,130.60000610351562,129.38999938964844,129.94000244140625,62746300,AAPL,-0.0064377403846996,1.2100067138671875,126.78399887084962,126.25699920654296,0.0116680274661071
2021-06-16,126.754638671875,130.14999389648438,130.88999938964844,128.4600067138672,130.3699951171875,91815000,AAPL,0.0039339286426798,2.42999267578125,127.29299850463867,126.52199897766111,0.0116472679934294
2021-06-17,128.3518524169922,131.7899932861328,132.5500030517578,129.64999389648438,129.8000030517578,96721700,AAPL,0.0126008410799682,2.900009155273437,128.1179977416992,126.87699851989746,0.0103805106071966
2021-06-18,127.05654907226562,130.4600067138672,131.50999450683594,130.24000549316406,130.7100067138672,108953300,AAPL,-0.0100917113591322,1.269989013671875,128.5749984741211,127.03449897766112,0.0105696865416084
2021-06-21,128.84854125976562,132.3000030517578,132.41000366210938,129.2100067138672,130.3000030517578,79663300,AAPL,0.0141039111083767,3.1999969482421875,129.214998626709,127.37799911499025,0.0109702293687722
2021-06-22,130.48471069335938,133.97999572753906,134.0800018310547,131.6199951171875,132.1300048828125,74783600,AAPL,0.0126983570448142,2.4600067138671875,129.93899841308593,127.72199897766112,0.0112331596365736
2021-06-23,130.21202087402344,133.6999969482422,134.32000732421875,133.22999572753906,133.77000427246094,60214200,AAPL,-0.0020898551143879,1.0900115966796875,130.59599838256835,128.0619987487793,0.0114796215058745
2021-06-24,129.92959594726562,133.41000366210938,134.63999938964844,132.92999267578125,134.4499969482422,68711000,AAPL,-0.0021689849869261,1.7100067138671875,131.32599868774415,128.3899990081787,0.0108684221557878
2021-06-25,129.6374053955078,133.11000061035156,133.88999938964844,132.80999755859375,133.4600067138672,70783700,AAPL,-0.0022487298067814,1.0800018310546875,131.9019989013672,128.78149909973143,0.011027805577055
2021-06-28,131.26385498046875,134.77999877929688,135.25,133.35000610351562,133.41000366210938,62111300,AAPL,0.0125460007609332,1.899993896484375,132.33199920654295,129.2899990081787,0.0090759605431585
2021-06-29,132.7734375,136.3300018310547,136.49000549316406,134.35000610351562,134.8000030517578,64556100,AAPL,0.0115002453316233,2.139999389648437,133.0009994506836,129.8924991607666,0.0087060213492164
2021-06-30,133.3870086669922,136.9600067138672,137.41000366210938,135.8699951171875,136.1699981689453,63261400,AAPL,0.0046211756352296,1.540008544921875,133.68200073242187,130.48749961853028,0.0086986926081195
2021-07-01,133.6888885498047,137.27000427246094,137.3300018310547,135.75999450683594,136.60000610351562,52485800,AAPL,0.002263416642797,1.57000732421875,134.2300018310547,131.17399978637695,0.0083205030114434
2021-07-02,136.30868530273438,139.9600067138672,140.0,137.75,137.89999389648438,78852600,AAPL,0.0195964329983335,2.25,135.18000183105468,131.87750015258788,0.0079782934780418
2021-07-06,138.3149871826172,142.02000427246094,143.14999389648438,140.07000732421875,140.07000732421875,108181800,AAPL,0.0147184728477842,3.079986572265625,136.152001953125,132.683500289917,0.0080405152725559
2021-07-07,140.79847717285156,144.57000732421875,144.88999938964844,142.66000366210938,143.5399932861328,104911600,AAPL,0.0179552385230583,2.2299957275390625,137.21100311279298,133.57500076293945,0.0085966475081872
2021-07-08,139.50318908691406,143.24000549316406,144.05999755859375,140.6699981689453,141.5800018310547,105575500,AAPL,-0.0091997078486132,3.389999389648437,138.16500396728514,134.38050117492676,0.0097147598993279
2021-07-09,141.3243408203125,145.11000061035156,145.64999389648438,142.64999389648438,142.75,99890800,AAPL,0.0130549779773412,3.0,139.3350036621094,135.33050117492675,0.0093099264827439
2021-07-12,140.73031616210938,144.5,146.32000732421875,144.0,146.2100067138672,76299700,AAPL,-0.0042037117206658,2.32000732421875,140.47400360107423,136.1880012512207,0.0095769644102367
2021-07-13,141.84054565429688,145.63999938964844,147.4600067138672,143.6300048828125,144.02999877929688,100827100,AAPL,0.0078892691325151,3.830001831054688,141.56000366210938,136.94600143432618,0.0094592609120025
2021-07-14,145.25897216796875,149.14999389648438,149.57000732421875,147.67999267578125,148.10000610351562,127050800,AAPL,0.0241004842182483,1.8900146484375,142.84200286865234,137.92150115966797,0.0107545466969043
2021-07-15,144.6064453125,148.47999572753906,150.0,147.08999633789062,149.24000549316406,106820300,AAPL,-0.0044921099320347,2.910003662109375,143.99400177001954,138.8380012512207,0.0115323271498018
2021-07-16,142.57098388671875,146.38999938964844,149.75999450683594,145.8800048828125,148.4600067138672,93251400,AAPL,-0.0140759455686257,3.8799896240234375,144.90600128173827,139.5680015563965,0.0134585441184954
2021-07-19,138.73374938964844,142.4499969482422,144.07000732421875,141.6699981689453,143.75,121434600,AAPL,-0.0269144235113977,2.400009155273437,145.15500030517578,140.16750106811523,0.0162003677035034
2021-07-20,142.33718872070312,146.14999389648438,147.10000610351562,142.9600067138672,143.4600067138672,96350000,AAPL,0.0259740051071151,4.1399993896484375,145.56799926757813,140.86000061035156,0.0175278190304556
2021-07-21,141.6068115234375,145.39999389648438,146.1300048828125,144.6300048828125,145.52999877929688,74993500,AAPL,-0.0051317142067841,1.5,145.6509979248047,141.43100051879884,0.0168476556916322
2021-07-22,142.9702606201172,146.8000030517578,148.1999969482422,145.80999755859375,145.94000244140625,77338200,AAPL,0.0096286740993274,2.389999389648437,146.00699768066406,142.08600082397462,0.0166695114187185
2021-07-23,144.684326171875,148.55999755859375,148.72000122070312,146.9199981689453,147.5500030517578,71447400,AAPL,0.0119890631488297,1.8000030517578125,146.35199737548828,142.84350051879883,0.0165983649690432
2021-07-26,145.10313415527344,148.99000549316406,149.8300018310547,147.6999969482422,148.27000427246094,72434100,AAPL,0.0028945068769317,2.1300048828125,146.80099792480468,143.63750076293945,0.0164318948248346
2021-07-27,142.94105529785156,146.77000427246094,149.2100067138672,145.5500030517578,149.1199951171875,104818600,AAPL,-0.0149003365249555,3.660003662109375,146.91399841308595,144.23700103759765,0.0172663158603603
2021-07-28,141.19773864746094,144.97999572753906,146.97000122070312,142.5399932861328,144.80999755859375,118931200,AAPL,-0.0121960107161879,4.4300079345703125,146.49699859619142,144.66950073242188,0.0155818790518092
2021-07-29,141.84054565429688,145.63999938964844,146.5500030517578,144.5800018310547,144.69000244140625,56699500,AAPL,0.0045523774421245,1.970001220703125,146.21299896240234,145.10350036621094,0.0157295382367445
2021-07-30,142.05484008789062,145.86000061035156,146.3300018310547,144.11000061035156,144.3800048828125,70440600,AAPL,0.0015105824061047,2.220001220703125,146.15999908447264,145.53300018310546,0.0151411616781056
2021-08-02,141.7236328125,145.52000427246094,146.9499969482422,145.25,146.36000061035156,62880000,AAPL,-0.0023309772142322,1.6999969482421875,146.46699981689454,145.81100006103514,0.0120030366665233
2021-08-03,143.51564025878906,147.36000061035156,148.0399932861328,145.17999267578125,145.80999755859375,64786600,AAPL,0.0126442845235597,2.8600006103515625,146.58800048828124,146.0779998779297,0.0095611564452675
2021-08-04,143.11634826660156,146.9499969482422,147.7899932861328,146.27999877929688,147.27000427246094,56368300,AAPL,-0.0027823266857436,1.5099945068359375,146.74300079345704,146.19699935913087,0.0094253025386041
2021-08-05,143.2235107421875,147.05999755859375,147.83999633789062,146.1699981689453,146.97999572753906,46397700,AAPL,0.0007485580989179,1.6699981689453125,146.7690002441406,146.38799896240235,0.0089383319744497
2021-08-06,142.54074096679688,146.13999938964844,147.11000061035156,145.6300048828125,146.35000610351562,54126800,AAPL,-0.0062559376051856,1.4799957275390625,146.5270004272461,146.4394989013672,0.0080892691250543
2021-08-09,142.4919891357422,146.08999633789062,146.6999969482422,145.52000427246094,146.1999969482422,48908700,AAPL,-0.0003421585600564,1.17999267578125,146.23699951171875,146.5189987182617,0.0079525385418404
2021-08-10,142.01402282714844,145.60000610351562,147.7100067138672,145.3000030517578,146.44000244140625,69023100,AAPL,-0.0033540300270916,2.410003662109375,146.11999969482423,146.5169990539551,0.0065808838490063
2021-08-11,142.26766967773438,145.86000061035156,146.72000122070312,145.52999877929688,146.0500030517578,48493500,AAPL,0.0017856764830839,1.19000244140625,146.20800018310547,146.35249938964844,0.0052334043970969
2021-08-12,145.22300720214844,148.88999938964844,149.0500030517578,145.83999633789062,146.19000244140625,72282600,AAPL,0.0207733358468245,3.2100067138671875,146.53300018310546,146.3729995727539,0.0082391733713413
2021-08-13,145.4279022216797,149.10000610351562,149.44000244140625,148.27000427246094,148.97000122070312,59375000,AAPL,0.0014104823341263,1.1699981689453125,146.85700073242188,146.50849990844728,0.0082402183641635
2021-08-16,147.39805603027344,151.1199951171875,151.19000244140625,146.47000122070312,148.5399932861328,103296000,AAPL,0.0135478801541393,4.720001220703125,147.41699981689453,146.94199981689454,0.008776222277321
2021-08-17,146.49098205566406,150.19000244140625,151.67999267578125,149.08999633789062,150.22999572753906,92229700,AAPL,-0.0061540014943759,2.589996337890625,147.7,147.1440002441406,0.0086883237927403
2021-08-18,142.7553253173828,146.36000061035156,150.72000122070312,146.14999389648438,149.8000030517578,86326000,AAPL,-0.0255010438031578,4.57000732421875,147.64100036621093,147.19200057983397,0.0122853883679698
2021-08-19,143.08694458007812,146.6999969482422,148.0,144.5,145.02999877929688,86960300,AAPL,0.0023230140507841,3.5,147.6050003051758,147.1870002746582,0.0123108678124311
2021-08-20,144.5402374267578,148.19000244140625,148.5,146.77999877929688,147.44000244140625,60549600,AAPL,0.010156820205591,1.720001220703125,147.81000061035155,147.16850051879882,0.0125029024682797
2021-08-23,146.02279663085938,149.7100067138672,150.19000244140625,147.88999938964844,148.30999755859375,60131800,AAPL,0.0102571310305628,2.3000030517578125,148.17200164794923,147.204500579834,0.0127789449887186
2021-08-24,145.93504333496094,149.6199951171875,150.86000061035156,149.14999389648438,149.4499969482422,48606400,AAPL,-0.0006012396810035,1.7100067138671875,148.5740005493164,147.3470001220703,0.0126674040015671
2021-08-25,144.70606994628906,148.36000061035156,150.32000732421875,147.8000030517578,149.80999755859375,58991300,AAPL,-0.0084212976069747,2.520004272460937,148.8240005493164,147.51600036621093,0.013159848795043
2021-08-26,143.90625,147.5399932861328,149.1199951171875,147.50999450683594,148.35000610351562,48597200,AAPL,-0.005527145597501,1.6100006103515625,148.68899993896486,147.61100006103516,0.0114603844512851
2021-08-27,144.94017028808594,148.60000610351562,148.75,146.8300018310547,147.47999572753906,55802400,AAPL,0.0071845795419487,1.9199981689453125,148.63899993896484,147.74800033569335,0.0117292854281328
2021-08-30,149.34881591796875,153.1199951171875,153.49000549316406,148.61000061035156,149.0,90956700,AAPL,0.0304171522746992,4.8800048828125,148.83899993896483,148.12799987792968,0.0147596093231103
2021-08-31,148.0906219482422,151.8300018310547,152.8000030517578,151.2899932861328,152.66000366210938,86453100,AAPL,-0.0084247213118413,1.510009765625,149.00299987792968,148.35149993896485,0.0149057112132064
2021-09-01,148.75384521484375,152.50999450683594,154.97999572753906,152.33999633789062,152.8300018310547,80313700,AAPL,0.0044786449817599,2.639999389648437,149.6179992675781,148.62949981689454,0.0115871940308819
2021-09-02,149.8657989501953,153.64999389648438,154.72000122070312,152.39999389648438,153.8699951171875,71115500,AAPL,0.0074749159445897,2.32000732421875,150.31299896240233,148.95899963378906,0.0116097526635555
2021-09-03,150.499755859375,154.3000030517578,154.6300048828125,153.08999633789062,153.75999450683594,57808700,AAPL,0.0042304535053308,1.540008544921875,150.9239990234375,149.36699981689452,0.0114503881585798
2021-09-07,152.8308868408203,156.69000244140625,157.25999450683594,154.38999938964844,154.97000122070312,82278300,AAPL,0.0154893022837254,2.8699951171875,151.62199859619142,149.89700012207032,0.0118743384875014
2021-09-08,151.28982543945312,155.11000061035156,157.0399932861328,153.97999572753906,156.97999572753906,74420200,AAPL,-0.0100836160982608,3.05999755859375,152.1709991455078,150.37249984741212,0.0126891622017537
2021-09-09,150.27542114257812,154.07000732421875,156.11000061035156,153.9499969482422,155.49000549316406,57305700,AAPL,-0.0067048757787407,2.160003662109375,152.74199981689452,150.78300018310546,0.0125177069968431
2021-09-10,145.30101013183594,148.97000122070312,155.47999572753906,148.6999969482422,155.0,140893200,AAPL,-0.0331018748690221,6.779998779296875,152.88500061035157,150.7870002746582,0.017035589659879
2021-09-13,145.8667449951172,149.5500030517578,151.4199981689453,148.75,150.6300048828125,102404300,AAPL,0.0038934136155064,2.6699981689453125,152.9800003051758,150.80950012207032,0.0169363952425369
2021-09-14,144.47195434570312,148.1199951171875,151.07000732421875,146.91000366210938,150.35000610351562,109296300,AAPL,-0.0095620722526859,4.160003662109375,152.4800003051758,150.6595001220703,0.0135371426494369
2021-09-15,145.3595428466797,149.02999877929688,149.44000244140625,146.3699951171875,148.55999755859375,83281300,AAPL,0.0061436922232505,3.07000732421875,152.2,150.60149993896485,0.0136990493536665
2021-09-16,145.12542724609375,148.7899932861328,148.97000122070312,147.22000122070312,148.44000244140625,68034100,AAPL,-0.0016104508832446,1.75,151.8279998779297,150.7229995727539,0.0135244494374827
2021-09-17,142.46273803710938,146.05999755859375,148.82000732421875,145.75999450683594,148.82000732421875,129868800,AAPL,-0.0183479793717653,3.0600128173828125,151.06900024414062,150.69099960327148,0.0138932866121694
2021-09-20,139.4195556640625,142.94000244140625,144.83999633789062,141.27000427246094,143.8000030517578,123478900,AAPL,-0.0213610514126968,3.5699920654296875,149.93300018310546,150.4284996032715,0.0143603304980441
2021-09-21,139.89747619628906,143.42999267578125,144.60000610351562,142.77999877929688,143.92999267578125,75834000,AAPL,0.0034279433748845,1.82000732421875,148.60699920654298,150.1144989013672,0.0126127971792985
2021-09-22,142.25790405273438,145.85000610351562,146.42999267578125,143.6999969482422,144.4499969482422,76404300,AAPL,0.0168724363892616,2.7299957275390625,147.68099975585938,149.9259994506836,0.0149546370199166
2021-09-23,143.21376037597656,146.8300018310547,147.0800018310547,145.63999938964844,146.64999389648438,64838200,AAPL,0.0067192025130498,1.44000244140625,146.95699920654295,149.84949951171876,0.0154810747356406
2021-09-24,143.3015594482422,146.9199981689453,147.47000122070312,145.55999755859375,145.66000366210938,53477900,AAPL,0.0006129288072487,1.910003662109375,146.7519989013672,149.81849975585936,0.0118526649966927
2021-09-27,141.7897186279297,145.3699951171875,145.9600067138672,143.82000732421875,145.47000122070312,74150700,AAPL,-0.0105499800644935,2.139999389648437,146.33399810791016,149.65699920654296,0.0120253815551825
2021-09-28,138.41494750976562,141.91000366210938,144.75,141.69000244140625,143.25,108972300,AAPL,-0.0238012765446467,3.05999755859375,145.71299896240234,149.09649963378905,0.0136525222691104
2021-09-29,139.31227111816406,142.8300018310547,144.4499969482422,142.02999877929688,142.47000122070312,74602000,AAPL,0.0064829691015713,2.4199981689453125,145.09299926757814,148.64649963378906,0.0136814451459855
2021-09-30,138.0150146484375,141.5,144.3800048828125,141.27999877929688,143.66000366210938,89056700,AAPL,-0.009311781936598,3.100006103515625,144.36399993896484,148.09599990844723,0.0137388985181109
2021-10-01,139.13671875,142.64999389648438,142.9199981689453,139.11000061035156,141.89999389648438,94639600,AAPL,0.0081271653461794,3.80999755859375,144.02299957275392,147.54599990844727,0.0134120186497587
2021-10-04,135.71316528320312,139.13999938964844,142.2100067138672,138.27000427246094,141.75999450683594,98322000,AAPL,-0.0246056407782464,3.94000244140625,143.64299926757812,146.7879997253418,0.0139532840281298
2021-10-05,137.63462829589844,141.11000061035156,142.24000549316406,139.36000061035156,139.49000549316406,80861100,AAPL,0.014158410445197,2.8800048828125,143.41100006103517,146.00899963378907,0.0148522239802673
2021-10-06,138.50270080566406,142.0,142.14999389648438,138.3699951171875,139.47000122070312,83221100,AAPL,0.0063071319240228,3.779998779296875,143.0259994506836,145.35349960327147,0.01373120852542
2021-10-07,139.7609405517578,143.2899932861328,144.22000122070312,142.72000122070312,143.05999755859375,61732700,AAPL,0.0090844597614987,1.5,142.6719985961914,144.8144989013672,0.0139282630060209
2021-10-08,139.3805389404297,142.89999389648438,144.17999267578125,142.55999755859375,144.02999877929688,58773200,AAPL,-0.0027217489561162,1.6199951171875,142.2699981689453,144.51099853515626,0.0138893194821517
2021-10-11,139.2927703857422,142.80999755859375,144.80999755859375,141.80999755859375,142.27000427246094,64452200,AAPL,-0.0006297854565047,3.0,142.01399841308594,144.17399826049805,0.0136165937507772
2021-10-12,138.0247802734375,141.50999450683594,143.25,141.0399932861328,143.22999572753906,73035900,AAPL,-0.0091030255162943,2.2100067138671875,141.9739974975586,143.84349822998047,0.0116102198698144
2021-10-13,137.43955993652344,140.91000366210938,141.39999389648438,139.1999969482422,141.24000549316406,78762700,AAPL,-0.004239918507647,2.1999969482421875,141.78199768066406,143.4374984741211,0.0114157851834255
2021-10-14,140.21932983398438,143.75999450683594,143.8800048828125,141.50999450683594,142.11000061035156,69907100,AAPL,0.0202256104652485,2.3700103759765625,142.00799713134765,143.18599853515624,0.012842694870737
2021-10-15,141.2727508544922,144.83999633789062,144.89999389648438,143.50999450683594,143.77000427246094,67940300,AAPL,0.007512533892058,1.3899993896484375,142.22699737548828,143.1249984741211,0.012809734921681
2021-10-18,142.94064331054688,146.5500030517578,146.83999633789062,143.16000366210938,143.4499969482422,85589200,AAPL,0.011806177555252,3.67999267578125,142.9679977416992,143.30549850463868,0.0091998754150972
2021-10-19,145.09619140625,148.75999450683594,149.1699981689453,146.5500030517578,147.00999450683594,76378900,AAPL,0.0150801187926117,2.6199951171875,143.73299713134764,143.5719985961914,0.0093031914219252
2021-10-20,145.58387756347656,149.25999450683594,149.75,148.1199951171875,148.6999969482422,58418800,AAPL,0.0033611187043773,1.6300048828125,144.45899658203126,143.74249801635742,0.0093155237385648
2021-10-21,145.7985076904297,149.47999572753906,149.63999938964844,147.8699951171875,148.80999755859375,61421000,AAPL,0.0014739463272126,1.7700042724609375,145.07799682617187,143.87499771118163,0.0092588738561783
2021-10-22,145.02796936035156,148.69000244140625,150.17999267578125,148.63999938964844,149.69000244140625,58883400,AAPL,-0.005284943194491,1.5399932861328125,145.65699768066406,143.9634979248047,0.0095063103649691
2021-10-25,144.97911071777344,148.63999938964844,149.3699951171875,147.6199951171875,148.67999267578125,50720600,AAPL,-0.0003362906109138,1.75,146.23999786376953,144.12699813842772,0.0094907994767447
2021-10-26,145.64239501953125,149.32000732421875,150.83999633789062,149.00999450683594,149.3300018310547,60893400,AAPL,0.0045748650253134,1.8300018310546875,147.0209991455078,144.4974983215332,0.0082949461677972
2021-10-27,145.1840057373047,148.85000610351562,149.72999572753906,148.49000549316406,149.36000061035156,56094900,AAPL,-0.0031476104851951,1.239990234375,147.81499938964845,144.79849853515626,0.0081597361630178
2021-10-28,148.81239318847656,152.57000732421875,153.1699981689453,149.72000122070312,149.82000732421875,100077900,AAPL,0.0249916094603053,3.4499969482421875,148.6960006713867,145.35199890136718,0.009188073849701
2021-10-29,146.11062622070312,149.8000030517578,149.94000244140625,146.41000366210938,147.22000122070312,124953200,AAPL,-0.0181556278395828,3.529998779296875,149.19200134277344,145.70949935913086,0.0119036376076316
2021-11-01,145.29129028320312,148.9600067138672,149.6999969482422,147.8000030517578,148.99000549316406,74588300,AAPL,-0.0056074520746197,1.899993896484375,149.43300170898436,146.2004997253418,0.0118165689372637
2021-11-02,146.32521057128906,150.02000427246094,151.57000732421875,148.64999389648438,148.66000366210938,69122000,AAPL,0.0071159875860495,2.920013427734375,149.5590026855469,146.6459999084473,0.0110582510785471
2021-11-03,147.7589569091797,151.49000549316406,151.97000122070312,149.82000732421875,150.38999938964844,54511500,AAPL,0.0097987013654083,2.149993896484375,149.7820037841797,147.12050018310546,0.011399650688673
2021-11-04,147.24200439453125,150.9600067138672,152.42999267578125,150.63999938964844,151.5800018310547,60394600,AAPL,-0.0034985725795672,1.7899932861328125,149.9300048828125,147.50400085449218,0.0115108723323479
2021-11-05,147.7694854736328,151.27999877929688,152.1999969482422,150.05999755859375,151.88999938964844,65463900,AAPL,0.0021197141706292,2.139999389648437,150.18900451660156,147.92300109863282,0.0112945640023623
2021-11-08,146.94895935058594,150.44000244140625,151.57000732421875,150.16000366210938,151.41000366210938,55020900,AAPL,-0.0055525934999252,1.410003662109375,150.36900482177734,148.30450134277345,0.0115216200698235
2021-11-09,147.31039428710938,150.80999755859375,151.42999267578125,150.05999755859375,150.1999969482422,56787900,AAPL,0.0024594197765426,1.3699951171875,150.51800384521485,148.76950149536134,0.011473393557448
2021-11-10,144.48744201660156,147.9199981689453,150.1300048828125,147.85000610351562,150.02000427246094,65187100,AAPL,-0.0191631817282246,2.279998779296875,150.4250030517578,149.12000122070313,0.013123885278897
2021-11-11,144.43861389160156,147.8699951171875,149.42999267578125,147.67999267578125,148.9600067138672,41000000,AAPL,-0.0003380411869712,1.75,149.9550018310547,149.32550125122071,0.0096245047594325
2021-11-12,146.50942993164062,149.99000549316406,150.39999389648438,147.47999572753906,148.42999267578125,63804000,AAPL,0.0143369882057307,2.9199981689453125,149.9740020751953,149.58300170898437,0.0094535143819831
2021-11-15,146.51918029785156,150.0,151.8800048828125,149.42999267578125,150.3699951171875,59222800,AAPL,6.663448543164918e-05,2.45001220703125,150.0780014038086,149.7555015563965,0.0092361942461048
2021-11-16,147.49595642089844,151.0,151.49000549316406,149.33999633789062,149.94000244140625,59256200,AAPL,0.0066666666666665,2.150009155273437,150.1760009765625,149.86750183105468,0.0092027326320516
2021-11-17,149.92822265625,153.49000549316406,155.0,150.99000549316406,151.0,88807000,AAPL,0.0164901026037356,4.0099945068359375,150.3760009765625,150.0790023803711,0.0101347346323059
2021-11-18,154.20657348632812,157.8699951171875,158.6699981689453,153.0500030517578,153.7100067138672,137827700,AAPL,0.0285359923595709,5.6199951171875,151.06699981689454,150.4985023498535,0.0130673704122152
2021-11-19,156.82440185546875,160.5500030517578,161.02000427246094,156.52999877929688,157.64999389648438,117305600,AAPL,0.0169760436907655,4.490005493164063,151.99400024414064,151.09150238037108,0.0135927805051668
2021-11-22,157.28346252441406,161.02000427246094,165.6999969482422,161.0,161.67999267578125,117467900,AAPL,0.002927444483147,4.699996948242188,153.0520004272461,151.71050262451172,0.0130420238218376
2021-11-23,157.66441345214844,161.41000366210938,161.8000030517578,159.05999755859375,161.1199951171875,96041900,AAPL,0.0024220555167078,2.7400054931640625,154.11200103759765,152.31500244140625,0.0130434413039599
2021-11-24,158.18212890625,161.94000244140625,162.13999938964844,159.63999938964844,160.75,69463600,AAPL,0.0032835559585659,2.5,155.51400146484374,152.9695022583008,0.009515728816932
2021-11-26,153.17117309570312,156.80999755859375,160.4499969482422,156.36000061035156,159.57000732421875,76959800,AAPL,-0.0316784290815893,4.089996337890625,156.4080017089844,153.18150177001954,0.0159611565986689
2021-11-29,156.5215606689453,160.24000549316406,161.19000244140625,158.7899932861328,159.3699951171875,88748200,AAPL,0.0218736559401364,2.400009155273437,157.43300170898436,153.70350189208983,0.0165649339921318
2021-11-30,161.4641876220703,165.3000030517578,165.52000427246094,159.9199981689453,159.99000549316406,174048100,AAPL,0.0315776172312325,5.600006103515625,158.96300201416017,154.52050170898437,0.0180789034524779
2021-12-01,160.9464874267578,164.77000427246094,170.3000030517578,164.52999877929688,167.47999572753906,152052500,AAPL,-0.0032062841470784,5.7700042724609375,160.34000244140626,155.25800170898438,0.0185392705921638
2021-12-02,159.9598846435547,163.75999450683594,164.1999969482422,157.8000030517578,158.74000549316406,136739200,AAPL,-0.0061298157397317,6.399993896484375,161.36700134277345,155.87150115966796,0.0188896601762462
2021-12-03,158.08444213867188,161.83999633789062,164.9600067138672,159.72000122070312,164.02000427246094,118023100,AAPL,-0.0117244640531858,5.240005493164063,161.76400146484374,156.41550064086914,0.01797704134425
2021-12-06,161.48370361328125,165.32000732421875,167.8800048828125,164.27999877929688,164.2899932861328,107497000,AAPL,0.021502787105003,3.600006103515625,162.24100189208986,157.11750106811525,0.0184296583624289
2021-12-07,167.2076873779297,171.17999267578125,171.5800018310547,168.33999633789062,169.0800018310547,120405400,AAPL,0.0354463167913496,3.2400054931640625,163.2570007324219,158.15450057983398,0.0210775427291969
2021-12-08,171.01724243164062,175.0800018310547,175.9600067138672,170.6999969482422,172.1300048828125,116998900,AAPL,0.0227830898594565,5.260009765625,164.6240005493164,159.36800079345704,0.021633480769338
2021-12-09,170.50926208496094,174.55999755859375,176.75,173.9199981689453,174.91000366210938,108923700,AAPL,-0.0029700951966102,2.8300018310546875,165.88600006103516,160.70000076293945,0.0218858592103537
2021-12-10,175.28582763671875,179.4499969482422,179.6300048828125,174.69000244140625,175.2100067138672,115402700,AAPL,0.028013287454401,4.94000244140625,168.15,162.27900085449218,0.0176726815938656
2021-12-13,171.66189575195312,175.74000549316406,182.1300048828125,175.52999877929688,181.1199951171875,153237000,AAPL,-0.0206742352642568,6.600006103515625,169.7,163.56650085449218,0.0204017253271673
2021-12-14,170.2845916748047,174.3300018310547,177.74000549316406,172.2100067138672,175.25,139380400,AAPL,-0.0080232367021533,5.529998779296875,170.60299987792968,164.78300094604492,0.0194532760920105
2021-12-15,175.1392822265625,179.3000030517578,179.5,172.30999755859375,175.11000061035156,131063300,AAPL,0.0285091560173309,7.19000244140625,172.05599975585938,166.1980010986328,0.0204363360100705
2021-12-16,168.26266479492188,172.25999450683594,181.13999938964844,170.75,179.27999877929688,150185800,AAPL,-0.0392638506698165,10.389999389648438,172.90599975585937,167.1365005493164,0.0252275088554823
2021-12-17,167.1686553955078,171.13999938964844,173.47000122070312,169.69000244140625,169.92999267578125,195432700,AAPL,-0.0065017714669848,3.779998779296875,173.83600006103515,167.80000076293945,0.0248862773122057
2021-12-20,165.81088256835938,169.75,170.5800018310547,167.4600067138672,168.27999877929688,107499100,AAPL,-0.0081220018382944,3.1199951171875,174.27899932861328,168.26000061035157,0.0245815875781589
2021-12-21,168.97569274902344,172.99000549316406,173.1999969482422,169.1199951171875,171.55999755859375,91185900,AAPL,0.0190869248492728,4.080001831054688,174.46000061035156,168.8585006713867,0.0226444113879659
2021-12-22,171.564208984375,175.63999938964844,175.86000061035156,172.14999389648438,173.0399932861328,92135300,AAPL,0.0153187687862643,3.710006713867188,174.51600036621093,169.57000045776368,0.0219699605148657
2021-12-23,172.18939208984375,176.27999877929688,176.85000610351562,175.27000427246094,175.85000610351562,68356600,AAPL,0.0036438134358485,1.5800018310546875,174.68800048828126,170.2870002746582,0.0219521873944663
2021-12-27,176.14537048339844,180.3300018310547,180.4199981689453,177.07000732421875,177.08999633789062,74919600,AAPL,0.0229748302689087,3.3499908447265625,174.7760009765625,171.46300048828124,0.021316987957331
2021-12-28,175.12948608398438,179.2899932861328,181.3300018310547,178.52999877929688,180.16000366210932,79144300,AAPL,-0.0057672518957562,2.8000030517578125,175.13099975585936,172.41549987792968,0.0201456508307911
2021-12-29,175.2174530029297,179.3800048828125,180.6300048828125,178.13999938964844,179.3300018310547,62348900,AAPL,0.0005020447322792,2.4900054931640625,175.63600006103516,173.11949996948243,0.0198437570690439
2021-12-30,174.06478881835938,178.1999969482422,180.57000732421875,178.08999633789062,179.47000122070312,59773000,AAPL,-0.0065782579019395,2.480010986328125,175.5259994506836,173.79099960327147,0.017840518378963
2021-12-31,173.44944763183594,177.57000732421875,179.22999572753906,177.25999450683594,178.08999633789062,64062300,AAPL,-0.003535295369317,1.970001220703125,176.05700073242187,174.48150024414062,0.0117444328631485
2022-01-03,177.78640747070312,182.009994506836,182.8800048828125,177.7100067138672,177.8300018310547,104487900,AAPL,0.0250041504729479,5.1699981689453125,177.1440002441406,175.4900001525879,0.0130366296850074
2022-01-04,175.5299835205078,179.6999969482422,182.94000244140625,179.1199951171875,182.6300048828125,99310400,AAPL,-0.0126915973205362,3.82000732421875,178.13899993896484,176.20899963378906,0.013661585692587
2022-01-05,170.8608856201172,174.9199981689453,180.1699981689453,174.63999938964844,179.61000061035156,94537600,AAPL,-0.0265998823621217,5.529998779296875,178.33199920654295,176.3959999084473,0.0161377724669009
2022-01-06,168.0086669921875,172.0,175.3000030517578,171.63999938964844,172.6999969482422,96904000,AAPL,-0.016693335236175,3.660003662109375,177.96799926757814,176.24199981689452,0.0162067913001469
2022-01-07,168.17471313476562,172.1699981689453,174.13999938964844,171.02999877929688,172.88999938964844,86709100,AAPL,0.0009883614473564,3.1100006103515625,177.55699920654297,176.12249984741212,0.0161260691578785
2022-01-10,168.19427490234375,172.19000244140625,172.5,168.1699981689453,169.0800018310547,106765600,AAPL,0.0001161890728564,4.330001831054688,176.7429992675781,175.7595001220703,0.0135727684600666
2022-01-11,171.01724243164062,175.0800018310547,175.17999267578125,170.82000732421875,172.32000732421875,76138300,AAPL,0.0167837815707787,4.3599853515625,176.3220001220703,175.72649993896485,0.0151278567499604
2022-01-12,171.4567413330078,175.52999877929688,177.17999267578125,174.82000732421875,176.1199951171875,74805200,AAPL,0.0025702361408266,2.3599853515625,175.93699951171874,175.78649978637696,0.0151840045577854
2022-01-13,168.19427490234375,172.19000244140625,176.6199951171875,171.7899932861328,175.77999877929688,84505800,AAPL,-0.0190280656361775,4.830001831054688,175.33600006103515,175.43099975585938,0.0160793104107015
2022-01-14,169.05386352539062,173.07000732421875,173.77999877929688,171.08999633789062,171.33999633789062,80440800,AAPL,0.0051106618870742,2.69000244140625,174.88600006103516,175.47150039672852,0.0162967426643986
2022-01-18,165.8597412109375,169.8000030517578,172.5399932861328,169.41000366210938,171.50999450683594,90956700,AAPL,-0.0188941129836269,3.129989624023437,173.66500091552734,175.40450057983398,0.0138032133244183
2022-01-19,162.37257385253906,166.22999572753906,171.0800018310547,165.94000244140625,170.0,94815000,AAPL,-0.021024777738847,5.1399993896484375,172.31800079345703,175.22850036621094,0.0144333123446935
2022-01-20,160.6925048828125,164.50999450683594,169.67999267578125,164.17999267578125,166.97999572753906,91420500,AAPL,-0.0103471170360992,5.5,171.2770004272461,174.80449981689452,0.0128978954780572
2022-01-21,158.6412353515625,162.41000366210938,166.3300018310547,162.3000030517578,164.4199981689453,122848900,AAPL,-0.0127651262224028,4.029998779296875,170.31800079345703,174.14300003051758,0.0125936771618508
2022-01-24,157.8695526123047,161.6199951171875,162.3000030517578,154.6999969482422,160.02000427246094,162294600,AAPL,-0.0048642850015906,7.600006103515625,169.26300048828125,173.4099998474121,0.0123852162741432
2022-01-25,156.07223510742188,159.77999877929688,162.75999450683594,157.02000427246094,158.97999572753906,115798400,AAPL,-0.0113847072978592,5.739990234375,168.02200012207032,172.38249969482422,0.012263378385993
2022-01-26,155.98434448242188,159.69000244140625,164.38999938964844,157.82000732421875,163.5,108275300,AAPL,-0.0005632515870458,6.569992065429688,166.48300018310547,171.4025001525879,0.0093443437805703
2022-01-27,155.52523803710938,159.22000122070312,163.83999633789062,158.27999877929688,162.4499969482422,121954600,AAPL,-0.0029432100539642,5.55999755859375,164.85200042724608,170.3944999694824,0.0087197895981394
2022-01-28,166.37744140625,170.3300018310547,170.35000610351562,162.8000030517578,165.7100067138672,179935700,AAPL,0.0697776694207621,7.550003051757812,164.66600036621094,170.00100021362306,0.0260770149927927
2022-01-31,170.72415161132812,174.77999877929688,175.0,169.50999450683594,170.16000366210938,115541600,AAPL,0.0261257376880439,5.490005493164063,164.83699951171874,169.86149978637695,0.0274176845898642
2022-02-01,170.55813598632812,174.61000061035156,174.83999633789062,172.30999755859375,174.00999450683594,86213900,AAPL,-0.0009726408635577,2.529998779296875,165.31799926757813,169.49150009155272,0.0265212512715239
2022-02-02,171.7595672607422,175.83999633789062,175.8800048828125,173.3300018310547,174.75,84914300,AAPL,0.0070442455944081,2.5500030517578125,166.27899932861328,169.29850006103516,0.0251328495232332
2022-02-03,168.88780212402344,172.89999389648438,176.24000549316406,172.1199951171875,174.47999572753906,89418100,AAPL,-0.0167197594553903,4.1200103759765625,167.1179992675781,169.1974998474121,0.0256660206643341
2022-02-04,168.6041717529297,172.38999938964844,174.10000610351562,170.67999267578125,171.67999267578125,82465400,AAPL,-0.0029496502304173,3.420013427734375,168.11599884033205,169.21699981689454,0.025080528084473
2022-02-07,167.89022827148438,171.66000366210938,173.9499969482422,170.9499969482422,172.86000061035156,77251200,AAPL,-0.0042345596039423,3.0,169.11999969482423,169.19150009155274,0.0250502798578912
2022-02-08,170.99057006835938,174.8300018310547,175.35000610351562,171.42999267578125,171.72999572753906,74829200,AAPL,0.0184667255115817,3.920013427734375,170.625,169.32350006103516,0.0244784356912382
2022-02-09,172.40875244140625,176.27999877929688,176.64999389648438,174.89999389648438,176.0500030517578,71285000,AAPL,0.0082937535494815,1.75,172.28399963378905,169.38349990844728,0.0242408585629863
2022-02-10,168.340087890625,172.1199951171875,175.47999572753906,171.5500030517578,174.13999938964844,90865900,AAPL,-0.0235988409968036,3.92999267578125,173.5739990234375,169.2129997253418,0.0262785586215252
2022-02-11,164.93650817871094,168.63999938964844,173.0800018310547,168.0399932861328,172.3300018310547,98670700,AAPL,-0.0202184279936198,5.040008544921875,173.40499877929688,169.0354995727539,0.0163541383221473
2022-02-14,165.17124938964844,168.8800048828125,169.5800018310547,166.55999755859375,167.3699951171875,86185500,AAPL,0.0014231824835904,3.020004272460937,172.81499938964845,168.82599945068358,0.0134258227976959
2022-02-15,168.99534606933594,172.7899932861328,172.9499969482422,170.25,170.97000122070312,62527400,AAPL,0.0231524650063428,2.6999969482421875,172.63299865722655,168.97549896240236,0.0158487188966441
2022-02-16,168.7606658935547,172.5500030517578,173.33999633789062,170.0500030517578,171.85000610351562,61177400,AAPL,-0.0013889128057177,3.2899932861328125,172.3039993286133,169.29149932861327,0.0155994240704557
2022-02-17,165.17124938964844,168.8800048828125,171.91000366210938,168.47000122070312,171.02999877929688,69589300,AAPL,-0.0212691863462005,3.44000244140625,171.9020004272461,169.5099998474121,0.0161405774370533
2022-02-18,163.62596130371094,167.3000030517578,170.5399932861328,166.19000244140625,169.82000732421875,82772700,AAPL,-0.0093557661379217,4.3499908447265625,171.39300079345702,169.75449981689454,0.016298564790256
2022-02-22,160.71139526367188,164.32000732421875,166.69000244140625,162.14999389648438,164.97999572753906,91162800,AAPL,-0.0178122873471624,4.540008544921875,170.65900115966798,169.8895004272461,0.0169760717080936
2022-02-23,156.55474853515625,160.07000732421875,166.14999389648438,159.75,165.5399932861328,90009200,AAPL,-0.0258641663252506,6.399993896484375,169.18300170898436,169.90400085449218,0.0161589033691159
2022-02-24,159.16610717773438,162.74000549316406,162.85000610351562,152.0,152.5800018310547,141147500,AAPL,0.0166801902091331,10.850006103515623,167.8290023803711,170.05650100708007,0.0173131861169827
2022-02-25,161.22972106933594,164.85000610351562,165.1199951171875,160.8699951171875,163.83999633789062,91974200,AAPL,0.0129654697009347,4.25,167.1020034790039,170.3380012512207,0.0174720895206799
2022-02-28,161.49383544921875,165.1199951171875,165.4199981689453,162.42999267578125,163.05999755859375,95056600,AAPL,0.0016377858882354,2.9900054931640625,166.7500030517578,170.07750091552734,0.0165858682570081
2022-03-01,159.61602783203125,163.1999969482422,166.60000610351562,161.97000122070312,164.6999969482422,83474400,AAPL,-0.0116278962313599,4.6300048828125,166.18200225830077,169.4985008239746,0.0168001485175831
2022-03-02,162.90219116210938,166.55999755859375,167.36000061035156,162.9499969482422,164.38999938964844,79724800,AAPL,0.0205882394190066,4.410003662109375,165.5590026855469,169.09600067138672,0.0163656918374888
2022-03-03,162.5794677734375,166.22999572753906,168.91000366210938,165.5500030517578,168.47000122070312,76678400,AAPL,-0.0019812790339325,3.3600006103515625,164.927001953125,168.61550064086913,0.0163580923109339
2022-03-04,159.5866241455078,163.1699981689453,165.5500030517578,162.10000610351562,164.49000549316406,83737200,AAPL,-0.0184082153476636,3.4499969482421875,164.3560012817383,168.12900085449218,0.0160366645631555
2022-03-07,155.80166625976562,159.3000030517578,165.02000427246094,159.0399932861328,163.36000061035156,96418800,AAPL,-0.0237175654876242,5.980010986328125,163.55600128173828,167.47450103759766,0.0172357476595306
2022-03-08,153.9824676513672,157.44000244140625,162.8800048828125,155.8000030517578,158.82000732421875,131148300,AAPL,-0.0116760864703011,7.080001831054688,162.86800079345704,166.7635009765625,0.0168234946658665
2022-03-09,159.37149047851562,162.9499969482422,163.41000366210938,159.41000366210938,161.47999572753906,91454900,AAPL,0.0349974239163681,4.0,163.15599975585937,166.16950073242188,0.0189639947675698
2022-03-10,155.03878784179688,158.52000427246094,160.38999938964844,155.97999572753906,160.1999969482422,105342000,AAPL,-0.0271862090134825,4.410003662109375,162.73399963378907,165.28150100708007,0.0202095798464343
2022-03-11,151.3319549560547,154.72999572753906,159.27999877929688,154.5,158.92999267578125,96970100,AAPL,-0.0239087083192837,4.779998779296875,161.7219985961914,164.41200103759766,0.0204488224215525
2022-03-14,147.312255859375,150.6199951171875,154.1199951171875,150.10000610351562,151.4499969482422,108732100,AAPL,-0.0265624036957177,4.019989013671875,160.2719985961914,163.5110008239746,0.0211899012640027
2022-03-15,151.68411254882812,155.08999633789062,155.57000732421875,150.3800048828125,150.89999389648438,92964300,AAPL,0.0296773427540302,5.19000244140625,159.46099853515625,162.8215003967285,0.0243931969785407
2022-03-16,156.08526611328125,159.58999633789062,160.0,154.4600067138672,157.0500030517578,102300200,AAPL,0.0290154110919955,5.5399932861328125,158.76399841308594,162.1615005493164,0.0254893643029581
2022-03-17,157.09266662597656,160.6199951171875,161.0,157.6300048828125,158.61000061035156,75615400,AAPL,0.0064540309726941,3.3699951171875,158.20299835205077,161.56500015258788,0.0257013705642994
2022-03-18,160.37884521484375,163.97999572753906,164.47999572753906,159.75999450683594,160.50999450683594,123511700,AAPL,0.0209189435468486,4.720001220703125,158.28399810791015,161.31999969482422,0.026109655812454
2022-03-21,161.74810791015625,165.3800048828125,166.35000610351562,163.00999450683594,163.50999450683594,95811400,AAPL,0.008537682593916,3.3400115966796875,158.89199829101562,161.22399978637696,0.0246983336868607
2022-03-22,165.11256408691406,168.82000732421875,169.4199981689453,164.91000366210938,165.50999450683594,81532000,AAPL,0.0208005946295855,4.5099945068359375,160.02999877929688,161.44899978637696,0.0245388104456687
2022-03-23,166.4720458984375,170.2100067138672,172.63999938964844,167.64999389648438,167.99000549316406,98062700,AAPL,0.0082336176362018,4.990005493164063,160.75599975585936,161.95599975585938,0.0225588205320944
2022-03-24,170.24725341796875,174.07000732421875,174.13999938964844,170.2100067138672,171.05999755859375,90131400,AAPL,0.0226778712067172,3.92999267578125,162.31100006103514,162.52249984741212,0.0201331776789191
2022-03-25,170.8830108642578,174.72000122070312,175.27999877929688,172.75,173.8800048828125,80546200,AAPL,0.0037340947270354,2.529998779296875,164.31000061035155,163.0159996032715,0.016613671705077
2022-03-28,171.74368286132812,175.60000610351562,175.72999572753906,172.0,172.1699981689453,90371900,AAPL,0.0050366579479408,3.7299957275390634,166.80800170898436,163.54000015258788,0.0101306329411762
2022-03-29,175.02989196777344,178.9600067138672,179.00999450683594,176.33999633789062,176.69000244140625,100589400,AAPL,0.0191343991660846,2.6699981689453125,169.19500274658202,164.3280006408691,0.0089749392914047
2022-03-30,173.86602783203125,177.77000427246094,179.61000061035156,176.6999969482422,178.5500030517578,92633200,AAPL,-0.006649544014093,2.910003662109375,171.01300354003905,164.8885009765625,0.009609574832911
2022-03-31,170.77542114257812,174.61000061035156,178.02999877929688,174.39999389648438,177.83999633789062,103049300,AAPL,-0.0177757978633232,3.6300048828125,172.41200408935546,165.30750122070313,0.0132259514203517
2022-04-01,170.4820098876953,174.30999755859375,174.8800048828125,171.94000244140625,174.02999877929688,78751300,AAPL,-0.0017181321270783,2.94000244140625,173.44500427246095,165.86450119018554,0.0127874815816718
2022-04-04,174.52130126953125,178.44000244140625,178.49000549316406,174.44000244140625,174.57000732421875,76468400,AAPL,0.0236934481134636,4.0500030517578125,174.75100402832032,166.82150115966795,0.0139412605947338
2022-04-05,171.21551513671875,175.05999755859375,178.3000030517578,174.4199981689453,177.5,73401800,AAPL,-0.0189419683735007,3.8800048828125,175.3750030517578,167.70250091552734,0.0153867892712292
2022-04-06,168.05645751953125,171.8300018310547,173.6300048828125,170.1300048828125,172.36000061035156,89058800,AAPL,-0.0184507927144118,3.5,175.53700256347656,168.14650115966796,0.0167728086761698
2022-04-07,168.35968017578125,172.13999938964844,173.36000061035156,169.85000610351562,171.16000366210938,77594700,AAPL,0.0018040944846089,3.509994506835937,175.34400177001953,168.82750091552734,0.0149895493776008
2022-04-08,166.35464477539062,170.08999633789062,171.77999877929688,169.1999969482422,171.77999877929688,76575500,AAPL,-0.0119089291217987,2.5800018310546875,174.8810012817383,169.59550094604492,0.0152529930802426
2022-04-11,162.11000061035156,165.75,169.02999877929688,165.5,168.7100067138672,72246700,AAPL,-0.025515882364234,3.529998779296875,173.89600067138673,170.35200119018555,0.0165620813021443
2022-04-12,163.97808837890625,167.66000366210938,169.8699951171875,166.63999938964844,168.02000427246094,79265200,AAPL,0.0115234006763762,3.2299957275390625,172.76600036621093,170.9805015563965,0.0154339074374721
2022-04-13,166.65786743164062,170.39999389648438,171.0399932861328,166.77000427246094,167.38999938964844,70618900,AAPL,0.0163425395116714,4.269989013671875,172.02899932861328,171.52100143432617,0.0170224404173759
2022-04-14,161.66009521484375,165.2899932861328,171.27000427246094,165.0399932861328,170.6199951171875,75329400,AAPL,-0.0299882675668158,6.230010986328125,171.0969985961914,171.75450134277344,0.0184880104392953
2022-04-18,161.4449005126953,165.07000732421875,166.60000610351562,163.57000732421875,163.9199981689453,69023900,AAPL,-0.001330909134549,3.029998779296875,170.1729995727539,171.80900192260742,0.0184967868373264
2022-04-19,163.72377014160156,167.39999389648438,167.82000732421875,163.91000366210938,165.02000427246094,67723800,AAPL,0.0141151418724374,3.910003662109375,169.06899871826172,171.910001373291,0.0170188384501275
2022-04-20,163.55747985839844,167.22999572753906,168.8800048828125,166.10000610351562,168.75999450683594,67929800,AAPL,-0.0010155207595194,2.779998779296875,168.28599853515624,171.83050079345702,0.0164668473819638
2022-04-21,162.76527404785156,166.4199981689453,171.52999877929688,165.91000366210938,168.91000366210938,87227800,AAPL,-0.0048436140602039,5.6199951171875,167.7449981689453,171.64100036621093,0.0157262236811557
2022-04-22,158.23695373535156,161.7899932861328,167.8699951171875,161.5,166.4600067138672,84882400,AAPL,-0.027821204985907,6.3699951171875,166.70999755859376,171.02699966430663,0.0174044300743409
2022-04-25,159.30300903320312,162.8800048828125,163.1699981689453,158.4600067138672,161.1199951171875,96046400,AAPL,0.0067372003332242,4.709991455078125,165.98899841308594,170.43499984741212,0.017702585042612
2022-04-26,153.3565216064453,156.8000030517578,162.33999633789062,156.72000122070312,162.25,95623200,AAPL,-0.0373281044252735,5.6199951171875,165.09399871826173,169.49499969482423,0.0195790833930449
2022-04-27,153.13160705566406,156.57000732421875,159.7899932861328,155.3800048828125,155.91000366210938,88063200,AAPL,-0.0014668094583081,4.4099884033203125,163.98499908447266,168.3754997253418,0.0187476619429705
2022-04-28,160.04632568359375,163.63999938964844,164.52000427246094,158.92999267578125,159.25,130216800,AAPL,0.0451554687021853,5.590011596679688,163.30899963378906,167.66899948120118,0.0241200201265103
2022-04-29,154.1878662109375,157.64999389648438,166.1999969482422,157.25,161.83999633789062,131747600,AAPL,-0.0366047758219618,8.949996948242188,162.5449996948242,166.8209991455078,0.0249938011100289
2022-05-02,154.49102783203125,157.9600067138672,158.22999572753906,153.27000427246094,156.7100067138672,123055300,AAPL,0.0019664626031408,4.959991455078125,161.83399963378906,166.00349960327148,0.0250610409446176
2022-05-03,155.97767639160156,159.47999572753906,160.7100067138672,156.32000732421875,158.14999389648438,88966500,AAPL,0.0096226193281012,4.3899993896484375,161.04199981689453,165.0554992675781,0.0247361803139473
2022-05-04,162.37405395507812,166.02000427246094,166.47999572753906,159.25999450683594,159.6699981689453,108256500,AAPL,0.0410083315784322,7.220001220703125,160.9210006713867,164.60349960327147,0.0286631822950286
2022-05-05,153.3272247314453,156.77000427246094,164.0800018310547,154.9499969482422,163.85000610351562,130525300,AAPL,-0.0557161773398072,9.1300048828125,159.95600128173828,163.8504997253418,0.0336317709904041
2022-05-06,154.05201721191406,157.27999877929688,159.44000244140625,154.17999267578125,156.00999450683594,116124600,AAPL,0.0032531383104996,5.260009765625,159.5050018310547,163.1074996948242,0.0327587936438071
2022-05-09,148.9391326904297,152.05999755859375,155.8300018310547,151.49000549316406,154.92999267578125,131577900,AAPL,-0.0331892247025515,4.339996337890625,158.42300109863282,162.20599975585938,0.0339416699553053
2022-05-10,151.3388671875,154.50999450683594,156.74000549316406,152.92999267578125,155.52000427246094,115366700,AAPL,0.016112041217797,3.810012817382813,158.19400024414062,161.64399948120118,0.03270321174654
2022-05-11,143.49327087402344,146.5,155.4499969482422,145.80999755859375,153.5,142689800,AAPL,-0.051841271060828,9.639999389648438,157.18699951171874,160.58599929809571,0.0364505450809006
2022-05-12,139.63414001464844,142.55999755859375,146.1999969482422,138.8000030517578,142.77000427246094,182602000,AAPL,-0.0268942146171075,7.399993896484375,155.0789993286133,159.19399948120116,0.0320676153279346
2022-05-13,144.09071350097656,147.11000061035156,148.10000610351562,143.11000061035156,144.58999633789062,113990900,AAPL,0.0319164080364668,4.990005493164063,154.025,158.2849998474121,0.0337919423658262
2022-05-16,142.55294799804688,145.5399932861328,147.52000427246094,144.17999267578125,145.5500030517578,86643800,AAPL,-0.0106723357875391,3.3400115966796875,152.78299865722656,157.30849914550782,0.0336814182981078
2022-05-17,146.177001953125,149.24000549316406,149.77000427246094,146.67999267578125,148.86000061035156,78336300,AAPL,0.0254226492903362,3.0900115966796875,151.75899963378907,156.4004997253418,0.0349286896869364
2022-05-18,137.92984008789062,140.82000732421875,147.36000061035156,139.89999389648438,146.85000610351562,109742900,AAPL,-0.0564191762196831,7.4600067138671875,149.23899993896484,155.0800003051758,0.0339141307309735
2022-05-19,134.53106689453125,137.35000610351562,141.66000366210938,136.60000610351562,139.8800048828125,136095600,AAPL,-0.0246413935536441,5.05999755859375,147.2970001220703,153.6265007019043,0.0311626453876076
2022-05-20,134.76611328125,137.58999633789062,140.6999969482422,132.61000061035156,139.08999633789062,137426100,AAPL,0.0017472895792529,8.089996337890625,145.3279998779297,152.4165008544922,0.0310805459786621
2022-05-23,140.17283630371094,143.11000061035156,143.25999450683594,137.64999389648438,137.7899932861328,117726300,AAPL,0.0401192268288532,5.6100006103515625,144.43300018310546,151.42800064086913,0.0342345622606826
2022-05-24,137.47923278808594,140.36000061035156,141.97000122070312,137.3300018310547,140.80999755859375,104132700,AAPL,-0.0192159876198133,4.6399993896484375,143.01800079345702,150.60600051879882,0.0335711896678956
2022-05-25,137.635986328125,140.52000427246094,141.7899932861328,138.33999633789062,138.42999267578125,92482700,AAPL,0.0011399519906925,3.4499969482421875,142.4200012207031,149.80350036621093,0.0300648181958295
2022-05-26,140.8291015625,143.77999877929688,144.33999633789062,137.13999938964844,137.38999938964844,90601500,AAPL,0.0231995047517574,7.199996948242188,142.54200134277343,148.81050033569335,0.0299531086827333
2022-05-27,146.56881713867188,149.63999938964844,149.67999267578125,145.25999450683594,145.38999938964844,90978500,AAPL,0.0407567162338531,4.4199981689453125,142.7950012207031,148.41000061035157,0.0310681427438871
2022-05-31,145.78521728515625,148.83999633789062,150.66000366210938,146.83999633789062,149.07000732421875,103718400,AAPL,-0.0053461845430423,3.82000732421875,143.1250015258789,147.95400009155273,0.0308690367000839
2022-06-01,145.6579132080078,148.7100067138672,151.74000549316406,147.67999267578125,149.89999389648438,74286600,AAPL,-0.0008733514325567,4.0600128173828125,143.0720016479492,147.41550064086914,0.0298182091535811
2022-06-02,148.10658264160156,151.2100067138672,151.27000427246094,146.86000061035156,147.8300018310547,72348100,AAPL,0.0168112426005753,4.410003662109375,144.11100158691406,146.67500076293945,0.0225056081361947
2022-06-03,142.39625549316406,145.3800048828125,147.97000122070312,144.4600067138672,146.89999389648438,88570300,AAPL,-0.038555661478719,3.509994506835937,144.91400146484375,146.10550079345705,0.0249968656941171
2022-06-06,143.140625,146.13999938964844,148.57000732421875,144.89999389648438,147.02999877929688,71598400,AAPL,0.0052276412251364,3.670013427734375,145.76900177001954,145.54850082397462,0.0249556063208991
2022-06-07,145.6579132080078,148.7100067138672,149.0,144.10000610351562,144.35000610351562,67808200,AAPL,0.0175859267479974,4.899993896484375,146.3290023803711,145.3810012817383,0.0224575732223765
2022-06-08,144.9232635498047,147.9600067138672,149.8699951171875,147.4600067138672,148.5800018310547,53950200,AAPL,-0.0050433727801726,2.4099884033203125,147.08900299072266,145.05350189208986,0.0212386673931779
2022-06-09,139.7124786376953,142.63999938964844,147.9499969482422,142.52999877929688,147.0800018310547,69473000,AAPL,-0.0359557115626985,5.4199981689453125,147.3010025024414,144.86050186157226,0.0249910252829978
2022-06-10,134.31556701660156,137.1300048828125,140.75999450683594,137.05999755859375,140.27999877929688,91437900,AAPL,-0.0386286773023907,3.699996948242188,146.63600311279296,144.5890022277832,0.0266934015468438
2022-06-13,129.17330932617188,131.8800048828125,135.1999969482422,131.44000244140625,132.8699951171875,122207100,AAPL,-0.0382848378404602,3.7599945068359375,144.86000366210936,143.82750244140624,0.02332570554926
2022-06-14,130.03524780273438,132.75999450683594,133.88999938964844,131.47999572753906,133.1300048828125,84784300,AAPL,0.0066726538629218,2.410003662109375,143.25200347900392,143.1885025024414,0.0240233891966852
2022-06-15,132.65042114257812,135.42999267578125,137.33999633789062,132.16000366210938,134.2899932861328,91533000,AAPL,0.0201114664011818,5.17999267578125,141.92400207519532,142.49800186157228,0.0258625198133827
2022-06-16,127.3906707763672,130.05999755859375,132.38999938964844,129.0399932861328,132.0800018310547,108123900,AAPL,-0.0396514465598712,3.350006103515625,139.80900115966796,141.96000137329102,0.0257631235103435
2022-06-17,128.85989379882812,131.55999755859375,133.0800018310547,129.80999755859375,130.07000732421875,134520300,AAPL,0.0115331387679307,3.270004272460937,138.4270004272461,141.6705009460449,0.0254668732430715
2022-06-21,133.08143615722656,135.8699951171875,137.05999755859375,133.32000732421875,133.4199981689453,81000500,AAPL,0.0327606995939184,3.739990234375,137.4,141.58450088500976,0.0285544377938474
2022-06-22,132.57208251953125,135.35000610351562,137.75999450683594,133.91000366210938,134.7899932861328,73409200,AAPL,-0.0038271070314191,3.8499908447265625,136.06399993896486,141.19650115966795,0.0272899271059053
2022-06-23,135.4321746826172,138.27000427246094,138.58999633789062,135.6300048828125,136.82000732421875,72433800,AAPL,0.0215736833193203,2.959991455078125,135.09499969482422,141.09200134277344,0.0289685208479796
2022-06-24,138.75259399414062,141.66000366210938,141.91000366210938,139.77000427246094,139.89999389648438,89116800,AAPL,0.0245172436891549,2.139999389648437,134.99700012207032,141.14900131225585,0.028412711862382
2022-06-27,138.75259399414062,141.66000366210938,143.49000549316406,140.97000122070312,142.6999969482422,70207900,AAPL,0.0,2.520004272460937,135.45,141.0430015563965,0.0250533853050647
2022-06-28,134.6192169189453,137.44000244140625,143.4199981689453,137.32000732421875,142.1300048828125,67083400,AAPL,-0.0297896450064251,6.0999908447265625,136.00599975585936,140.43300170898436,0.0235781703372675
2022-06-29,136.37246704101562,139.22999572753906,140.6699981689453,136.6699981689453,137.4600067138672,66242400,AAPL,0.0130238158784661,4.0,136.6529998779297,139.9525016784668,0.0237315278279833
2022-06-30,133.9139862060547,136.72000122070312,138.3699951171875,133.77000427246094,137.25,98964500,AAPL,-0.0180276850093982,4.5999908447265625,136.78200073242186,139.3530014038086,0.0240994424839767
2022-07-01,136.07861328125,138.92999267578125,139.0399932861328,135.66000366210938,136.0399932861328,71051600,AAPL,0.0161643609958033,3.379989624023437,137.66900024414062,138.7390007019043,0.0196337042043072
2022-07-05,138.6546630859375,141.55999755859375,141.61000061035156,136.92999267578125,137.77000427246094,73353800,AAPL,0.0189304327464416,4.6800079345703125,138.66900024414062,138.54800033569336,0.0199686410844985
2022-07-06,139.98672485351562,142.9199981689453,144.1199951171875,141.0800018310547,141.35000610351562,74064300,AAPL,0.0096072381591321,3.0399932861328125,139.3740005493164,138.3870002746582,0.0179597004046663
2022-07-07,143.34634399414062,146.35000610351562,146.5500030517578,143.27999877929688,143.2899932861328,66253700,AAPL,0.0239994960713314,3.270004272460937,140.4740005493164,138.2690002441406,0.0185487311336015
2022-07-08,144.0221405029297,147.0399932861328,147.5500030517578,145.0,145.25999450683594,64547800,AAPL,0.0047146371974124,2.5500030517578125,141.3509994506836,138.2229995727539,0.0179338948332312
2022-07-11,141.89671325683594,144.8699951171875,146.63999938964844,143.77999877929688,145.6699981689453,63141600,AAPL,-0.0147578772308741,2.8600006103515625,141.6719985961914,138.33449935913086,0.0178045963008952
2022-07-12,142.8663787841797,145.86000061035156,148.4499969482422,145.0500030517578,145.75999450683594,77588800,AAPL,0.0068337511322702,3.399993896484375,142.0919982910156,138.7709991455078,0.0178339432887174
2022-07-13,142.50401306152344,145.49000549316406,146.4499969482422,142.1199951171875,142.99000549316406,71185600,AAPL,-0.0025366455206311,4.330001831054688,142.8969985961914,139.45149917602538,0.0139038741402406
2022-07-14,145.42283630371094,148.47000122070312,148.9499969482422,143.25,144.0800018310547,78140700,AAPL,0.0204824772494705,5.699996948242188,143.8209991455078,140.23699951171875,0.0145210965952095
2022-07-15,147.08790588378906,150.1699981689453,150.86000061035156,148.1999969482422,149.77999877929688,76259900,AAPL,0.0114501039554455,2.660003662109375,145.16599884033204,140.97399978637696,0.0116968378249758
2022-07-18,144.0515594482422,147.07000732421875,151.57000732421875,146.6999969482422,150.74000549316406,81420900,AAPL,-0.0206432102452247,4.8700103759765625,145.9800003051758,141.8245002746582,0.0147544311492508
2022-07-19,147.90090942382812,151.0,151.22999572753906,146.91000366210938,147.9199981689453,82982400,AAPL,0.0267219179986677,4.319992065429688,146.92400054931642,142.7965003967285,0.0156998284444715
2022-07-20,149.89903259277344,153.0399932861328,153.72000122070312,150.3699951171875,151.1199951171875,64823400,AAPL,0.0135098893121379,3.350006103515625,147.93600006103514,143.65500030517578,0.0158311982199734
2022-07-21,152.16160583496094,155.35000610351562,155.57000732421875,151.94000244140625,154.5,65086600,AAPL,0.0150941774615991,3.6300048828125,148.83600006103515,144.65500030517578,0.0149957117836998
2022-07-22,150.92750549316406,154.08999633789062,156.27999877929688,153.41000366210938,155.38999938964844,66675400,AAPL,-0.0081107802775715,2.8699951171875,149.54100036621094,145.44599990844728,0.0156598737099402
2022-07-25,149.8108673095703,152.9499969482422,155.0399932861328,152.27999877929688,154.00999450683594,53623900,AAPL,-0.0073982699509488,2.759994506835937,150.3490005493164,146.0104995727539,0.0147869731399832
2022-07-26,148.48855590820312,151.60000610351562,153.08999633789062,150.8000030517578,152.25999450683594,55138700,AAPL,-0.0088263541788981,2.2899932861328125,150.92300109863282,146.50749969482422,0.015449186623802
2022-07-27,153.57203674316406,156.7899932861328,157.3300018310547,152.16000366210938,152.5800018310547,78620700,AAPL,0.0342347425703488,5.1699981689453125,152.0529998779297,147.47499923706056,0.0179077343061989
2022-07-28,154.1205596923828,157.35000610351562,157.63999938964844,154.41000366210938,156.97999572753906,81378700,AAPL,0.0035717382573059,3.2299957275390625,152.94100036621094,148.38099975585936,0.0173512556891587
2022-07-29,159.1746826171875,162.50999450683594,163.6300048828125,159.5,161.24000549316406,101786900,AAPL,0.0327930613483784,4.1300048828125,154.175,149.670499420166,0.0193042814505746
2022-08-01,158.19517517089844,161.50999450683594,163.58999633789062,160.88999938964844,161.00999450683594,67829400,AAPL,-0.0061534676869239,2.6999969482421875,155.6189987182617,150.79949951171875,0.0173526985679167
2022-08-02,156.72598266601562,160.00999450683594,162.41000366210938,159.6300048828125,160.10000610351562,59907000,AAPL,-0.0092873509443188,2.779998779296875,156.5199981689453,151.72199935913085,0.0171266309967431
2022-08-03,162.72036743164062,166.1300048828125,166.58999633789062,160.75,160.83999633789062,82507500,AAPL,0.038247675683253,5.839996337890625,157.8289993286133,152.88249969482422,0.0199026653344209
2022-08-04,162.40695190429688,165.80999755859375,167.19000244140625,164.42999267578125,166.00999450683594,55474100,AAPL,-0.0019262464022948,2.760009765625,158.8749984741211,153.85549926757812,0.0199957131994705
2022-08-05,162.1813201904297,165.35000610351562,165.85000610351562,163.0,163.2100067138672,56697000,AAPL,-0.002774208201261,2.850006103515625,160.0009994506836,154.7709999084473,0.0196238401881872
2022-08-08,161.71055603027344,164.8699951171875,167.80999755859375,164.1999969482422,166.3699951171875,60276900,AAPL,-0.002902999507769,3.6100006103515625,161.19299926757813,155.7709999084473,0.0192998663446219
2022-08-09,161.7595977783203,164.9199981689453,165.82000732421875,163.25,164.02000427246094,63135500,AAPL,0.0003032877615012,2.57000732421875,162.5249984741211,156.72399978637696,0.0186358741405757
2022-08-10,165.9967803955078,169.24000549316406,169.33999633789062,166.89999389648438,167.67999267578125,70170500,AAPL,0.0261945632560176,2.44000244140625,163.7699996948242,157.91149978637696,0.017549286950724
2022-08-11,165.2611846923828,168.49000549316406,170.99000549316406,168.19000244140625,170.05999755859375,57149200,AAPL,-0.0044315763156265,2.8000030517578125,164.88399963378907,158.9125,0.0179419772822925
2022-08-12,168.80201721191406,172.10000610351562,172.1699981689453,169.39999389648438,169.82000732421875,68039400,AAPL,0.0214256068173612,2.770004272460937,165.84300079345704,160.0090003967285,0.0164224365217106
2022-08-15,169.87112426757812,173.19000244140625,173.38999938964844,171.35000610351562,171.52000427246094,54091700,AAPL,0.0063335055155955,2.0399932861328125,167.01100158691406,161.31500015258788,0.0158721915469213
2022-08-16,169.71417236328125,173.02999877929688,173.7100067138672,171.66000366210938,172.77999877929688,56377100,AAPL,-0.0009238620004263,2.0500030517578125,168.31300201416016,162.4165000915527,0.0151139215229926
2022-08-17,171.20504760742188,174.5500030517578,176.14999389648438,172.57000732421875,172.77000427246094,79542000,AAPL,0.0087846285799246,3.579986572265625,169.15500183105468,163.49200057983398,0.0108119559321547
2022-08-18,170.8126983642578,174.14999389648438,174.89999389648438,173.1199951171875,173.75,62290100,AAPL,-0.0022916594000563,1.779998779296875,169.98900146484374,164.43199996948243,0.0108385813879021
2022-08-19,168.2331085205078,171.52000427246094,173.74000549316406,171.30999755859375,173.02999877929688,70346300,AAPL,-0.0151018645776509,2.4300079345703125,170.6060012817383,165.30350036621093,0.012405312995848
2022-08-22,164.35879516601562,167.57000732421875,169.86000061035156,167.13999938964844,169.69000244140625,69026800,AAPL,-0.0230293659622791,2.720001220703125,170.8760025024414,166.03450088500978,0.0149701437017351
2022-08-23,164.0253143310547,167.22999572753906,168.7100067138672,166.64999389648438,167.0800018310547,54147100,AAPL,-0.0020290719210975,2.0600128173828125,171.10700225830078,166.81600036621094,0.015012886351095
2022-08-24,164.31959533691406,167.52999877929688,168.11000061035156,166.25,167.32000732421875,53841500,AAPL,0.0017939547893464,1.8600006103515625,170.93600158691407,167.35300064086914,0.0122876161599468
2022-08-25,166.77162170410156,170.02999877929688,170.13999938964844,168.35000610351562,168.77999877929688,51218200,AAPL,0.0149227005206005,1.7899932861328125,171.09000091552736,167.9870002746582,0.0131703149942992
2022-08-26,160.4844970703125,163.6199951171875,171.0500030517578,163.55999755859375,170.57000732421875,78961000,AAPL,-0.0376992513564016,7.4900054931640625,170.24199981689452,168.0425003051758,0.0159534099495655
2022-08-29,158.2874298095703,161.3800048828125,162.89999389648438,159.82000732421875,161.14999389648438,73314000,AAPL,-0.0136901986384407,3.079986572265625,169.06100006103514,168.0360008239746,0.0156369235106291
2022-08-30,155.86476135253906,158.91000366210938,162.55999755859375,157.72000122070312,162.1300048828125,77906200,AAPL,-0.0153054972485391,4.839996337890625,167.6490005493164,167.9810012817383,0.0156847983225735
2022-08-31,154.20713806152344,157.22000122070312,160.5800018310547,157.13999938964844,160.30999755859375,87991100,AAPL,-0.0106349657193369,3.44000244140625,165.91600036621094,167.5355010986328,0.0144816512132215
2022-09-01,154.93296813964844,157.9600067138672,158.4199981689453,154.6699981689453,156.63999938964844,74229900,AAPL,0.0047068152106501,3.75,164.29700164794923,167.14300155639648,0.0150692048123508
2022-09-02,152.8241729736328,155.80999755859375,160.36000061035156,154.97000122070312,159.75,76957800,AAPL,-0.0136110981507364,5.3899993896484375,162.7260009765625,166.6660011291504,0.0150160819693473
2022-09-06,151.56869506835938,154.52999877929688,157.08999633789062,153.69000244140625,156.47000122070312,73714800,AAPL,-0.0082151261109898,3.399993896484375,161.4220001220703,166.14900131225585,0.01423902749259
2022-09-07,152.9713134765625,155.9600067138672,156.6699981689453,153.61000061035156,154.82000732421875,87449600,AAPL,0.0092539179826998,3.05999755859375,160.2950012207031,165.70100173950195,0.0151786640928353
2022-09-08,151.5000457763672,154.4600067138672,156.36000061035156,152.67999267578125,154.63999938964844,84923800,AAPL,-0.0096178503169211,3.680007934570313,158.98800201416014,164.9620018005371,0.0148828581756064
2022-09-09,154.354248046875,157.3699951171875,157.82000732421875,154.75,155.47000122070312,68028800,AAPL,0.0188397531842077,3.07000732421875,157.7220016479492,164.40600128173827,0.0155877348068126
2022-09-12,160.29812622070312,163.42999267578125,164.25999450683594,159.3000030517578,159.58999633789062,104956000,AAPL,0.0385079605173852,4.959991455078125,157.7030014038086,163.97250061035157,0.0177188492976081
2022-09-13,150.89190673828125,153.83999633789062,160.5399932861328,153.3699951171875,159.89999389648438,122656600,AAPL,-0.0586795372188239,7.1699981689453125,156.9490005493164,163.00500030517577,0.0255629592548795
2022-09-14,152.33370971679688,155.30999755859375,157.10000610351562,153.61000061035156,154.7899932861328,87965400,AAPL,0.009555390377639,3.4900054931640625,156.58899993896483,162.11900024414064,0.0256015576039007
2022-09-15,149.45008850097656,152.3699951171875,155.24000549316406,151.3800048828125,154.64999389648438,90481100,AAPL,-0.0189298981882803,3.8600006103515625,156.10399932861327,161.0099998474121,0.0260433625996055
2022-09-16,147.8120880126953,150.6999969482422,151.35000610351562,148.3699951171875,151.2100067138672,162278800,AAPL,-0.0109601510957647,2.980010986328125,155.37799835205078,159.8375,0.026011550229815
2022-09-19,151.5196533203125,154.47999572753906,154.55999755859375,149.10000610351562,149.30999755859375,81474200,AAPL,0.0250829386585529,5.459991455078125,155.2449981689453,158.9854995727539,0.027331247399176
2022-09-20,153.89328002929688,156.89999389648438,158.0800018310547,153.0800018310547,153.39999389648438,107689800,AAPL,0.0156654468919945,5.0,155.48199768066405,158.45199890136718,0.0276255129504105
2022-09-21,150.7742462158203,153.72000122070312,158.74000549316406,153.60000610351562,157.33999633789062,101696800,AAPL,-0.0202676405320911,5.1399993896484375,155.25799713134765,157.7764991760254,0.0283176965458388
2022-09-22,149.81301879882812,152.74000549316406,154.47000122070312,150.91000366210938,152.3800048828125,86652500,AAPL,-0.00637519984229,3.55999755859375,155.08599700927735,157.03699951171876,0.0282274935732114
2022-09-23,147.54727172851562,150.42999267578125,151.47000122070312,148.55999755859375,151.19000244140625,96029900,AAPL,-0.0151238230607907,2.910003662109375,154.39199676513672,156.05699920654297,0.0276449804965484
2022-09-26,147.8807373046875,150.77000427246094,153.77000427246094,149.63999938964844,149.66000366210938,93339400,AAPL,0.0022602646628622,4.1300048828125,153.1259979248047,155.41449966430665,0.0234947444724606
2022-09-27,148.85177612304688,151.75999450683594,154.72000122070312,149.9499969482422,152.74000549316406,84442700,AAPL,0.0065662280713738,4.7700042724609375,152.91799774169922,154.93349914550782,0.0154812248220092
2022-09-28,146.9685516357422,149.83999633789062,150.63999938964844,144.83999633789062,147.63999938964844,146691400,AAPL,-0.0126515434794565,5.8000030517578125,152.3709976196289,154.47999877929686,0.0153507922017426
2022-09-29,139.74961853027344,142.47999572753906,146.72000122070312,140.67999267578125,146.10000610351562,128138200,AAPL,-0.0491190656048515,6.040008544921875,151.38199768066406,153.74299850463868,0.0207479852204634
2022-09-30,135.55162048339844,138.1999969482422,143.10000610351562,138.0,141.27999877929688,124925300,AAPL,-0.0300392960951614,5.100006103515625,150.13199768066406,152.75499801635743,0.0220413996974863
2022-10-03,139.7201690673828,142.4499969482422,143.07000732421875,137.69000244140625,138.2100067138672,114311700,AAPL,0.0307525332405882,5.3800048828125,148.9289978027344,152.08699798583984,0.0230482847517666
2022-10-04,143.3002471923828,146.10000610351562,146.22000122070312,144.25999450683594,145.02999877929688,87830100,AAPL,0.0256230904420422,1.9600067138671875,147.8489990234375,151.66549835205078,0.0243544031121726
2022-10-05,143.594482421875,146.39999389648438,147.3800048828125,143.00999450683594,144.07000732421875,79471000,AAPL,0.0020533044519943,4.3700103759765625,147.11699829101562,151.18749771118163,0.0240071410294076
2022-10-06,142.64306640625,145.42999267578125,147.5399932861328,145.22000122070312,145.80999755859375,68402200,AAPL,-0.006625691674475,2.3199920654296875,146.38599700927733,150.73599700927736,0.0240093234684014
2022-10-07,137.4053955078125,140.08999633789062,143.10000610351562,139.4499969482422,142.5399932861328,85925600,AAPL,-0.0367186729479902,3.6500091552734375,145.35199737548828,149.8719970703125,0.0259506799394987
2022-10-10,137.7290802001953,140.4199981689453,141.88999938964844,138.57000732421875,140.4199981689453,74899000,AAPL,0.0023556416566585,3.3199920654296875,144.3169967651367,148.72149734497071,0.0259543929981264
2022-10-11,136.31666564941406,138.97999572753906,141.35000610351562,138.22000122070312,139.89999389648438,77033700,AAPL,-0.0102549669575819,3.1300048828125,143.03899688720702,147.97849731445314,0.0255349897071104
2022-10-12,135.68894958496094,138.33999633789062,140.36000061035156,138.16000366210938,139.1300048828125,70433700,AAPL,-0.004604974883602,2.1999969482421875,141.88899688720704,147.12999725341797,0.0255150901891881
2022-10-13,140.24986267089844,142.99000549316406,143.58999633789062,134.3699951171875,134.99000549316406,113224000,AAPL,0.0336129050048255,9.220001220703123,141.93999786376952,146.6609977722168,0.0239419592717077
2022-10-14,135.7281494140625,138.3800048828125,144.52000427246094,138.19000244140625,144.30999755859375,88598000,AAPL,-0.0322400198143355,6.330001831054688,141.95799865722657,146.0449981689453,0.0242630046863295
2022-10-17,139.6809539794922,142.41000366210938,142.89999389648438,140.27000427246094,141.07000732421875,85250900,AAPL,0.0291226957442998,2.629989624023437,141.9539993286133,145.44149856567384,0.0240408833154678
2022-10-18,140.99526977539062,143.75,146.6999969482422,140.61000061035156,145.49000549316406,99136600,AAPL,0.009409425626236,6.089996337890625,141.71899871826173,144.78399887084962,0.0226443928469531
2022-10-19,141.1031494140625,143.86000061035156,144.9499969482422,141.5,141.69000244140625,61758300,AAPL,0.0007652216372282,3.4499969482421875,141.46499938964843,144.29099884033204,0.0226262923528
2022-10-20,140.6421661376953,143.38999938964844,145.88999938964844,142.64999389648438,143.02000427246094,64522000,AAPL,-0.0032670736737735,3.2400054931640625,141.26100006103516,143.82349853515626,0.0225668971271588
2022-10-21,144.44781494140625,147.27000427246094,147.85000610351562,142.64999389648438,142.8699951171875,86548600,AAPL,0.0270591038379808,5.20001220703125,141.9790008544922,143.66549911499024,0.0203068834535751
2022-10-24,146.58602905273438,149.4499969482422,150.22999572753906,146.0,147.19000244140625,75981900,AAPL,0.014802693097965,4.229995727539063,142.8820007324219,143.5994987487793,0.0204940607415586
2022-10-25,149.42063903808594,152.33999633789062,152.49000549316406,149.36000061035156,150.08999633789062,74732300,AAPL,0.0193375674048981,3.1300048828125,144.21800079345704,143.62849884033204,0.0199445971405569
2022-10-26,146.48794555664062,149.35000610351562,151.99000549316406,148.0399932861328,150.9600067138672,88194300,AAPL,-0.0196270861641822,3.95001220703125,145.31900177001953,143.60399932861327,0.0216126024036799
2022-10-27,142.02516174316406,144.8000030517578,149.0500030517578,144.1300048828125,148.07000732421875,109180200,AAPL,-0.0304653690379106,4.9199981689453125,145.5000015258789,143.71999969482422,0.0226170337359367
2022-10-28,152.75552368164062,155.74000549316406,157.5,147.82000732421875,148.1999969482422,164762400,AAPL,0.0755525014560656,9.67999267578125,147.23600158691406,144.5970001220703,0.0294192875343495
2022-10-31,150.4014892578125,153.33999633789062,154.24000549316406,151.9199981689453,153.16000366210938,97943200,AAPL,-0.0154103574587248,2.32000732421875,148.3290008544922,145.14150009155273,0.0299503810898352
2022-11-01,147.76304626464844,150.64999389648438,155.4499969482422,149.1300048828125,155.0800018310547,80379300,AAPL,-0.0175427318745901,6.319992065429688,149.0190002441406,145.36899948120117,0.0309858285907529
2022-11-02,142.250732421875,145.02999877929688,152.1699981689453,145.0,148.9499969482422,93604600,AAPL,-0.0373049807160904,7.1699981689453125,149.13600006103516,145.3004997253418,0.0337920257743498
2022-11-03,136.21859741210938,138.8800048828125,142.8000030517578,138.75,142.05999755859375,97918500,AAPL,-0.042404977923521,4.0500030517578125,148.68500061035155,144.97300033569337,0.0365365105319318
2022-11-04,135.9533233642578,138.3800048828125,142.6699981689453,134.3800048828125,142.08999633789062,140814800,AAPL,-0.0036002302881678,8.289993286132812,147.7960006713867,144.88750076293945,0.0350262848221523
2022-11-07,136.48385620117188,138.9199981689453,139.14999389648438,135.6699981689453,137.11000061035156,83374600,AAPL,0.0039022493646398,3.4799957275390625,146.74300079345704,144.81250076293946,0.034483911239312
2022-11-08,137.05368041992188,139.5,141.42999267578125,137.49000549316406,140.41000366210938,89908500,AAPL,0.0041750780211595,3.939987182617188,145.45900115966796,144.8385009765625,0.0335292160343542
2022-11-09,132.5048828125,134.8699951171875,138.5500030517578,134.58999633789062,138.5,74917800,AAPL,-0.0331899991599462,3.960006713867188,144.01100006103516,144.66500091552734,0.0343048949755935
2022-11-10,144.29446411132812,146.8699951171875,146.8699951171875,139.5,141.24000549316406,118854000,AAPL,0.0889745713238387,7.3699951171875,144.21799926757814,144.8590003967285,0.0452810043525724
2022-11-11,147.0748291015625,149.6999969482422,150.00999450683594,144.3699951171875,145.82000732421875,93979700,AAPL,0.0192687541713107,5.6399993896484375,143.61399841308594,145.425,0.0380938154432027
2022-11-14,145.67971801757812,148.27999877929688,150.27999877929688,147.42999267578125,148.97000122070312,73374100,AAPL,-0.0094856259044298,2.850006103515625,143.10799865722657,145.71849975585937,0.0379304877283565
2022-11-15,147.4088592529297,150.0399932861328,153.58999633789062,148.55999755859375,152.22000122070312,89868300,AAPL,0.0118693992536076,5.029998779296875,143.0469985961914,146.03299942016602,0.0377935523135753
2022-11-16,146.1808319091797,148.7899932861328,149.8699951171875,147.2899932861328,149.1300048828125,64218300,AAPL,-0.0083311120763395,2.5800018310546875,143.422998046875,146.27949905395508,0.0356467197226059
2022-11-17,148.07696533203125,150.72000122070312,151.47999572753906,146.14999389648438,146.42999267578125,80389400,AAPL,0.0129713557474175,5.330001831054688,144.60699768066405,146.6459991455078,0.0318927227472683
2022-11-18,148.63694763183594,151.2899932861328,152.6999969482422,149.97000122070312,152.30999755859375,74829600,AAPL,0.0037817944586866,2.7299957275390625,145.8979965209961,146.8469985961914,0.0316621283697026
2022-11-21,145.41448974609375,148.00999450683594,150.3699951171875,147.72000122070312,150.16000366210938,58724100,AAPL,-0.0216802096956502,2.649993896484375,146.80699615478517,146.7749984741211,0.0331535086668923
2022-11-22,147.54640197753906,150.17999267578125,150.4199981689453,146.92999267578125,148.1300048828125,51804100,AAPL,0.0146611597154344,3.4900054931640625,147.87499542236327,146.66699829101563,0.033225769166948
2022-11-23,148.4208221435547,151.07000732421875,151.8300018310547,149.33999633789062,149.4499969482422,58301400,AAPL,0.00592631969532,2.4900054931640625,149.4949966430664,146.75299835205078,0.0299987322113141
2022-11-25,145.5126953125,148.11000061035156,148.8800048828125,147.1199951171875,148.30999755859375,35195900,AAPL,-0.0195936093887555,1.760009765625,149.6189971923828,146.91849822998046,0.0147169898205268
2022-11-28,141.69090270996094,144.22000122070312,146.63999938964844,143.3800048828125,145.13999938964844,69246000,AAPL,-0.0262642588185673,3.259994506835937,149.0709976196289,146.3424980163574,0.0154416601879712
2022-11-29,138.6944122314453,141.1699981689453,144.80999755859375,140.35000610351562,144.2899932861328,83763800,AAPL,-0.0211482667171131,4.459991455078125,148.35999755859376,145.73399810791017,0.0163481750863188
2022-11-30,145.43409729003906,148.02999877929688,148.72000122070312,140.5500030517578,141.39999389648438,111380900,AAPL,0.0485938988406151,8.169998168945312,148.15899810791015,145.60299835205078,0.0231951185225236
2022-12-01,145.7091827392578,148.30999755859375,149.1300048828125,146.61000061035156,148.2100067138672,71250400,AAPL,0.0018915002472865,2.520004272460937,148.11099853515626,145.76699829101562,0.0230663322945653
2022-12-02,145.21798706054688,147.80999755859375,148.0,145.64999389648438,145.9600067138672,65447400,AAPL,-0.0033713168918532,2.350006103515625,147.81999816894532,146.2134979248047,0.0226129034211184
2022-12-05,144.0586700439453,146.6300048828125,150.9199981689453,145.77000427246094,147.77000427246094,68826400,AAPL,-0.0079831722838198,5.149993896484375,147.35399932861327,146.6259979248047,0.0226008842469402
2022-12-06,140.40390014648438,142.91000366210938,147.3000030517578,141.9199981689453,147.07000732421875,64727200,AAPL,-0.0253699863385816,5.3800048828125,146.84400024414063,146.82549819946288,0.0229687370400328
2022-12-07,138.4684600830078,140.94000244140625,143.3699951171875,140.0,142.19000244140625,69721100,AAPL,-0.0137849077756719,3.3699951171875,145.9200012207031,146.8974983215332,0.0222521542631631
2022-12-08,140.1484375,142.64999389648438,143.52000427246094,141.10000610351562,142.36000061035156,62128300,AAPL,0.0121327616394006,2.4199981689453125,145.0779998779297,147.28649826049804,0.0227070801699914
2022-12-09,139.66705322265625,142.16000366210938,145.57000732421875,140.89999389648438,142.33999633789062,76097000,AAPL,-0.0034349124103753,4.670013427734375,144.48300018310547,147.05099868774414,0.0221602650082206
2022-12-12,141.9561767578125,144.49000549316406,144.5,141.05999755859375,142.6999969482422,70462700,AAPL,0.0163899955756381,3.44000244140625,144.51000061035157,146.79049911499024,0.0214658694599509
2022-12-13,142.9189910888672,145.47000122070312,149.97000122070312,144.24000549316406,149.5,93886200,AAPL,0.006782446468835,5.729995727539063,144.94000091552735,146.64999923706054,0.0201271481121282
2022-12-14,140.69862365722656,143.2100067138672,146.66000366210938,141.16000366210938,145.35000610351562,82291200,AAPL,-0.0155358114241515,5.5,144.45800170898437,146.30849990844726,0.0130090146840898
2022-12-15,134.1063232421875,136.5,141.8000030517578,136.02999877929688,141.11000061035156,98931900,AAPL,-0.0468543146378991,5.7700042724609375,143.277001953125,145.69400024414062,0.0187453922883365
2022-12-16,132.15118408203125,134.50999450683594,137.64999389648438,133.72999572753906,136.69000244140625,160156900,AAPL,-0.0145787948217147,3.919998168945313,141.9470016479492,144.88349990844728,0.0187660914016285
2022-12-19,130.04872131347656,132.3699951171875,135.1999969482422,131.32000732421875,135.11000061035156,79592600,AAPL,-0.0159095939115488,3.8799896240234375,140.52100067138673,143.9375,0.0188749558138158
2022-12-20,129.97996520996094,132.3000030517578,133.25,129.88999938964844,131.38999938964844,77432800,AAPL,-0.0005287608069164,3.3600006103515625,139.46000061035156,143.1520004272461,0.0182542088430512
2022-12-21,133.07472229003906,135.4499969482422,136.80999755859375,132.75,132.97999572753906,85928000,AAPL,0.0238094771264067,4.05999755859375,138.91100006103517,142.41550064086914,0.020550250190608
2022-12-22,129.9111785888672,132.22999572753906,134.55999755859375,130.3000030517578,134.35000610351562,77852100,AAPL,-0.0237726193669354,4.2599945068359375,137.86900024414064,141.47350006103517,0.020599096069734
2022-12-23,129.54769897460938,131.86000061035156,132.4199981689453,129.63999938964844,130.9199981689453,63814900,AAPL,-0.0027981178941416,2.779998779296875,136.83899993896483,140.66100006103517,0.0206135686803439
2022-12-27,127.74976348876952,130.02999877929688,131.41000366210938,128.72000122070312,131.3800048828125,69007800,AAPL,-0.0138783696540573,2.69000244140625,135.39299926757812,139.95149993896484,0.0188995538886974
2022-12-28,123.8297348022461,126.04000091552734,131.02999877929688,125.87000274658205,129.6699981689453,85438400,AAPL,-0.030685210345513,5.1599960327148295,133.44999923706055,139.19500007629395,0.0188447481521254
2022-12-29,127.33712768554688,129.61000061035156,130.47999572753906,127.7300033569336,127.98999786376952,75703700,AAPL,0.0283243388518923,2.7499923706054688,132.089998626709,138.27400016784668,0.0230919962127166
2022-12-30,127.65154266357422,129.92999267578125,129.9499969482422,127.43000030517578,128.41000366210938,77034200,AAPL,0.0024688840669917,2.5199966430664062,131.4329978942871,137.35499992370606,0.0192130176858221
2023-01-03,122.8767318725586,125.06999969482422,130.89999389648438,124.16999816894533,130.27999877929688,112117500,AAPL,-0.0374047044940911,6.729995727539048,130.48899841308594,136.21800003051757,0.0217042241432961
2023-01-04,124.14413452148438,126.36000061035156,128.66000366210938,125.08000183105467,126.88999938964844,89113600,AAPL,0.0103142313798272,3.5800018310547017,129.88799896240235,135.20449981689453,0.0220938856401329
2023-01-05,122.8276138305664,125.0199966430664,127.7699966430664,124.76000213623048,127.12999725341795,80962700,AAPL,-0.0106046530611949,3.0099945068359237,129.1599983215332,134.30999946594238,0.0221266880546285
2023-01-06,127.346923828125,129.6199951171875,130.2899932861328,124.88999938964844,126.01000213623048,87754700,AAPL,0.0367941017248156,5.399993896484375,128.57699813842774,133.74399909973144,0.0243063557594245
2023-01-09,127.8676300048828,130.14999389648438,133.41000366210938,129.88999938964844,130.47000122070312,70790800,AAPL,0.0040888659100604,3.520004272460937,128.36899795532227,133.11899909973144,0.0233831821485252
2023-01-10,128.4375,130.72999572753906,131.25999450683594,128.1199951171875,130.25999450683594,63896200,AAPL,0.0044564107434073,3.139999389648437,128.25599746704103,132.54749870300293,0.0234453032934918
2023-01-11,131.14907836914062,133.49000549316406,133.50999450683594,130.4600067138672,131.25,69458900,AAPL,0.0211122914084482,3.04998779296875,128.60199813842777,131.99749870300292,0.0238530142020266
2023-01-12,131.0704803466797,133.41000366210938,134.25999450683594,131.44000244140625,133.8800048828125,71379600,AAPL,-0.0005993095195339,2.8199920654296875,129.33899841308593,131.39449882507324,0.0208573840877306
2023-01-13,132.39683532714844,134.75999450683594,134.9199981689453,131.66000366210938,132.02999877929688,57809700,AAPL,0.010119112567793,3.259994506835937,129.85399780273437,130.97199821472168,0.0194276457145518
2023-01-17,133.55615234375,135.94000244140625,137.2899932861328,134.1300048828125,134.8300018310547,63646600,AAPL,0.0087563667458478,3.1599884033203125,130.4549987792969,130.943998336792,0.019471600692665
2023-01-18,132.83892822265625,135.2100067138672,138.61000061035156,135.02999877929688,136.82000732421875,69672800,AAPL,-0.0053699846581487,3.5800018310546875,131.46899948120117,130.97899894714357,0.0134909666560833
2023-01-19,132.8978729248047,135.27000427246094,136.25,133.77000427246094,134.0800018310547,58280400,AAPL,0.0004437360817584,2.4799957275390625,132.3599998474121,131.12399940490724,0.013655334498765
2023-01-20,135.45225524902344,137.8699951171875,138.02000427246094,134.22000122070312,135.27999877929688,80223600,AAPL,0.0192207493354525,3.800003051757813,133.6449996948242,131.40249900817872,0.0126204032967765
2023-01-23,138.63546752929688,141.11000061035156,143.32000732421875,137.89999389648438,138.1199951171875,81760300,AAPL,0.023500439601888,5.420013427734375,134.79400024414062,131.68549919128418,0.0098744210286627
2023-01-24,140.03057861328125,142.52999877929688,143.16000366210938,140.3000030517578,140.30999755859375,66435100,AAPL,0.01006305834316,2.8600006103515625,136.03200073242186,132.20049934387208,0.0097529654349935
2023-01-25,139.372314453125,141.86000061035156,142.42999267578125,138.80999755859375,140.88999938964844,65799300,AAPL,-0.0047007519447381,3.6199951171875,137.14500122070314,132.70049934387208,0.0106347582293493
2023-01-26,141.4355010986328,143.9600067138672,144.25,141.89999389648438,143.1699981689453,54105100,AAPL,0.0148033701852556,2.350006103515625,138.19200134277344,133.3969997406006,0.0099524887382545
2023-01-27,143.3709259033203,145.92999267578125,147.22999572753906,143.0800018310547,143.16000366210938,70555800,AAPL,0.0136842586137799,4.149993896484375,139.44400024414062,134.3914993286133,0.0096619491436075
2023-01-30,140.4923095703125,143.0,145.5500030517578,142.85000610351562,144.9600067138672,64015300,AAPL,-0.0200780704641775,2.6999969482421875,140.26800079345702,135.0609992980957,0.0133183948991992
2023-01-31,141.7596893310547,144.2899932861328,144.33999633789062,142.27999877929688,142.6999969482422,65874500,AAPL,0.0090209320708587,2.05999755859375,141.10299987792968,135.77899932861328,0.0133246686749075
2023-02-01,142.8796844482422,145.42999267578125,146.61000061035156,141.32000732421875,143.97000122070312,77663600,AAPL,0.0079007515606974,5.2899932861328125,142.1249984741211,136.79699897766113,0.0127064562682726
2023-02-02,148.17518615722656,150.82000732421875,151.17999267578125,148.1699981689453,148.89999389648438,118339000,AAPL,0.037062606889171,3.009994506835937,143.67999877929688,138.0199993133545,0.0154614547859863
2023-02-03,151.7906494140625,154.5,157.3800048828125,147.8300018310547,148.02999877929688,154357300,AAPL,0.0243998972090642,9.550003051757812,145.34299926757814,139.49399948120117,0.0158475689617214
2023-02-06,149.0692138671875,151.72999572753906,153.10000610351562,150.77999877929688,152.57000732421875,69858300,AAPL,-0.0179288302424656,2.32000732421875,146.40499877929688,140.59949951171876,0.0176891543487599
2023-02-07,151.93800354003906,154.64999389648438,155.22999572753906,150.63999938964844,150.63999938964844,83322600,AAPL,0.0192446994738517,4.589996337890625,147.61699829101562,141.82449951171876,0.0180754995384866
2023-02-08,149.25588989257812,151.9199981689453,154.5800018310547,151.1699981689453,153.8800048828125,64120100,AAPL,-0.0176527373765459,3.410003662109375,148.622998046875,142.88399963378907,0.0195201374769498
2023-02-09,148.2242889404297,150.8699951171875,154.3300018310547,150.4199981689453,153.77999877929688,56007100,AAPL,-0.0069115525566959,3.910003662109375,149.31399688720705,143.75299911499025,0.0197675127394439
2023-02-10,148.58834838867188,151.00999450683594,151.33999633789062,149.22000122070312,149.4600067138672,57450700,AAPL,0.000927947200765,2.1199951171875,149.8219970703125,144.63299865722655,0.0195461685790151
2023-02-13,151.38284301757812,153.85000610351562,154.25999450683594,150.9199981689453,150.9499969482422,62199000,AAPL,0.0188067790211801,3.339996337890625,150.90699768066406,145.58749923706054,0.018129098642873
2023-02-14,150.74327087402344,153.1999969482422,153.77000427246094,150.86000061035156,152.1199951171875,61707600,AAPL,-0.0042249537178183,2.910003662109375,151.797998046875,146.45049896240235,0.0184849813764555
2023-02-15,152.83909606933594,155.3300018310547,155.5,152.8800048828125,153.11000061035156,65573800,AAPL,0.0139034264049764,2.6199951171875,152.78799896240236,147.4564987182617,0.0186444764302939
2023-02-16,151.2450714111328,153.7100067138672,156.3300018310547,153.35000610351562,153.50999450683594,68167900,AAPL,-0.0104293767983695,2.9799957275390625,153.07699890136718,148.37849884033204,0.0159181430009156
2023-02-17,150.10369873046875,152.5500030517578,153.0,150.85000610351562,152.35000610351562,59144100,AAPL,-0.0075467023059125,2.149993896484375,152.88199920654296,149.11249923706055,0.0140185415449005
2023-02-21,146.09896850585938,148.47999572753906,151.3000030517578,148.41000366210938,150.1999969482422,58867200,AAPL,-0.0266798246004482,2.889999389648437,152.55699920654297,149.48099899291992,0.0153865581110231
2023-02-22,146.5220489501953,148.91000366210938,149.9499969482422,147.16000366210938,148.8699951171875,51011300,AAPL,0.0028960664530148,2.7899932861328125,151.98300018310547,149.79999923706055,0.0136413725832416
2023-02-23,147.00418090820312,149.39999389648438,150.33999633789062,147.24000549316406,150.08999633789062,48394200,AAPL,0.0032905125399556,3.0999908447265625,151.7309997558594,150.1769989013672,0.0128440939167619
2023-02-24,144.35736083984375,146.7100067138672,147.19000244140625,145.72000122070312,147.11000061035156,55469600,AAPL,-0.018005269695533,1.470001220703125,151.31500091552735,150.3144989013672,0.0137978326701299
2023-02-27,145.5479278564453,147.9199981689453,149.1699981689453,147.4499969482422,147.7100067138672,44998500,AAPL,0.0082475045989058,1.720001220703125,151.0060012817383,150.41399917602538,0.0142003122779114
2023-02-28,145.04611206054688,147.41000366210938,149.0800018310547,146.8300018310547,147.0500030517578,50547000,AAPL,-0.0034477725334572,2.25,150.36200103759765,150.63449935913087,0.0121821196849079
2023-03-01,142.97976684570312,145.30999755859375,147.22999572753906,145.00999450683594,146.8300018310547,55479000,AAPL,-0.0142460216494479,2.220001220703125,149.5730010986328,150.6854995727539,0.012589781324127
2023-03-02,143.57017517089844,145.91000366210938,146.7100067138672,143.89999389648438,144.3800048828125,52238100,AAPL,0.0041291453691869,2.8100128173828125,148.6310012817383,150.70950012207032,0.0112498277170289
2023-03-03,148.60801696777344,151.02999877929688,151.11000061035156,147.3300018310547,148.0399932861328,70732300,AAPL,0.0350900897038157,3.779998779296875,148.36300048828124,150.71999969482422,0.0170519250141206
2023-03-06,151.3631591796875,153.8300018310547,156.3000030517578,153.4600067138672,153.7899932861328,87558000,AAPL,0.0185393833966025,2.839996337890625,148.49100036621093,150.68649978637694,0.018013935752041
2023-03-07,149.16893005371094,151.60000610351562,154.02999877929688,151.1300048828125,153.6999969482422,56182000,AAPL,-0.0144964941883585,2.899993896484375,148.8030014038086,150.68000030517578,0.0162620754923209
2023-03-08,150.4185791015625,152.8699951171875,153.47000122070312,151.8300018310547,152.80999755859375,47204800,AAPL,0.0083772359006681,1.6399993896484375,149.1990005493164,150.59100036621095,0.0163800978077578
2023-03-09,148.1751251220703,150.58999633789062,154.5399932861328,150.22999572753906,153.55999755859375,53833600,AAPL,-0.0149146258397474,4.30999755859375,149.31800079345703,150.5245002746582,0.0172989839851901
2023-03-10,146.11862182617188,148.5,150.94000244140625,147.61000061035156,150.2100067138672,68572400,AAPL,-0.0138787196275717,3.3300018310546875,149.49700012207032,150.40600051879883,0.0168403175550269
2023-03-13,148.05706787109375,150.47000122070312,153.13999938964844,147.6999969482422,147.80999755859375,84457100,AAPL,0.0132660014862162,5.44000244140625,149.7520004272461,150.37900085449218,0.0171411275871743
2023-03-14,150.14305114746094,152.58999633789062,153.39999389648438,150.10000610351562,151.27999877929688,73695900,AAPL,0.0140891546486929,3.29998779296875,150.2699996948242,150.31600036621094,0.0174344080380681
2023-03-15,150.5366668701172,152.99000549316406,153.25,149.9199981689453,151.19000244140625,77167900,AAPL,0.0026214638237991,3.3300018310546875,151.03800048828126,150.30550079345704,0.0162952085476428
2023-03-16,153.3507537841797,155.85000610351562,156.4600067138672,151.63999938964844,152.16000366210938,76161100,AAPL,0.0186940356079623,4.82000732421875,152.03200073242186,150.33150100708008,0.0168230554178806
2023-03-17,152.51438903808594,155.0,156.74000549316406,154.27999877929688,156.0800018310547,98944600,AAPL,-0.0054540010922492,2.4600067138671875,152.4290008544922,150.39600067138673,0.0138548801297741
2023-03-20,154.8759002685547,157.39999389648438,157.82000732421875,154.14999389648438,155.07000732421875,73641400,AAPL,0.0154838315902217,3.670013427734375,152.78600006103517,150.63850021362305,0.0134953913768046
2023-03-21,156.72576904296875,159.27999877929688,159.39999389648438,156.5399932861328,157.32000732421875,73938300,AAPL,0.0119441229714971,2.8600006103515625,153.5539993286133,151.17850036621093,0.0123645557232733
2023-03-22,155.2989959716797,157.8300018310547,162.13999938964844,157.80999755859375,159.3000030517578,75701800,AAPL,-0.009103446505241,4.330001831054688,154.05,151.6245002746582,0.013054088608965
2023-03-23,156.38136291503906,158.92999267578125,161.5500030517578,157.67999267578125,158.8300018310547,67622100,AAPL,0.0069694660835397,3.8700103759765625,154.88399963378907,152.10100021362305,0.0113948714708484
2023-03-24,157.68020629882812,160.25,160.33999633789062,157.85000610351562,158.86000061035156,59196500,AAPL,0.008305589788276,2.489990234375,156.05899963378906,152.7779998779297,0.009149032934629
2023-03-27,155.7417755126953,158.27999877929688,160.77000427246094,157.8699951171875,159.94000244140625,52390300,AAPL,-0.0122932993491614,2.900009155273437,156.83999938964843,153.29599990844727,0.010831167103036
2023-03-28,155.1219024658203,157.64999389648438,158.49000549316406,155.97999572753906,157.97000122070312,45992200,AAPL,-0.0039803189769477,2.510009765625,157.34599914550782,153.80799942016603,0.010675791951267
2023-03-29,158.19186401367188,160.77000427246094,161.0500030517578,159.35000610351562,159.3699951171875,51305700,AAPL,0.0197907421298424,1.6999969482421875,158.1239990234375,154.58099975585938,0.0118655191464633
2023-03-30,159.75634765625,162.36000061035156,162.47000122070312,161.27000427246094,161.52999877929688,49501700,AAPL,0.0098898817916059,1.1999969482421875,158.7749984741211,155.40349960327148,0.0110371899065794
2023-03-31,162.2556610107422,164.89999389648438,165.0,161.91000366210938,162.44000244140625,68749800,AAPL,0.015644205941022,3.089996337890625,159.76499786376954,156.09699935913085,0.0110127235939372
2023-04-03,163.50531005859375,166.1699981689453,166.2899932861328,164.22000122070312,164.27000427246094,56976200,AAPL,0.0077016635504436,2.0699920654296875,160.64199829101562,156.7139991760254,0.0105543191153394
2023-04-04,162.97393798828125,165.6300048828125,166.83999633789062,165.11000061035156,166.60000610351562,46278300,AAPL,-0.0032496436906968,1.7299957275390625,161.2769989013672,157.41549911499024,0.0106149165882216
2023-04-05,161.13392639160156,163.75999450683594,165.0500030517578,161.8000030517578,164.74000549316406,51511700,AAPL,-0.0112902875134227,3.25,161.8699981689453,157.95999908447266,0.0109319116343501
2023-04-06,162.0194854736328,164.66000366210938,164.9600067138672,162.0,162.42999267578125,45390100,AAPL,0.0054959036728343,2.9600067138671875,162.44299926757813,158.6634994506836,0.0108935392185916
2023-04-10,159.4316864013672,162.02999877929688,162.02999877929688,160.0800018310547,161.4199981689453,47716900,AAPL,-0.0159723358697926,1.9499969482421875,162.62099914550782,159.33999938964843,0.0123382191261021
2023-04-11,158.22137451171875,160.8000030517578,162.36000061035156,160.50999450683594,162.35000610351562,47644200,AAPL,-0.0075911605061137,1.850006103515625,162.8729995727539,159.85649948120118,0.0118478175079214
2023-04-12,157.53262329101562,160.10000610351562,162.05999755859375,159.77999877929688,161.22000122070312,50133100,AAPL,-0.0043532147696344,2.279998779296875,163.11800079345704,160.23199996948242,0.0118680553147145
2023-04-13,162.9050750732422,165.55999755859375,165.8000030517578,161.4199981689453,161.6300048828125,68445600,AAPL,0.0341036305242103,4.3800048828125,163.5970001220703,160.8604995727539,0.0148045241776488
2023-04-14,162.56065368652344,165.2100067138672,166.32000732421875,163.82000732421875,164.58999633789062,49386500,AAPL,-0.0021139819394035,2.5,163.8820007324219,161.3284996032715,0.014673284593946
2023-04-17,162.58035278320312,165.22999572753906,165.38999938964844,164.02999877929688,165.08999633789062,41516200,AAPL,0.0001209915432451,1.3600006103515625,163.91500091552734,161.83999938964843,0.0138482694302084
2023-04-18,163.80043029785156,166.47000122070312,167.41000366210938,165.64999389648438,166.10000610351562,49923000,AAPL,0.0075047238711354,1.760009765625,163.94500122070312,162.2934997558594,0.0138366855118245
2023-04-19,164.94186401367188,167.6300048828125,168.16000366210938,165.5399932861328,165.8000030517578,47720200,AAPL,0.0069682444500704,2.6200103759765625,164.14500122070314,162.71100006103515,0.0139252591575806
2023-04-20,163.9775848388672,166.64999389648438,167.8699951171875,165.55999755859375,166.08999633789062,52456400,AAPL,-0.0058462742813449,2.30999755859375,164.43400115966796,163.15199966430663,0.0134781492281941
2023-04-21,162.37371826171875,165.02000427246094,166.4499969482422,164.49000549316406,165.0500030517578,58337300,AAPL,-0.0097809161939478,1.959991455078125,164.47000122070312,163.4565002441406,0.0138765648055614
2023-04-24,162.67872619628906,165.3300018310547,165.60000610351562,163.88999938964844,165.0,41949600,AAPL,0.0018785453312795,1.7100067138671875,164.8000015258789,163.71050033569335,0.0126435191637156
2023-04-25,161.1437530517578,163.77000427246094,166.30999755859375,163.72999572753906,165.19000244140625,48714100,AAPL,-0.0094356592349637,2.5800018310546875,165.0970016479492,163.98500061035156,0.0128127516951536
2023-04-26,161.13392639160156,163.75999450683594,165.27999877929688,162.8000030517578,163.05999755859375,45498800,AAPL,-6.112087295517821e-05,2.4799957275390625,165.46300048828124,164.29050064086914,0.0126506959984866
2023-04-27,165.70933532714844,168.41000366210938,168.55999755859375,165.19000244140625,165.19000244140625,64902300,AAPL,0.0283952693652498,3.3699951171875,165.7480010986328,164.67250061035156,0.0110904398650025
2023-04-28,166.95896911621094,169.67999267578125,169.85000610351562,167.8800048828125,168.49000549316406,55275900,AAPL,0.0075410544864065,1.970001220703125,166.19499969482422,165.03850021362305,0.0111355985873603
2023-05-01,166.8704071044922,169.58999633789062,170.4499969482422,168.63999938964844,169.27999877929688,52472900,AAPL,-0.000530388624324,1.80999755859375,166.63099975585936,165.27300033569335,0.0111544351405971
2023-05-02,165.83724975585938,168.5399932861328,170.35000610351562,167.5399932861328,170.08999633789062,48425700,AAPL,-0.006191420923589,2.8100128173828125,166.83799896240234,165.39150009155273,0.011333344996204
2023-05-03,164.76473999023438,167.4499969482422,170.9199981689453,167.16000366210938,169.5,65136000,AAPL,-0.006467285993302,3.7599945068359375,166.81999816894532,165.4824996948242,0.0113821711286883
2023-05-04,163.13134765625,165.7899932861328,167.0399932861328,164.30999755859375,164.88999938964844,81235400,AAPL,-0.0099134290376993,2.7299957275390625,166.73399810791017,165.58399963378906,0.011681048778752
2023-05-05,170.78660583496094,173.57000732421875,174.3000030517578,170.75999450683594,170.97999572753906,113453200,AAPL,0.0469269217271672,3.540008544921875,167.58899841308593,166.02949981689454,0.0184532205048243
2023-05-08,170.7177276611328,173.5,173.85000610351562,172.11000061035156,172.47999572753906,55962800,AAPL,-0.0004033376808469,1.7400054931640625,168.40599822998047,166.60299987792968,0.0185130638061541
2023-05-09,169.01547241210938,171.77000427246094,173.5399932861328,171.60000610351562,173.0500030517578,45326900,AAPL,-0.0099711569310608,1.9399871826171875,169.20599822998048,167.15149993896483,0.0185601288926707
2023-05-10,170.77676391601562,173.55999755859375,174.02999877929688,171.89999389648438,173.02000427246094,53724500,AAPL,0.0104208723386507,2.1300048828125,170.18599853515624,167.82449951171876,0.0185427554069789
2023-05-11,170.96371459960938,173.75,174.58999633789062,172.1699981689453,173.85000610351562,49514700,AAPL,0.0010947363682816,2.4199981689453125,170.71999816894532,168.23399963378907,0.0168042069877836
2023-05-12,170.0375213623047,172.57000732421875,174.05999755859375,171.0,173.6199951171875,45533100,AAPL,-0.0067913247526978,3.05999755859375,171.00899963378907,168.60199966430665,0.017007594766321
2023-05-15,169.54483032226562,172.07000732421875,173.2100067138672,171.47000122070312,173.16000366210938,37266700,AAPL,-0.0028973748552992,1.7400054931640625,171.2570007324219,168.94400024414062,0.0170602896094753
2023-05-16,169.54483032226562,172.07000732421875,173.13999938964844,171.8000030517578,171.99000549316406,42110300,AAPL,0.0,1.339996337890625,171.61000213623046,169.2240005493164,0.0168580362161592
2023-05-17,170.15573120117188,172.69000244140625,172.92999267578125,170.4199981689453,171.7100067138672,57951600,AAPL,0.0036031562201266,2.509994506835937,172.13400268554688,169.47700042724608,0.0165812774702139
2023-05-18,172.48114013671875,175.0500030517578,175.24000549316406,172.5800018310547,173.0,65496700,AAPL,0.0136661102379236,2.660003662109375,173.06000366210938,169.89700088500976,0.0161798954172692
2023-05-19,172.58950805664062,175.16000366210938,176.38999938964844,174.94000244140625,176.38999938964844,55809500,AAPL,0.0006283953638037,1.4499969482421875,173.21900329589843,170.40400085449218,0.0071125424787533
2023-05-22,171.64356994628906,174.1999969482422,174.7100067138672,173.4499969482422,173.97999572753906,43570900,AAPL,-0.0054807415722545,1.260009765625,173.28900299072265,170.84750061035157,0.0073943447703496
2023-05-23,169.04232788085938,171.55999755859375,173.3800048828125,171.27999877929688,173.1300048828125,50747300,AAPL,-0.0151549910212273,2.100006103515625,173.26800231933595,171.2370002746582,0.0083271933710794
2023-05-24,169.3181915283203,171.83999633789062,172.4199981689453,170.52000427246094,171.08999633789062,45143500,AAPL,0.0016320749783249,1.899993896484375,173.09600219726562,171.64100036621093,0.0075190316636128
2023-05-25,170.45135498046875,172.99000549316406,173.89999389648438,171.69000244140625,172.41000366210938,56058300,AAPL,0.0066923253013353,2.209991455078125,173.02000274658204,171.87000045776367,0.0078890731826374
2023-05-26,172.85552978515625,175.42999267578125,175.77000427246094,173.11000061035156,173.32000732421875,54835000,AAPL,0.0141047870116033,2.660003662109375,173.30600128173828,172.15750045776366,0.0087333344402673
2023-05-30,174.69810485839844,177.3000030517578,178.99000549316406,176.57000732421875,176.9600067138672,55964400,AAPL,0.0106595819075965,2.4199981689453125,173.8290008544922,172.54300079345705,0.0089923335607457
2023-05-31,174.6488037109375,177.25,179.35000610351562,176.75999450683594,177.3300018310547,99625300,AAPL,-0.0002820251037627,2.5900115966796875,174.3470001220703,172.9785011291504,0.0090033455629147
2023-06-01,177.44711303710938,180.08999633789062,180.1199951171875,176.92999267578125,177.6999969482422,68901800,AAPL,0.0160225463350669,3.19000244140625,175.08699951171874,173.61050109863282,0.0099060604138676
2023-06-02,178.29452514648438,180.9499969482422,181.77999877929688,179.25999450683594,181.02999877929688,61996900,AAPL,0.0047753935689909,2.520004272460937,175.6769989013672,174.36850128173828,0.0093503267530084
2023-06-05,176.94464111328125,179.5800018310547,184.9499969482422,178.0399932861328,182.6300048828125,121946500,AAPL,-0.0075711253953729,6.910003662109375,176.1189987182617,174.66900100708008,0.0099563367142144
2023-06-06,176.58006286621094,179.2100067138672,180.1199951171875,177.42999267578125,179.97000122070312,64848400,AAPL,-0.0020603358581964,2.69000244140625,176.61999969482423,174.95450134277343,0.0097057836777936
2023-06-07,175.21047973632812,177.82000732421875,181.2100067138672,177.32000732421875,178.44000244140625,61944600,AAPL,-0.0077562599049938,3.8899993896484375,177.24600067138672,175.25700149536132,0.0083678495464862
2023-06-08,177.9200897216797,180.57000732421875,180.83999633789065,177.4600067138672,177.89999389648438,50214900,AAPL,0.0154650764072117,3.379989624023466,178.11900177001954,175.60750198364258,0.009112628729417
2023-06-09,178.3043670654297,180.9600067138672,182.22999572753903,180.6300048828125,181.5,48900000,AAPL,0.0021598237460787,1.599990844726534,178.91600189208984,175.96800231933594,0.0091320777303631
2023-06-12,181.09283447265625,183.7899932861328,183.88999938964844,180.97000122070312,181.2700042724609,54274900,AAPL,0.0156387404247855,2.9199981689453125,179.752001953125,176.52900161743165,0.0093212966654402
2023-06-13,180.6198883056641,183.3099975585937,184.1499938964844,182.44000244140625,182.8000030517578,54929100,AAPL,-0.0026116532187463,1.7099914550781534,180.3530014038086,177.09100112915038,0.0093240829333358
2023-06-14,181.25051879882807,183.9499969482422,184.38999938964844,182.0200042724609,183.3699951171875,57462900,AAPL,0.0034913501618694,2.3699951171875284,181.0230010986328,177.68500061035155,0.0092354377550223
2023-06-15,183.2802581787109,186.009994506836,186.5200042724609,183.77999877929688,183.9600067138672,65433200,AAPL,0.0111986822113043,2.740005493164034,181.61500091552733,178.35100021362305,0.0086296129113838
2023-06-16,182.20623779296875,184.9199981689453,186.9900054931641,184.2700042724609,186.72999572753903,101256200,AAPL,-0.0058598804907259,2.720001220703182,182.01200103759768,178.84449996948243,0.0090680925984297
2023-06-20,182.29495239257807,185.009994506836,186.1000061035156,184.41000366210932,184.41000366210932,49799100,AAPL,0.000486677151102,1.69000244140625,182.55500030517575,179.33699951171874,0.0084385908211004
2023-06-21,181.26036071777344,183.9600067138672,185.41000366210932,182.58999633789065,184.8999938964844,49515700,AAPL,-0.0056753030870988,2.820007324218693,183.03000030517575,179.825,0.0087517964871974
2023-06-22,184.2557373046875,187.0,187.0500030517578,183.6699981689453,183.7400054931641,51245300,AAPL,0.0165252944943692,3.3800048828125,183.9479995727539,180.5970001220703,0.0089096622044373
2023-06-23,183.94039916992188,186.67999267578125,187.5599975585937,185.009994506836,185.5500030517578,53117000,AAPL,-0.0017112691134693,2.550003051757756,184.55899810791016,181.33899993896483,0.0083218065271158
2023-06-26,182.55113220214844,185.2700042724609,188.0500030517578,185.22999572753903,186.8300018310547,48088700,AAPL,-0.0075529701019924,2.8200073242187784,184.98999786376956,181.9529998779297,0.0090158706815573
2023-06-27,185.3001708984375,188.0599975585937,188.38999938964844,185.6699981689453,185.88999938964844,50730800,AAPL,0.0150590663452989,2.720001220703125,185.41699829101563,182.58450012207032,0.0089226258836586
2023-06-28,186.4727325439453,189.25,189.8999938964844,187.6000061035156,187.92999267578125,51216800,AAPL,0.00632778079791,2.299987792968807,186.01099853515623,183.18199996948243,0.0088191764317913
2023-06-29,186.80772399902344,189.58999633789065,190.07000732421875,188.94000244140625,189.0800018310547,46347300,AAPL,0.0017965460390523,1.1300048828125,186.5749984741211,183.79899978637692,0.008829851661622
2023-06-30,191.1234893798828,193.97000122070312,194.47999572753903,191.259994506836,191.6300048828125,85213200,AAPL,0.0231025105090796,3.220001220703068,187.37099914550785,184.4930000305176,0.010661474195871
2023-07-03,189.63563537597656,192.4600067138672,193.8800048828125,191.759994506836,193.77999877929688,31458200,AAPL,-0.0077846806069657,2.120010375976534,188.125,185.06850051879883,0.0108794202295502
2023-07-05,188.5222320556641,191.3300018310547,192.97999572753903,190.6199951171875,191.57000732421875,46920300,AAPL,-0.005871375056598,2.360000610351534,188.7570007324219,185.65600051879883,0.011289344280124
2023-07-06,188.99513244628903,191.8099975585937,192.0200042724609,189.1999969482422,189.83999633789065,45094300,AAPL,0.002508732153585,2.8200073242187216,189.54199981689453,186.2860000610352,0.0108444872912297
2023-07-07,187.88172912597656,190.67999267578125,192.6699981689453,190.2400054931641,191.41000366210932,46815000,AAPL,-0.0058912720775531,2.4299926757812216,189.90999908447264,186.9289993286133,0.0103273556610567
2023-07-10,185.8421173095703,188.6100006103516,189.9900054931641,187.0399932861328,189.259994506836,59922200,AAPL,-0.0108558430089166,2.9500122070312784,190.10299987792968,187.33099899291992,0.0110704530011383
2023-07-11,185.31988525390625,188.0800018310547,189.3000030517578,186.6000061035156,189.16000366210932,46638100,AAPL,-0.0028100248002852,2.699996948242216,190.38399963378907,187.6869987487793,0.0107564575853867
2023-07-12,186.98507690429688,189.7700042724609,191.6999969482422,188.47000122070312,189.67999267578125,60750200,AAPL,0.0089855509621075,3.2299957275390625,190.55500030517575,187.9859992980957,0.0100582477462796
2023-07-13,187.74380493164065,190.5399932861328,191.19000244140625,189.77999877929688,190.5,41342300,AAPL,0.0040574853577302,1.410003662109375,190.68399963378903,188.34749908447264,0.0099484183148627
2023-07-14,187.8915863037109,190.69000244140625,191.17999267578125,189.6300048828125,190.22999572753903,41616200,AAPL,0.0007872843526774,1.54998779296875,190.79400024414065,188.68449935913085,0.0099414427367848
2023-07-17,191.1431579589844,193.9900054931641,194.32000732421875,191.8099975585937,191.8999938964844,50520200,AAPL,0.0173055902748326,2.5100097656250284,190.7960006713867,189.0834999084473,0.0085577038584778
2023-07-18,190.88699340820312,193.72999572753903,194.3300018310547,192.4199981689453,193.3500061035156,48288200,AAPL,-0.0013403255748359,1.910003662109375,190.9229995727539,189.52399978637692,0.008134937185047
2023-07-19,192.2368927001953,195.1000061035156,198.22999572753903,192.6499938964844,193.1000061035156,80507300,AAPL,0.0070717514385503,5.580001831054631,191.3,190.02850036621092,0.0080040276078955
2023-07-20,190.29579162597656,193.1300048828125,196.47000122070312,192.5,195.08999633789065,59581200,AAPL,-0.0100973918968401,3.970001220703125,191.43200073242187,190.4870002746582,0.0088588953849572
2023-07-21,189.12326049804688,191.94000244140625,194.97000122070312,191.22999572753903,194.1000061035156,71951700,AAPL,-0.0061616652582198,3.740005493164091,191.5580017089844,190.7340003967285,0.0088817042061414
2023-07-24,189.9213714599609,192.75,194.91000366210932,192.25,193.41000366210932,45377800,AAPL,0.004220055998181,2.6600036621093466,191.9720016479492,191.03750076293943,0.0079320774816999
2023-07-25,190.77859497070312,193.6199951171875,194.44000244140625,192.9199981689453,193.3300018310547,37283200,AAPL,0.0045135933446822,1.5200042724609375,192.5260009765625,191.4550003051758,0.0077540146277955
2023-07-26,191.64569091796875,194.5,195.63999938964844,193.32000732421875,193.6699981689453,47471900,AAPL,0.0045450103553605,2.3199920654296875,192.9990005493164,191.7770004272461,0.0074916742233721
2023-07-27,190.38446044921875,193.22000122070312,197.1999969482422,192.5500030517578,196.0200042724609,47460200,AAPL,-0.0065809705876446,4.649993896484375,193.26700134277343,191.97550048828128,0.0079835763404697
2023-07-28,192.95616149902344,195.8300018310547,196.6300048828125,194.13999938964844,194.6699981689453,48291400,AAPL,0.0135079215084483,2.4900054931640625,193.78100128173827,192.28750076293943,0.0088381330911508
2023-07-31,193.5670166015625,196.4499969482422,196.4900054931641,195.259994506836,196.0599975585937,38824100,AAPL,0.0031659863728255,1.230010986328125,194.0270004272461,192.4115005493164,0.0072254791547565
2023-08-01,192.7393951416016,195.6100006103516,196.72999572753903,195.27999877929688,196.2400054931641,35175100,AAPL,-0.0042758785998449,1.449996948242159,194.21500091552736,192.56900024414065,0.0074014539683709
2023-08-02,189.7538604736328,192.5800018310547,195.17999267578125,191.8500061035156,195.0399932861328,50389300,AAPL,-0.0154899993346073,3.3299865722656534,193.96300048828124,192.63150024414065,0.0086716079904745
2023-08-03,188.36453247070312,191.1699981689453,192.3699951171875,190.69000244140625,191.57000732421875,61235200,AAPL,-0.0073216515147109,1.67999267578125,193.76699981689453,192.5995002746582,0.0083975811787749
2023-08-04,179.31927490234375,181.9900054931641,187.3800048828125,181.9199981689453,185.5200042724609,115956800,AAPL,-0.0480200489810563,5.460006713867188,192.77200012207032,192.16500091552732,0.0171423090250721
2023-08-07,176.22535705566406,178.85000610351562,183.1300048828125,177.35000610351562,182.1300048828125,97576100,AAPL,-0.0172536913834338,5.779998779296875,191.3820007324219,191.67700119018556,0.0171797832099767
2023-08-08,177.1614227294922,179.8000030517578,180.2700042724609,177.5800018310547,179.69000244140625,67823000,AAPL,0.005311696482092,2.6900024414062216,190.0000015258789,191.26300125122071,0.0172426094986394
2023-08-09,175.5750274658203,178.19000244140625,180.92999267578125,177.00999450683594,180.8699951171875,60378500,AAPL,-0.0089543970134867,3.919998168945313,188.36900177001957,190.684001159668,0.0167383994357984
2023-08-10,175.35829162597656,177.97000122070312,180.75,177.60000610351562,179.47999572753906,54686900,AAPL,-0.0012346440186814,3.149993896484375,186.84400177001956,190.05550155639648,0.0168943931526416
2023-08-11,175.41746520996094,177.7899932861328,178.6199951171875,176.5500030517578,177.32000732421875,52036700,AAPL,-0.001011450993626,2.0699920654296875,185.04000091552732,189.4105010986328,0.0153923240430818
2023-08-14,177.065185546875,179.4600067138672,179.69000244140625,177.30999755859375,177.97000122070312,43675600,AAPL,0.0093931801046118,2.3800048828125,183.34100189208985,188.684001159668,0.0160729749709172
2023-08-15,175.08200073242188,177.4499969482422,179.47999572753906,177.0500030517578,178.8800048828125,43622600,AAPL,-0.0112003214667755,2.42999267578125,181.5250015258789,187.87000122070316,0.0160013093455405
2023-08-16,174.2137451171875,176.57000732421875,178.5399932861328,176.5,177.1300048828125,46964900,AAPL,-0.0049590850332903,2.0399932861328125,179.92400207519532,186.9435012817383,0.0159153054494483
2023-08-17,171.67803955078125,174.0,177.50999450683594,173.47999572753906,177.13999938964844,66062900,AAPL,-0.0145551748179955,4.029998779296875,178.20700225830078,185.98700103759765,0.0160185812386422
2023-08-18,172.16151428222656,174.49000549316406,175.10000610351562,171.9600067138672,172.3000030517578,61172200,AAPL,0.0028161235239314,3.139999389648437,177.45700225830078,185.11450119018556,0.0087764469173995
2023-08-21,173.49349975585938,175.83999633789062,176.1300048828125,173.74000549316406,175.07000732421875,46311900,AAPL,0.0077367803440149,2.389999389648437,177.15600128173827,184.26900100708008,0.0081725093202006
2023-08-22,174.86492919921875,177.22999572753906,177.67999267578125,176.25,177.05999755859375,42038900,AAPL,0.0079049102513482,1.42999267578125,176.8990005493164,183.44950103759768,0.0084547775603392
2023-08-23,178.70301818847656,181.1199951171875,181.5500030517578,178.3300018310547,178.52000427246094,52722800,AAPL,0.0219488770717382,3.220001220703125,177.19199981689454,182.78050079345704,0.0107307726481152
2023-08-24,174.02627563476562,176.3800048828125,181.1000061035156,176.00999450683594,180.6699981689453,54945800,AAPL,-0.0261704414871928,5.090011596679659,177.03300018310546,181.9385009765625,0.0139104810521095
2023-08-25,176.2265167236328,178.61000061035156,179.14999389648438,175.82000732421875,177.3800048828125,51449600,AAPL,0.0126431322474487,3.329986572265625,177.11500091552733,181.0775009155273,0.0145442065214418
2023-08-28,177.78543090820312,180.19000244140625,180.58999633789065,178.5500030517578,180.08999633789062,43820700,AAPL,0.0088460994661858,2.039993286132841,177.18800048828126,180.26450119018557,0.0145082556434479
2023-08-29,181.6629943847656,184.1199951171875,184.8999938964844,179.5,179.6999969482422,53003900,AAPL,0.0218102703953244,5.399993896484403,177.8550003051758,179.69000091552735,0.015284682081459
2023-08-30,185.1458740234375,187.6499938964844,187.8500061035156,184.7400054931641,184.94000244140625,60813900,AAPL,0.0191722728270231,3.1100006103515057,178.96299896240234,179.44350051879883,0.0156483679978611
2023-08-31,185.3629302978516,187.8699951171875,189.1199951171875,187.47999572753903,187.83999633789065,60794500,AAPL,0.0011724019603456,1.639999389648466,180.3499984741211,179.27850036621095,0.0140361667396829
2023-09-01,186.9317169189453,189.4600067138672,189.9199981689453,188.27999877929688,189.4900054931641,45766500,AAPL,0.0084633610369122,1.6399993896484375,181.8469985961914,179.6520004272461,0.0139270828745818
2023-09-05,187.16851806640625,189.6999969482422,189.97999572753903,187.6100006103516,188.27999877929688,45280000,AAPL,0.0012667065653462,2.369995117187443,183.23299865722657,180.1944999694824,0.0141079936221933
2023-09-06,180.4691467285156,182.91000366210932,188.8500061035156,181.47000122070312,188.3999938964844,81755800,AAPL,-0.0357933231173716,7.380004882812472,183.8009994506836,180.35,0.0196991152739746
2023-09-07,175.1905517578125,177.55999755859375,178.2100067138672,173.5399932861328,175.17999267578125,112488800,AAPL,-0.0292493903909087,4.670013427734375,183.44499969482425,180.31849975585936,0.0209383537336282
2023-09-08,175.80224609375,178.17999267578125,180.2400054931641,177.7899932861328,178.35000610351562,65551300,AAPL,0.0034917499758519,2.4500122070312784,183.6249984741211,180.3289993286133,0.0191220521313346
2023-09-11,176.96649169921875,179.36000061035156,180.3000030517578,177.33999633789062,180.07000732421875,58953100,AAPL,0.0066225613597228,2.9600067138671875,183.6999984741211,180.40749969482425,0.0188134032546927
2023-09-12,173.9473419189453,176.3000030517578,180.1300048828125,174.82000732421875,179.49000549316406,90370200,AAPL,-0.0170606464550666,5.30999755859375,183.31099853515624,180.24949951171877,0.0193254563798942
2023-09-13,171.88523864746094,174.2100067138672,177.3000030517578,173.97999572753906,176.50999450683594,84267900,AAPL,-0.0118547719892951,3.32000732421875,182.31999969482425,180.0875,0.0175670555023248
2023-09-14,173.3948211669922,175.74000549316406,176.10000610351562,173.5800018310547,174.0,60895800,AAPL,0.0087824965290876,2.520004272460937,181.12900085449215,180.04599990844727,0.0162085185664394
2023-09-15,172.67454528808594,175.00999450683594,176.5,173.82000732421875,176.47999572753906,109259500,AAPL,-0.0041539260470577,2.67999267578125,179.84300079345704,180.09649963378905,0.0160178443706968
2023-09-18,175.59507751464844,177.97000122070312,179.3800048828125,176.1699981689453,176.47999572753906,67257600,AAPL,0.0169133581325355,3.2100067138671875,178.69400024414062,180.270499420166,0.0171070645603883
2023-09-19,176.68040466308594,179.07000732421875,179.6300048828125,177.1300048828125,177.52000427246094,51826900,AAPL,0.0061808512444267,2.5,177.6310012817383,180.43199996948243,0.0174101999541792
2023-09-20,173.1481475830078,175.49000549316406,179.6999969482422,175.39999389648438,179.25999450683594,58436200,AAPL,-0.0199921912359831,4.3000030517578125,176.88900146484374,180.3450004577637,0.0149032021504201
2023-09-21,171.6089630126953,173.92999267578125,176.3000030517578,173.86000061035156,174.5500030517578,63149100,AAPL,-0.0088894681665707,2.44000244140625,176.5260009765625,179.98550033569336,0.0122255384500257
2023-09-22,172.45748901367188,174.7899932861328,177.0800018310547,174.0500030517578,174.6699981689453,56725400,AAPL,0.0049445216268977,3.029998779296875,176.18700103759767,179.90599975585937,0.012306360125147
2023-09-25,173.7302703857422,176.0800018310547,176.97000122070312,174.14999389648438,174.1999969482422,46172700,AAPL,0.0073803340836,2.82000732421875,175.85900115966797,179.77949981689454,0.0123665181418978
2023-09-26,169.66526794433594,171.9600067138672,175.1999969482422,171.66000366210938,174.82000732421875,64588900,AAPL,-0.0233984272736466,3.5399932861328125,175.4250015258789,179.36800003051758,0.0133594848473062
2023-09-27,168.15565490722656,170.42999267578125,173.0399932861328,169.0500030517578,172.6199951171875,66921800,AAPL,-0.008897499292564,3.989990234375,175.0470001220703,178.68349990844726,0.013158370147602
2023-09-28,168.41220092773438,170.69000244140625,172.02999877929688,167.6199951171875,169.33999633789062,56294400,AAPL,0.001525610378448,4.410003662109375,174.54199981689453,177.83550033569335,0.0126822089631786
2023-09-29,168.92527770996094,171.2100067138672,173.07000732421875,170.33999633789062,172.02000427246094,51861100,AAPL,0.0030464834789574,2.730010986328125,174.16200103759766,177.00250091552735,0.012803066288901
2023-10-02,171.431396484375,173.75,174.3000030517578,170.92999267578125,171.22000122070312,52164500,AAPL,0.0148355422377719,3.3700103759765625,173.74000091552733,176.21700057983398,0.0124724681549995
2023-10-03,170.09939575195312,172.39999389648438,173.6300048828125,170.82000732421875,172.25999450683594,49594600,AAPL,-0.0077698193008093,2.80999755859375,173.0729995727539,175.35200042724608,0.0121922418328856
2023-10-04,171.3425750732422,173.66000366210938,174.2100067138672,170.97000122070312,171.08999633789062,53020300,AAPL,0.0073086415906811,3.2400054931640625,172.88999938964844,174.8895004272461,0.011156719244042
2023-10-05,172.57589721679688,174.91000366210938,175.4499969482422,172.67999267578125,173.7899932861328,48527900,AAPL,0.0071979728989994,2.770004272460937,172.98800048828124,174.7570007324219,0.0110506786607781
2023-10-06,175.1214599609375,177.49000549316406,177.99000549316406,173.17999267578125,173.8000030517578,57266700,AAPL,0.0147504532447368,4.8100128173828125,173.25800170898438,174.722501373291,0.0118811817923622
2023-10-09,176.6014404296875,178.99000549316406,179.0500030517578,175.8000030517578,176.80999755859375,42390800,AAPL,0.0084511800866318,3.25,173.54900207519532,174.70400161743163,0.0119437500969222
2023-10-10,176.0094451904297,178.38999938964844,179.72000122070312,177.9499969482422,178.10000610351562,43698000,AAPL,-0.0033521765746777,1.7700042724609375,174.19200134277344,174.80850143432616,0.0084267148023505
2023-10-11,177.40065002441406,179.8000030517578,179.85000610351562,177.60000610351562,178.1999969482422,47551100,AAPL,0.0079040510506958,2.25,175.1290023803711,175.0880012512207,0.0072227238058272
2023-10-12,178.2985076904297,180.7100067138672,182.33999633789065,179.0399932861328,180.07000732421875,56743100,AAPL,0.0050611993696541,3.300003051757841,176.1310028076172,175.33650131225585,0.0070980096869035
2023-10-13,176.4633331298828,178.85000610351562,181.92999267578125,178.13999938964844,181.4199981689453,51427100,AAPL,-0.0102927372101571,3.789993286132813,176.89500274658204,175.52850189208985,0.0087275125110744
2023-10-16,176.3350372314453,178.72000122070312,179.0800018310547,176.50999450683594,176.75,52517000,AAPL,-0.0007268933652552,2.57000732421875,177.39200286865236,175.56600189208984,0.0080206979179489
2023-10-17,174.7860107421875,177.14999389648438,178.4199981689453,174.8000030517578,176.64999389648438,57549400,AAPL,-0.0087847320585005,3.6199951171875,177.86700286865235,175.47000122070312,0.0081749906458455
2023-10-18,173.49349975585938,175.83999633789062,177.5800018310547,175.11000061035156,175.5800018310547,54764400,AAPL,-0.0073948495835638,2.470001220703125,178.08500213623046,175.48750076293945,0.0085767231154026
2023-10-19,173.11856079101562,175.4600067138672,177.83999633789062,175.19000244140625,176.0399932861328,59302900,AAPL,-0.0021609965419543,2.649993896484375,178.14000244140624,175.56400146484376,0.0083674358657613
2023-10-20,170.572998046875,172.8800048828125,175.4199981689453,172.63999938964844,175.30999755859375,64244000,AAPL,-0.0147042159599483,2.779998779296875,177.6790023803711,175.4685020446777,0.0079046850426841
2023-10-23,170.69137573242188,173.0,174.00999450683594,169.92999267578125,170.91000366210938,55980100,AAPL,0.0006940948276166,4.080001831054688,177.0800018310547,175.314501953125,0.0070321593641793
2023-10-24,171.12551879882812,173.44000244140625,173.6699981689453,171.4499969482422,173.0500030517578,43816600,AAPL,0.0025433667133309,2.220001220703125,176.58500213623046,175.38850173950195,0.0072772151583963
2023-10-25,168.81674194335938,171.10000610351562,173.05999755859375,170.64999389648438,171.8800048828125,57157000,AAPL,-0.0134916761124997,2.410003662109375,175.71500244140626,175.42200241088867,0.0069215445489548
2023-10-26,164.66290283203125,166.88999938964844,171.3800048828125,165.6699981689453,170.3699951171875,70625300,AAPL,-0.0246055322249382,5.710006713867188,174.33300170898437,175.23200225830078,0.008371336952262
2023-10-27,165.97518920898438,168.22000122070312,168.9600067138672,166.8300018310547,166.91000366210938,58499100,AAPL,0.0079693321104845,2.1300048828125,173.27000122070314,175.08250198364257,0.0096792835880257
2023-10-30,168.0175323486328,170.2899932861328,171.1699981689453,168.8699951171875,169.02000427246094,51131000,AAPL,0.0123052672120353,2.3000030517578125,172.4270004272461,174.9095016479492,0.0112309885515903
2023-10-31,168.4911651611328,170.77000427246094,170.89999389648438,167.89999389648438,169.35000610351562,44846000,AAPL,0.0028187856318813,3.0,171.78900146484375,174.82800216674804,0.0113678923164442
2023-11-01,171.6484375,173.97000122070312,174.22999572753906,170.1199951171875,171.0,56934900,AAPL,0.0187386359909942,4.1100006103515625,171.602001953125,174.8435020446777,0.0132477115804918
2023-11-02,175.20040893554688,177.57000732421875,177.77999877929688,175.4600067138672,175.52000427246094,77334800,AAPL,0.020693257908003,2.3199920654296875,171.81300201416016,174.9765022277832,0.0148923739891744
2023-11-03,174.2926483154297,176.64999389648438,176.82000732421875,173.35000610351562,174.24000549316406,79829200,AAPL,-0.0051811307641304,3.470001220703125,172.19000091552735,174.93450164794922,0.0140353526561649
2023-11-06,176.83827209472656,179.22999572753906,179.42999267578125,176.2100067138672,176.3800048828125,63841300,AAPL,0.0146051622994483,3.2199859619140625,172.81300048828126,174.94650115966795,0.0145443418983299
2023-11-07,179.3936767578125,181.82000732421875,182.44000244140625,178.97000122070312,179.17999267578125,70530000,AAPL,0.0144507708442784,3.470001220703125,173.6510009765625,175.11800155639648,0.0149270197096784
2023-11-08,180.44940185546875,182.88999938964844,183.4499969482422,181.58999633789065,182.3500061035156,49340300,AAPL,0.0058848972738281,1.860000610351534,174.8300003051758,175.27250137329102,0.0134710222181261
2023-11-09,179.975830078125,182.41000366210932,184.1199951171875,181.8099975585937,182.9600067138672,53763500,AAPL,-0.0026245050529879,2.3099975585937784,176.3820007324219,175.3575012207031,0.0087484758165674
2023-11-10,184.1548614501953,186.3999938964844,186.57000732421875,183.52999877929688,183.97000122070312,66133400,AAPL,0.0218737468026479,3.040008544921875,178.2,175.73500061035156,0.0096327246130862
2023-11-13,182.5741271972656,184.8000030517578,186.02999877929688,184.2100067138672,185.82000732421875,43627500,AAPL,-0.0085836421519152,1.8199920654296875,179.6510009765625,176.03900070190429,0.011286179461767
2023-11-14,185.1823272705078,187.44000244140625,188.1100006103516,186.3000030517578,187.6999969482422,60108400,AAPL,0.0142857107470342,1.8099975585937784,181.31800079345703,176.5535011291504,0.0112535412304825
2023-11-15,185.74546813964844,188.009994506836,189.5,187.77999877929688,187.8500061035156,53790500,AAPL,0.0030409307405332,1.720001220703125,182.7220001220703,177.16200103759766,0.0108975747013747
2023-11-16,187.42495727539065,189.7100067138672,190.9600067138672,188.6499938964844,189.57000732421875,54412900,AAPL,0.0090421374219518,2.310012817382784,183.93600006103517,177.87450103759767,0.0099531322093865
2023-11-17,187.4052276611328,189.69000244140625,190.3800048828125,188.57000732421875,190.25,50922700,AAPL,-0.0001054465855937,1.80999755859375,185.24000091552733,178.71500091552736,0.0093948519227233
2023-11-20,189.1440277099609,191.4499969482422,191.91000366210932,189.8800048828125,189.88999938964844,46505100,AAPL,0.0092782670893769,2.0299987792968466,186.46200103759764,179.63750076293945,0.0090730101309722
2023-11-21,188.34378051757807,190.63999938964844,191.5200042724609,189.7400054931641,191.41000366210932,38134500,AAPL,-0.0042308569940209,1.7799987792968182,187.34400024414063,180.49750061035155,0.0092115656913331
2023-11-22,189.00572204589844,191.3099975585937,192.92999267578125,190.8300018310547,191.4900054931641,39617700,AAPL,0.0035144679557823,2.0999908447265625,188.18600006103517,181.50800018310548,0.0092106483962124
2023-11-24,187.681869506836,189.97000122070312,190.8999938964844,189.25,190.8699951171875,24048300,AAPL,-0.0070043194552871,1.6499938964844034,188.9419998168945,182.6620002746582,0.0096817516934625
2023-11-27,187.5040283203125,189.7899932861328,190.6699981689453,188.8999938964844,189.9199981689453,40552600,AAPL,-0.0009475597905649,1.770004272460909,189.28099975585937,183.7404998779297,0.0074656549645422
2023-11-28,188.10665893554688,190.3999938964844,191.0800018310547,189.3999938964844,189.77999877929688,38415400,AAPL,0.0032140820482138,1.680007934570284,189.840998840332,184.7459999084473,0.0065081271959209
2023-11-29,187.08908081054688,189.3699951171875,192.08999633789065,188.97000122070312,190.8999938964844,43014200,AAPL,-0.0054096576277039,3.1199951171875284,190.03399810791012,185.6759994506836,0.0056382633667786
2023-11-30,187.662109375,189.9499969482422,190.32000732421875,188.19000244140625,189.83999633789065,48794400,AAPL,0.0030627968844576,2.1300048828125,190.2279983520508,186.47499923706056,0.0056391300996091
2023-12-01,188.93655395507807,191.2400054931641,191.5599975585937,189.22999572753903,190.3300018310547,45704800,AAPL,0.0067913059523418,2.3300018310546875,190.3809982299805,187.15849914550785,0.0053202031014836
2023-12-04,187.1483612060547,189.42999267578125,190.0500030517578,187.4499969482422,189.97999572753903,43389500,AAPL,-0.0094646139165036,2.600006103515625,190.354997253418,187.79749908447263,0.0062434798969693
2023-12-05,191.0902862548828,193.4199981689453,194.3999938964844,190.17999267578125,190.2100067138672,66628400,AAPL,0.0210632193814901,4.220001220703153,190.55199737548827,188.50699920654296,0.0088023544776513
2023-12-06,190.0035552978516,192.32000732421875,194.759994506836,192.1100006103516,194.4499969482422,41089700,AAPL,-0.0056870585003612,2.649993896484375,190.71999816894527,189.03199920654296,0.0089109628761499
2023-12-07,191.9300537109375,194.2700042724609,195.0,193.58999633789065,193.6300048828125,47477700,AAPL,0.0101393348272642,1.4100036621093466,191.01599884033203,189.6009994506836,0.0093607486572663
2023-12-08,193.35272216796875,195.7100067138672,195.9900054931641,193.6699981689453,194.1999969482422,53406400,AAPL,0.0074123766394049,2.3200073242187784,191.58999938964843,190.2659996032715,0.0089955356762801
2023-12-11,190.85317993164065,193.17999267578125,193.4900054931641,191.4199981689453,193.1100006103516,60943700,AAPL,-0.012927361664163,2.0700073242187784,191.9289993286133,190.60499954223636,0.0102872113339541
2023-12-12,192.36476135253903,194.7100067138672,194.72000122070312,191.72000122070312,193.0800018310547,52696900,AAPL,0.007920147510585,3.0,192.3600006103516,191.1004997253418,0.0104642212171137
2023-12-13,195.5756225585937,197.9600067138672,198.0,194.8500061035156,195.08999633789065,70404200,AAPL,0.0166914893325229,3.1499938964844034,193.21900177001956,191.62649993896488,0.0109786118592136
2023-12-14,195.72381591796875,198.1100006103516,199.6199951171875,196.16000366210932,198.0200042724609,66831600,AAPL,0.0007576979763452,3.4599914550781534,194.03500213623047,192.13150024414065,0.0110361926968355
2023-12-15,195.1903381347656,197.57000732421875,198.3999938964844,197.0,197.52999877929688,128538400,AAPL,-0.0027257245190509,1.3999938964844034,194.66800231933595,192.5245002746582,0.0112036558698362
2023-12-18,193.53054809570312,195.88999938964844,196.6300048828125,194.38999938964844,196.08999633789065,55751900,AAPL,-0.0085033551262331,2.2400054931640625,195.31400299072263,192.83450012207032,0.0110852958415417
2023-12-19,194.56790161132807,196.94000244140625,196.9499969482422,195.88999938964844,196.16000366210932,40714100,AAPL,0.0053601667008493,1.05999755859375,195.66600341796877,193.1090003967285,0.0092711649394719
2023-12-20,192.4833374023437,194.8300018310547,197.67999267578125,194.8300018310547,196.8999938964844,52242800,AAPL,-0.0107139259885981,2.8499908447265625,195.91700286865236,193.31850051879883,0.0098434745346446
2023-12-21,192.3351287841797,194.67999267578125,197.0800018310547,193.5,196.1000061035156,46482500,AAPL,-0.0007699489496669,3.5800018310546875,195.9580017089844,193.4870002746582,0.0093523135930383
2023-12-22,191.2681427001953,193.6000061035156,195.41000366210932,192.97000122070312,195.17999267578125,37149600,AAPL,-0.0055474964706017,2.4400024414062216,195.7470016479492,193.6685005187988,0.0091451958816165
2023-12-26,190.72476196289065,193.0500030517578,193.88999938964844,192.8300018310547,193.6100006103516,28919300,AAPL,-0.0028409247645565,1.05999755859375,195.73400268554687,193.83150100708008,0.0081961335166317
2023-12-27,190.82357788085932,193.1499938964844,193.5,191.08999633789065,192.4900054931641,48087700,AAPL,0.0005179530854488,2.4100036621093466,195.5780014038086,193.96900100708007,0.0077179386641262
2023-12-28,191.2483673095703,193.5800018310547,194.66000366210932,193.1699981689453,194.13999938964844,34049900,AAPL,0.002226290179438,1.490005493164034,195.1400009155273,194.17950134277345,0.0049332754244041
2023-12-29,190.2110137939453,192.52999877929688,194.3999938964844,191.72999572753903,193.8999938964844,42672100,AAPL,-0.0054241297749041,2.6699981689453693,194.58200073242188,194.30850143432616,0.0049053776749928
2024-01-02,183.40399169921875,185.63999938964844,188.44000244140625,183.88999938964844,187.1499938964844,82488700,AAPL,-0.0357866277116983,4.5500030517578125,193.38899993896484,194.0285011291504,0.0115112986515327
2024-01-03,182.0307464599609,184.25,185.8800048828125,183.42999267578125,184.22000122070312,58414500,AAPL,-0.0074876071655812,2.45001220703125,192.225,193.7695014953613,0.0114926742418233
2024-01-04,179.7189483642578,181.91000366210932,183.08999633789065,180.8800048828125,182.1499938964844,71983600,AAPL,-0.0127001158094471,2.2099914550781534,190.7220001220703,193.19400177001955,0.0109049973791926
2024-01-05,178.9977264404297,181.17999267578125,182.759994506836,180.1699981689453,181.9900054931641,62379700,AAPL,-0.0040130337619258,2.5899963378906534,189.35699920654295,192.63700103759768,0.0109155155229872
2024-01-08,183.3249664306641,185.5599975585937,185.6000061035156,181.5,182.08999633789065,59144500,AAPL,0.0241748816639506,4.100006103515597,188.44499969482425,192.2015007019043,0.0147282028293704
2024-01-09,182.91001892089844,185.13999938964844,185.1499938964844,182.72999572753903,183.9199981689453,42841800,AAPL,-0.0022634090023236,2.4199981689453693,187.5989990234375,191.67300033569336,0.0147435166312028
2024-01-10,183.9473876953125,186.19000244140625,186.3999938964844,183.9199981689453,184.3500061035156,46792900,AAPL,0.0056714003198625,2.479995727539091,186.9129989624024,191.3235008239746,0.0150827767852759
2024-01-11,183.3546142578125,185.58999633789065,187.0500030517578,183.6199951171875,186.5399932861328,49128400,AAPL,-0.0032225473744457,3.4300079345703125,186.15699920654296,190.86750030517575,0.0150180711901404
2024-01-12,183.68063354492188,185.9199981689453,186.7400054931641,185.19000244140625,186.0599975585937,40477800,AAPL,0.001778122946098,1.550003051757841,185.39099884033203,190.2654998779297,0.0149984718438141
2024-01-16,181.418212890625,183.6300048828125,184.259994506836,180.92999267578125,182.16000366210932,65603000,AAPL,-0.0123170896551532,3.330001831054716,184.5009994506836,189.54150009155276,0.0152314882537096
2024-01-17,180.4796600341797,182.67999267578125,182.92999267578125,180.3000030517578,181.2700042724609,47317400,AAPL,-0.0051735129432551,2.629989624023437,184.2049987792969,188.7969993591309,0.0106614962007052
2024-01-18,186.3579864501953,188.6300048828125,189.13999938964844,185.8300018310547,186.08999633789065,78005800,AAPL,0.0325706834113534,3.30999755859375,184.6429992675781,188.43399963378903,0.01487701660447
2024-01-19,189.25271606445312,191.5599975585937,191.9499969482422,188.82000732421875,189.3300018310547,68903000,AAPL,0.0155330148965511,3.129989624023437,185.60799865722657,188.16499938964844,0.0143520363733402
2024-01-22,191.5546112060547,193.88999938964844,195.3300018310547,192.259994506836,192.3000030517578,60133900,AAPL,0.0121633005885899,3.0700073242187216,186.87899932861328,188.1179992675781,0.0140983822503216
2024-01-23,192.8291015625,195.17999267578125,195.75,193.8300018310547,195.0200042724609,42355600,AAPL,0.0066532223951396,1.9199981689453125,187.840998840332,188.1429992675781,0.0127345528871249
2024-01-24,192.1573028564453,194.5,196.3800048828125,194.33999633789065,195.4199981689453,53631300,AAPL,-0.0034839261261312,2.0400085449218466,188.7769989013672,188.18799896240236,0.0128189553329803
2024-01-25,191.8312530517578,194.1699981689453,196.2700042724609,193.1100006103516,195.22000122070312,54822100,AAPL,-0.0016966675118492,3.160003662109318,189.5749984741211,188.2439987182617,0.0129878178992686
2024-01-26,190.102294921875,192.4199981689453,194.759994506836,191.94000244140625,194.2700042724609,44594000,AAPL,-0.0090127208966512,2.819992065429716,190.25799865722652,188.2074989318848,0.0134792501132313
2024-01-29,189.420639038086,191.72999572753903,192.1999969482422,189.5800018310547,192.009994506836,47145600,AAPL,-0.0035859185530209,2.6199951171875,190.83899841308596,188.114998626709,0.013669677853977
2024-01-30,185.77511596679688,188.0399932861328,191.8000030517578,187.47000122070312,190.94000244140625,55859400,AAPL,-0.0192458275889703,4.330001831054688,191.279997253418,187.8904983520508,0.0146798831369568
2024-01-31,182.178939819336,184.3999938964844,187.1000061035156,184.3500061035156,187.0399932861328,55467800,AAPL,-0.0193575809381655,2.75,191.45199737548828,187.82849807739257,0.0161157388621325
2024-02-01,184.6092834472656,186.8600006103516,186.9499969482422,183.82000732421875,183.9900054931641,64885400,AAPL,0.0133406008421461,3.129989624023437,191.27499694824215,187.95899810791016,0.0127284618189582
2024-02-02,183.6114959716797,185.8500061035156,187.3300018310547,179.25,179.86000061035156,102551700,AAPL,-0.0054050867148506,8.080001831054688,190.7039978027344,188.15599822998047,0.0113813822702605
2024-02-05,185.41944885253903,187.67999267578125,189.25,185.83999633789065,188.1499938964844,69668800,AAPL,0.0098465779508576,3.4100036621093466,190.08299713134767,188.4809982299805,0.0110582602547065
2024-02-06,187.01991271972656,189.3000030517578,189.3099975585937,186.7700042724609,186.8600006103516,43490800,AAPL,0.0086317691773099,2.5399932861328125,189.4949981689453,188.66799850463863,0.0112697162596865
2024-02-07,187.1286163330078,189.41000366210932,191.0500030517578,188.6100006103516,190.63999938964844,53439000,AAPL,0.0005810914346444,2.4400024414062216,188.98599853515623,188.88149871826167,0.0113233816801924
2024-02-08,186.0517425537109,188.32000732421875,189.5399932861328,187.3500061035156,189.38999938964844,40962000,AAPL,-0.0057546925548612,2.189987182617216,188.4009994506836,188.98799896240237,0.011360448834439
2024-02-09,186.8134307861328,188.8500061035156,189.9900054931641,188.0,188.6499938964844,45155200,AAPL,0.0028143519471321,1.990005493164091,188.04400024414065,189.1509994506836,0.0112798429001164
2024-02-12,185.1317596435547,187.1499938964844,188.6699981689453,186.7899932861328,188.4199981689453,41781900,AAPL,-0.0090019176705736,1.8800048828125,187.58600006103515,189.2124992370605,0.0115022345066392
2024-02-13,183.0445098876953,185.0399932861328,186.2100067138672,183.509994506836,185.7700042724609,56529500,AAPL,-0.0112743824694895,2.7000122070312216,187.2860000610352,189.28299865722656,0.0104276057739123
2024-02-14,182.1641082763672,184.1499938964844,185.52999877929688,182.44000244140625,185.32000732421875,54630500,AAPL,-0.0048097677363843,3.089996337890625,187.2610000610352,189.3564987182617,0.0085061909325208
2024-02-15,181.8772125244141,183.8600006103516,184.4900054931641,181.3500061035156,183.5500030517578,65434500,AAPL,-0.0015747667431138,3.1399993896484943,186.96100006103515,189.11799850463868,0.0070740691543646
2024-02-16,180.3439483642578,182.3099975585937,184.8500061035156,181.6699981689453,183.4199981689453,49752500,AAPL,-0.0084303439933232,3.180007934570284,186.60699920654295,188.65549850463867,0.0073156905969889
2024-02-20,179.60205078125,181.5599975585937,182.42999267578125,180.0,181.7899932861328,53665600,AAPL,-0.004113872031395,2.42999267578125,185.99499969482423,188.03899841308595,0.0060477877769848
2024-02-21,180.3538360595703,182.32000732421875,182.88999938964844,180.66000366210932,181.94000244140625,41371400,AAPL,0.0041859978841416,2.229995727539091,185.2970001220703,187.3959991455078,0.0051740612031921
2024-02-22,182.38172912597656,184.3699951171875,184.9600067138672,182.4600067138672,183.47999572753903,52292200,AAPL,0.0112438992464676,2.5,184.79299926757807,186.8894989013672,0.0069551561205
2024-02-23,180.5516815185547,182.5200042724609,185.0399932861328,182.22999572753903,185.009994506836,45119700,AAPL,-0.0100341210268554,2.8099975585937784,184.21299896240237,186.30699920654297,0.0072895519469335
2024-02-26,179.20639038085938,181.16000366210932,182.759994506836,180.6499938964844,182.2400054931641,40867400,AAPL,-0.0074512413900746,2.1100006103515625,183.44399871826167,185.7439994812012,0.0070841296401442
2024-02-27,180.66049194335932,182.6300048828125,183.9199981689453,179.55999755859375,181.1000061035156,54318900,AAPL,0.0081143806082324,4.3600006103515625,182.9919998168945,185.28899993896485,0.0078061327643861
2024-02-28,179.4635467529297,181.4199981689453,183.1199951171875,180.1300048828125,182.509994506836,48953900,AAPL,-0.006625454095802,2.989990234375,182.63000030517577,184.95800018310547,0.007344642905791
2024-02-29,178.80078125,180.75,182.57000732421875,179.52999877929688,181.2700042724609,136682600,AAPL,-0.0036930778067882,3.040008544921875,182.29000091552732,184.77550048828124,0.0073047040531252
2024-03-01,177.7225341796875,179.66000366210938,180.52999877929688,177.3800048828125,179.5500030517578,73563100,AAPL,-0.0060304085083852,3.149993896484375,181.87000122070316,184.41550064086917,0.0074218242957552
2024-03-04,173.21170043945312,175.10000610351562,176.89999389648438,173.7899932861328,176.14999389648438,81510100,AAPL,-0.0253812616366736,3.1100006103515625,181.1490020751953,183.87800064086915,0.0103427021845695
2024-03-05,168.28541564941406,170.1199951171875,172.0399932861328,169.6199951171875,170.75999450683594,95132400,AAPL,-0.028440952671264,2.4199981689453125,180.0050018310547,183.00000076293944,0.0129183556046333
2024-03-06,167.2961883544922,169.1199951171875,171.24000549316406,168.67999267578125,171.05999755859375,68587700,AAPL,-0.0058782037896906,2.5600128173828125,178.68500061035155,181.99100036621093,0.0123819285354517
2024-03-07,167.177490234375,169.0,170.72999572753906,168.49000549316406,169.14999389648438,71765100,AAPL,-0.0007095264939214,2.239990234375,177.14800109863282,180.97050018310543,0.010864143833914
2024-03-08,168.88880920410156,170.72999572753906,173.6999969482422,168.94000244140625,169.0,76267000,AAPL,0.0102366611096986,4.7599945068359375,175.96900024414063,180.09099960327148,0.0123579292105755
2024-03-11,170.88705444335938,172.75,174.3800048828125,172.0500030517578,172.94000244140625,60139500,AAPL,0.0118315722076429,2.3300018310546875,175.12799987792968,179.2859992980957,0.0136452589759595
2024-03-12,171.36187744140625,173.22999572753906,174.02999877929688,171.00999450683594,173.14999389648438,59825400,AAPL,0.0027785570335112,3.020004272460937,174.18799896240233,178.58999938964843,0.0131869606676578
2024-03-13,169.2845458984375,171.1300048828125,173.19000244140625,170.75999450683594,172.77000427246094,52488700,AAPL,-0.0121225590054824,2.4300079345703125,173.15899963378905,177.8944999694824,0.0133667419673852
2024-03-14,171.1343536376953,173.0,174.30999755859375,172.0500030517578,172.91000366210938,72913500,AAPL,0.0109273363164341,2.259994506835937,172.38399963378907,177.3370002746582,0.0143770247895339
2024-03-15,170.75843811035156,172.6199951171875,172.6199951171875,170.2899932861328,171.1699981689453,121752700,AAPL,-0.0021965600162572,2.3300018310546875,171.67999877929688,176.775,0.0143762455692144
2024-03-18,171.8466033935547,173.72000122070312,177.7100067138672,173.52000427246094,175.57000732421875,75604200,AAPL,0.0063724141735079,4.19000244140625,171.54199829101563,176.34550018310546,0.0124857698787181
2024-03-19,174.18113708496094,176.0800018310547,176.61000061035156,173.02999877929688,174.33999633789062,55215200,AAPL,0.0135850828561374,3.5800018310546875,172.13799896240235,176.0715003967285,0.0085805079983643
2024-03-20,176.7432098388672,178.6699981689453,178.6699981689453,175.08999633789062,175.72000122070312,53423100,AAPL,0.014709202129471,3.5800018310546875,173.09299926757814,175.88899993896484,0.0085547837400154
2024-03-21,169.52194213867188,171.3699951171875,177.49000549316406,170.83999633789062,177.0500030517578,106181300,AAPL,-0.0408574641885602,6.6500091552734375,173.3299987792969,175.23899993896484,0.017033428369058
2024-03-22,170.422119140625,172.27999877929688,173.0500030517578,170.05999755859375,171.75999450683594,71160100,AAPL,0.0053101691546824,2.9900054931640625,173.48499908447266,174.72699966430665,0.0168234644509858
2024-03-25,169.00755310058594,170.85000610351562,171.94000244140625,169.4499969482422,170.57000732421875,54288300,AAPL,-0.0083003986876804,2.4900054931640625,173.2949996948242,174.21149978637695,0.0165907114459515
2024-03-26,167.87985229492188,169.7100067138672,171.4199981689453,169.5800018310547,170.0,57388400,AAPL,-0.0066725159433574,1.839996337890625,172.94300079345703,173.56549987792968,0.0166220134837739
2024-03-27,171.44100952148438,173.30999755859375,173.60000610351562,170.11000061035156,170.41000366210938,60273300,AAPL,0.0212126020995107,3.4900054931640625,173.16100006103517,173.1599998474121,0.0176598280306055
2024-03-28,169.6307373046875,171.47999572753906,172.22999572753906,170.50999450683594,171.75,65672700,AAPL,-0.0105591244407927,1.720001220703125,173.00899963378907,172.69649963378907,0.0176801698199073
2024-04-01,168.19638061523438,170.02999877929688,171.25,169.47999572753906,171.19000244140625,46240500,AAPL,-0.0084557790084509,1.7700042724609375,172.75,172.21499938964843,0.0178474828767931
2024-04-02,167.01919555664062,168.83999633789062,169.33999633789062,168.22999572753906,169.0800018310547,49329500,AAPL,-0.0069987793327629,1.1100006103515625,172.26199951171876,171.9019989013672,0.0177036445492869
2024-04-03,167.8204803466797,169.64999389648438,170.67999267578125,168.5800018310547,168.7899932861328,47691700,AAPL,0.0047974270087802,2.0999908447265625,171.6189987182617,171.87849884033204,0.0170098305196793
2024-04-04,166.99945068359375,168.82000732421875,171.9199981689453,168.82000732421875,170.2899932861328,53704400,AAPL,-0.0048923466084652,3.0999908447265625,170.63399963378907,171.8634994506836,0.0157506853469523
2024-04-05,167.75123596191406,169.5800018310547,170.38999938964844,168.9499969482422,169.58999633789062,42104800,AAPL,0.0045018035414272,1.44000244140625,170.4550003051758,171.89249954223632,0.0098920398924738
2024-04-08,166.63343811035156,168.4499969482422,169.1999969482422,168.24000549316406,169.02999877929688,37425500,AAPL,-0.0066635503633162,0.959991455078125,170.0720001220703,171.77849960327148,0.0097664749078383
2024-04-09,167.8402557373047,169.6699981689453,170.0800018310547,168.35000610351562,168.6999969482422,42373800,AAPL,0.0072425125723094,1.7299957275390625,169.9539993286133,171.62449951171874,0.0099238185646703
2024-04-10,165.9706268310547,167.77999877929688,169.08999633789062,167.11000061035156,168.8000030517578,49709300,AAPL,-0.0111392668712503,1.9799957275390625,169.76099853515626,171.35199966430665,0.0103177805111097
2024-04-11,173.15232849121094,175.0399932861328,175.4600067138672,168.16000366210938,168.33999633789062,91070300,AAPL,0.0432709176281849,7.300003051757812,169.93399810791016,171.54749908447266,0.0162623553641772
2024-04-12,174.64608764648438,176.5500030517578,178.36000061035156,174.2100067138672,174.25999450683594,101670900,AAPL,0.0086266557560741,4.149993896484375,170.44099884033204,171.72499923706056,0.0158594010496616
2024-04-15,170.8276824951172,172.69000244140625,176.6300048828125,172.5,175.36000061035156,73531800,AAPL,-0.0218634978398722,4.1300048828125,170.70699920654295,171.72849960327147,0.0174274494036564
2024-04-16,167.55340576171875,169.3800048828125,173.75999450683594,168.27000427246094,171.75,73711200,AAPL,-0.0191672795865344,5.489990234375,170.76100006103516,171.51149978637696,0.018493613944187
2024-04-17,166.1882781982422,168.0,170.64999389648438,168.0,169.61000061035156,50901200,AAPL,-0.0081473895562068,2.649993896484375,170.59600067138672,171.1074996948242,0.018609837270485
2024-04-18,165.23858642578125,167.0399932861328,168.63999938964844,166.5500030517578,168.02999877929688,43122900,AAPL,-0.0057143256777808,2.089996337890625,170.41799926757812,170.5259994506836,0.0186316101536681
2024-04-19,163.2206268310547,165.0,166.39999389648438,164.0800018310547,166.2100067138672,68149400,AAPL,-0.0122126039758537,2.3199920654296875,169.95999908447266,170.2074996948242,0.0188411838492066
2024-04-22,164.0515594482422,165.83999633789062,167.25999450683594,164.77000427246094,165.52000427246094,48116400,AAPL,0.0050908868963068,2.489990234375,169.6989990234375,169.8854995727539,0.0189243719675064
2024-04-23,165.10012817382812,166.89999389648438,167.0500030517578,164.9199981689453,165.35000610351562,49537800,AAPL,0.0063916882658032,2.1300048828125,169.4219985961914,169.68799896240233,0.0188830594358803
2024-04-24,167.1973114013672,169.02000427246094,169.3000030517578,166.2100067138672,166.5399932861328,48251800,AAPL,0.0127022795296891,3.089996337890625,169.5459991455078,169.65349884033202,0.0190333896158402
2024-04-25,168.05787658691406,169.88999938964844,170.61000061035156,168.14999389648438,169.52999877929688,50558300,AAPL,0.0051472908247303,2.4600067138671875,169.03099975585937,169.48249893188478,0.0121913455984157
2024-04-26,167.47427368164062,169.3000030517578,171.33999633789062,169.17999267578125,169.8800048828125,44838400,AAPL,-0.0034728138207679,2.160003662109375,168.30599975585938,169.3734992980957,0.0114994239207879
2024-04-29,171.62896728515625,173.5,176.02999877929688,173.10000610351562,173.3699951171875,68169400,AAPL,0.0248080146044544,2.92999267578125,168.38699951171876,169.5469993591309,0.0128872600499945
2024-04-30,168.4931640625,170.3300018310547,174.99000549316406,170.0,173.3300018310547,65934800,AAPL,-0.0182708828181286,4.990005493164063,168.48199920654298,169.62149963378906,0.0127371753337696
2024-05-01,167.47427368164062,169.3000030517578,172.7100067138672,169.11000061035156,169.5800018310547,50383100,AAPL,-0.0060470778384568,3.600006103515625,168.61199951171875,169.6040000915527,0.0125928157979153
2024-05-02,171.16404724121094,173.02999877929688,173.4199981689453,170.88999938964844,172.50999450683594,94214900,AAPL,0.0220318704093509,2.529998779296875,169.21100006103515,169.81449966430665,0.0139691625472659
2024-05-03,181.4024200439453,183.3800048828125,187.0,182.66000366210932,186.6499938964844,163224100,AAPL,0.059816252537326,4.339996337890653,171.04900054931642,170.50449981689454,0.0214611300960033
2024-05-06,179.7504425048828,181.7100067138672,184.1999969482422,180.4199981689453,182.3500061035156,78569700,AAPL,-0.0091067625939508,3.779998779296875,172.63600158691406,171.1675003051758,0.0223341036582618
2024-05-07,180.4329833984375,182.3999938964844,184.8999938964844,181.32000732421875,183.4499969482422,77305800,AAPL,0.00379718869145,3.5799865722656534,174.18600158691407,171.80400009155272,0.022387938258292
2024-05-08,180.76931762695312,182.7400054931641,183.07000732421875,181.4499969482422,182.8500061035156,45057100,AAPL,0.001864098728384,1.6200103759765625,175.55800170898436,172.5520004272461,0.0224585839075051
2024-05-09,182.5795745849609,184.57000732421875,184.66000366210932,182.1100006103516,182.5599975585937,48983000,AAPL,0.0100142375836971,2.550003051757756,177.0260025024414,173.02850112915038,0.0224412574434099
2024-05-10,181.3215789794922,183.0500030517578,185.08999633789065,182.1300048828125,184.8999938964844,50759500,AAPL,-0.0082353806801929,2.9599914550781534,178.4010025024414,173.3535011291504,0.0227726939862335
2024-05-13,184.5210876464844,186.27999877929688,187.1000061035156,184.6199951171875,185.44000244140625,72044800,AAPL,0.0176454284276945,2.4800109863280966,179.6790023803711,174.03300094604492,0.0222952835379926
2024-05-14,185.6602020263672,187.42999267578125,188.3000030517578,186.2899932861328,187.509994506836,52393600,AAPL,0.0061734695298494,2.010009765625,181.38900146484372,174.93550033569335,0.0204365552071636
2024-05-15,187.9285888671875,189.72000122070312,190.6499938964844,187.3699951171875,187.91000366210932,70400000,AAPL,0.0122179407480591,3.2799987792969034,183.43100128173828,176.02150039672853,0.0196649747135535
2024-05-16,188.0474548339844,189.83999633789065,191.1000061035156,189.66000366210932,190.47000122070312,52845200,AAPL,0.0006324853279329,1.44000244140625,185.11200103759765,177.1615005493164,0.0195703989820266
2024-05-17,188.07716369628903,189.8699951171875,190.8099975585937,189.17999267578125,189.509994506836,41282900,AAPL,0.000158021385775,1.6300048828124716,185.7610000610352,178.40500030517578,0.0084622124894044
2024-05-20,189.23611450195312,191.0399932861328,191.9199981689453,189.009994506836,189.3300018310547,44361300,AAPL,0.0061621014327366,2.9100036621093466,186.69399871826167,179.66500015258788,0.0072175175619854
2024-05-21,190.53375244140625,192.3500061035156,192.72999572753903,190.9199981689453,191.08999633789065,42309400,AAPL,0.0068572700137226,1.8099975585937216,187.68899993896488,180.93750076293944,0.0072236987149683
2024-05-22,189.0974578857422,190.8999938964844,192.82000732421875,190.2700042724609,192.2700042724609,34648500,AAPL,-0.0075384047882527,2.550003051757841,188.50499877929687,182.03150024414063,0.0082646217250174
2024-05-23,185.11541748046875,186.8800048828125,191.0,186.6300048828125,190.97999572753903,51005900,AAPL,-0.0210580887490847,4.3699951171875,188.73599853515623,182.88100051879883,0.011231518803303
2024-05-24,188.18614196777344,189.97999572753903,190.5800018310547,188.0399932861328,188.82000732421875,36327000,AAPL,0.0165881355079717,2.540008544921875,189.4289978027344,183.91500015258788,0.0116257967436228
2024-05-28,188.196029663086,189.9900054931641,193.0,189.1000061035156,191.509994506836,52280100,AAPL,5.268852431927762e-05,3.8999938964844034,189.79999847412108,184.7395004272461,0.0105791178604366
2024-05-29,188.4932098388672,190.2899932861328,192.25,189.509994506836,189.6100006103516,53068000,AAPL,0.0015789661787208,2.740005493164034,190.08599853515625,185.7375,0.0104781984626545
2024-05-30,189.48374938964844,191.2899932861328,192.17999267578125,190.6300048828125,190.759994506836,49889100,AAPL,0.0052551370817295,1.54998779296875,190.2429977416992,186.83699951171877,0.0099074564643182
2024-05-31,190.4347381591797,192.25,192.57000732421875,189.91000366210932,191.44000244140625,75158300,AAPL,0.0050185934840365,2.6600036621094034,190.48399810791017,187.7979995727539,0.0099925534250504
2024-06-03,192.1978759765625,194.02999877929688,194.9900054931641,192.5200042724609,192.8999938964844,50080500,AAPL,0.0092587712837288,2.470001220703182,190.8999984741211,188.3304992675781,0.01028634596714
2024-06-04,192.514877319336,194.3500061035156,195.32000732421875,193.02999877929688,194.63999938964844,47471400,AAPL,0.0016492672588361,2.290008544921875,191.2309997558594,188.9624992370605,0.0101926270431518
2024-06-05,194.02053833007807,195.8699951171875,196.8999938964844,194.8699951171875,195.3999938964844,54156800,AAPL,0.0078208848260201,2.0299987792969034,191.58299865722657,189.6359992980957,0.0102504965124119
2024-06-06,192.6436462402344,194.47999572753903,196.5,194.1699981689453,195.69000244140625,41181800,AAPL,-0.0070965406866776,2.3300018310546875,191.94099884033204,190.22299880981444,0.0102063264669525
2024-06-07,195.03086853027344,196.88999938964844,196.94000244140625,194.13999938964844,194.6499938964844,53103900,AAPL,0.0123920388474594,2.8000030517578125,192.94199829101564,190.83899841308596,0.006734539116092
2024-06-10,191.2964630126953,193.1199951171875,197.3000030517578,192.1499938964844,196.8999938964844,97010200,AAPL,-0.0191477692323013,5.150009155273409,193.2559982299805,191.3424980163574,0.009112303823946
2024-06-11,205.19403076171875,207.1499938964844,207.16000366210932,193.6300048828125,193.6499938964844,172373300,AAPL,0.0726491255904564,13.529998779296848,194.9719970703125,192.3859977722168,0.0241626707214252
2024-06-12,211.05812072753903,213.07000732421875,220.1999969482422,206.8999938964844,207.3699951171875,198134300,AAPL,0.0285783905486989,13.300003051757784,197.2499984741211,193.66799850463863,0.0247503374047291
2024-06-13,212.2170867919922,214.2400054931641,216.75,211.6000061035156,214.7400054931641,97862700,AAPL,0.0054911443597267,5.149993896484403,199.5449996948242,194.8939987182617,0.0247436866005743
2024-06-14,210.48361206054688,212.4900054931641,215.1699981689453,211.3000030517578,213.8500061035156,70122700,AAPL,-0.0081684090512023,3.8699951171875,201.56900024414065,196.0264991760254,0.025477560360098
2024-06-17,214.62413024902344,216.6699981689453,218.9499969482422,212.72000122070312,213.3699951171875,93728300,AAPL,0.0196714789765286,6.229995727539063,203.83300018310547,197.3664993286133,0.0256406008448383
2024-06-18,212.2666015625,214.2899932861328,218.6300048828125,213.0,217.58999633789065,79943300,AAPL,-0.0109844690216719,5.6300048828125,205.8269989013672,198.52899932861328,0.0264713366554821
2024-06-20,207.7001190185547,209.67999267578125,214.2400054931641,208.8500061035156,213.92999267578125,86172500,AAPL,-0.0215129065975376,5.389999389648494,207.20799865722657,199.39549865722657,0.0283155378711138
2024-06-21,205.53082275390625,207.4900054931641,211.88999938964844,207.1100006103516,210.38999938964844,241805100,AAPL,-0.0104444260736094,4.779998779296847,208.50899963378907,200.22499923706056,0.0285222240382229
2024-06-24,206.17466735839844,208.13999938964844,212.6999969482422,206.58999633789065,207.72000122070312,80727000,AAPL,0.0031326515941789,6.110000610351534,209.63399963378907,201.2879989624024,0.0284726594950791
2024-06-25,207.09588623046875,209.07000732421875,211.3800048828125,208.6100006103516,209.1499938964844,55549700,AAPL,0.0044681845743128,2.770004272460909,211.2290008544922,202.24249954223632,0.0271085642877225
2024-06-26,211.2364044189453,213.25,214.8600006103516,210.63999938964844,211.5,66213200,AAPL,0.0199932679454066,4.220001220703153,211.83900146484376,203.4054992675781,0.0160944132851392
2024-06-27,212.07839965820312,214.1000061035156,215.7400054931641,212.3500061035156,214.69000244140625,49772700,AAPL,0.003985960626099,3.3899993896484943,211.94200134277344,204.59599990844723,0.013410678781649
2024-06-28,208.6312561035156,210.6199951171875,216.07000732421875,210.3000030517578,215.7700042724609,82542700,AAPL,-0.0162541377259257,5.7700042724609375,211.5800003051758,205.5625,0.0142589983584743
2024-07-01,214.703353881836,216.75,217.509994506836,211.9199981689453,212.08999633789065,60402900,AAPL,0.0291045723337037,5.589996337890653,212.00599975585936,206.7875,0.0169686360094061
2024-07-02,218.1901397705078,220.2700042724609,220.3800048828125,215.1000061035156,216.1499938964844,58046200,AAPL,0.0162399274392659,5.279998779296903,212.36600036621093,208.0995002746582,0.0166049675399343
2024-07-03,219.45803833007807,221.5500030517578,221.5500030517578,219.02999877929688,220.0,37369800,AAPL,0.0058110444203451,2.520004272460937,213.09200134277344,209.45950012207032,0.0160099725906969
2024-07-05,224.20281982421875,226.33999633789065,226.4499969482422,221.6499938964844,221.6499938964844,60412400,AAPL,0.0216203711133049,4.800003051757784,214.7580017089844,210.98300018310547,0.0142502728330456
2024-07-08,225.6688537597656,227.82000732421875,227.8500061035156,223.25,227.08999633789065,59085900,AAPL,0.006538884025246,4.600006103515597,216.79100189208984,212.65000076293944,0.0127744718182756
2024-07-09,226.5207061767578,228.67999267578125,229.3999938964844,226.3699951171875,227.92999267578125,48076100,AAPL,0.003774845597027,3.0299987792969034,218.84500122070312,214.2395004272461,0.0127406756436205
2024-07-10,230.7801055908203,232.97999572753903,233.0800018310547,229.25,229.3000030517578,62627700,AAPL,0.0188035822524021,3.830001831054688,221.2360000610352,216.23250045776368,0.0129133836737593
2024-07-11,225.42120361328125,227.57000732421875,232.38999938964844,225.7700042724609,231.38999938964844,64710600,AAPL,-0.0232208279789267,6.619995117187528,222.66800079345705,217.2535011291504,0.0163331322553652
2024-07-12,228.36317443847656,230.5399932861328,232.63999938964844,228.67999267578125,228.9199981689453,53046500,AAPL,0.0130508672774383,3.960006713867188,224.31199951171877,218.1270004272461,0.0164207567488331
2024-07-15,232.18670654296875,234.3999938964844,237.22999572753903,233.08999633789065,236.47999572753903,62631300,AAPL,0.0167433014781117,4.139999389648381,226.68999938964845,219.1349998474121,0.0142827468726071
2024-07-16,232.6027374267578,234.82000732421875,236.2700042724609,232.3300018310547,235.0,43234300,AAPL,0.0017918662059344,3.9400024414062216,228.49700012207032,220.25149993896488,0.0129529536969466
2024-07-17,226.7188415527344,228.8800048828125,231.4600067138672,226.63999938964844,229.4499969482422,57345900,AAPL,-0.0252959809902604,4.82000732421875,229.35800018310547,220.8620002746582,0.0162883707736309
2024-07-18,222.0631866455078,224.17999267578125,230.44000244140625,222.2700042724609,230.27999877929688,66034600,AAPL,-0.0205348309453142,8.169998168945341,229.62099914550785,221.35650024414065,0.0179970789742844
2024-07-19,222.19200134277344,224.3099975585937,226.8000030517578,223.27999877929688,224.82000732421875,49151500,AAPL,0.0005799129586041,3.520004272460937,229.41799926757807,222.08800048828124,0.0165312147466218
2024-07-22,221.8452911376953,223.9600067138672,227.77999877929688,223.08999633789065,227.009994506836,48201800,AAPL,-0.0015602998017737,4.690002441406222,229.03199920654296,222.9115005493164,0.0163301489908633
2024-07-23,222.8853912353516,225.009994506836,226.94000244140625,222.67999267578125,224.3699951171875,39960300,AAPL,0.0046882825571186,4.260009765625,228.66499938964844,223.75500030517577,0.016365987072772
2024-07-24,216.4764709472656,218.5399932861328,224.8000030517578,217.1300048828125,224.0,61777600,AAPL,-0.0287542837147466,7.669998168945312,227.22099914550785,224.22849960327147,0.0167180261571092
2024-07-25,215.4364013671875,217.4900054931641,220.8500061035156,214.6199951171875,218.92999267578125,51391200,AAPL,-0.0048045567183393,6.230010986328097,226.21299896240237,224.44049987792968,0.0156192194985041
2024-07-26,215.9019470214844,217.9600067138672,219.4900054931641,216.009994506836,218.6999969482422,41601300,AAPL,0.0021610244555254,3.480010986328125,224.9550003051758,224.63349990844728,0.0146138712125231
2024-07-29,216.1793212890625,218.2400054931641,219.3000030517578,215.75,216.9600067138672,36311800,AAPL,0.001284633743219,3.5500030517578125,223.33900146484376,225.0145004272461,0.0126907729849
2024-07-30,216.7340087890625,218.8000030517578,220.3300018310547,216.1199951171875,219.19000244140625,41643800,AAPL,0.0025659711533101,4.210006713867188,221.73700103759765,225.117000579834,0.0127528698989716
2024-07-31,219.98301696777344,222.0800018310547,223.82000732421875,220.6300048828125,221.44000244140625,50036300,AAPL,0.0149908534440055,3.19000244140625,221.05700073242187,225.20750045776367,0.0126825125556535
2024-08-01,216.2981719970703,218.3600006103516,224.47999572753903,217.0200042724609,224.3699951171875,62501000,AAPL,-0.0167507258196667,7.459991455078125,220.4750015258789,225.04800033569336,0.0121441737504128
2024-08-02,217.7840118408203,219.8600006103516,225.6000061035156,217.7100067138672,219.1499938964844,105568600,AAPL,0.0068693899789671,7.889999389648409,220.03000183105468,224.7240005493164,0.0124829936440482
2024-08-05,207.29397583007807,209.2700042724609,213.5,196.0,199.08999633789065,119548600,AAPL,-0.0481669985831523,17.5,218.56100158691407,223.7965003967285,0.019214695124437
2024-08-06,205.2732696533203,207.22999572753903,209.9900054931641,201.07000732421875,205.3000030517578,69660500,AAPL,-0.0097482128507335,8.919998168945341,216.7830017089844,222.7240005493164,0.0188111273523196
2024-08-07,207.8388214111328,209.82000732421875,213.63999938964844,206.38999938964844,206.8999938964844,63516400,AAPL,0.0124982466345509,7.25,215.91100311279297,221.5660011291504,0.0182783993678596
2024-08-08,211.29586791992188,213.3099975585937,214.1999969482422,208.8300018310547,213.1100006103516,47161100,AAPL,0.0166332576139041,5.3699951171875,215.49300231933597,220.85300064086917,0.0193854692728363
2024-08-09,214.1981964111328,216.2400054931641,216.77999877929688,211.97000122070312,212.1000061035156,42201600,AAPL,0.0137359147161657,4.80999755859375,215.3210021972656,220.13800125122071,0.0199823914917541
2024-08-12,215.72540283203125,217.52999877929688,219.509994506836,215.6000061035156,216.07000732421875,38028100,AAPL,0.0059655625849193,3.909988403320369,215.2500015258789,219.2945014953613,0.0200862292826966
2024-08-13,219.43438720703125,221.2700042724609,221.88999938964844,219.009994506836,219.009994506836,44155300,AAPL,0.0171930561952451,2.880004882812472,215.4970016479492,218.61700134277345,0.0208242555616864
2024-08-14,219.8806610107422,221.72000122070312,223.02999877929688,219.6999969482422,220.57000732421875,41960600,AAPL,0.0020337006352117,3.3300018310546875,215.46100158691405,218.259001159668,0.0202751288554476
2024-08-15,222.8557586669922,224.72000122070312,225.3500061035156,222.759994506836,224.6000061035156,46414000,AAPL,0.0135305790342918,2.5900115966796307,216.0970016479492,218.28600158691407,0.0197454008937024
2024-08-16,224.1747283935547,226.0500030517578,226.8300018310547,223.6499938964844,223.9199981689453,44340200,AAPL,0.0059184844421056,3.180007934570284,216.71600189208985,218.37300186157228,0.0197272688074632
2024-08-19,224.0160522460937,225.88999938964844,225.9900054931641,223.0399932861328,225.72000122070312,40687800,AAPL,-0.0007078241979617,2.9500122070312784,218.37800140380855,218.46950149536133,0.008671746440542
2024-08-20,224.6309051513672,226.509994506836,227.1699981689453,225.4499969482422,225.7700042724609,30299000,AAPL,0.002744677138708,1.720001220703125,220.30600128173828,218.5445014953613,0.0065078474246286
2024-08-21,224.52183532714844,226.3999938964844,227.97999572753903,225.0500030517578,226.5200042724609,34765500,AAPL,-0.000485632479887,2.9299926757812216,221.96399993896483,218.9375015258789,0.0069989701831665
2024-08-22,222.66732788085932,224.52999877929688,228.33999633789065,223.8999938964844,227.7899932861328,43695300,AAPL,-0.0082596959699677,4.44000244140625,223.08600006103515,219.28950119018555,0.0078289448923727
2024-08-23,224.95819091796875,226.83999633789065,228.22000122070312,224.3300018310547,225.66000366210932,38677300,AAPL,0.0102881466670492,3.8899993896484375,224.1459991455078,219.7335006713867,0.007477683273468
2024-08-26,225.2953491210937,227.17999267578125,227.27999877929688,223.88999938964844,226.759994506836,30602200,AAPL,0.0014988376978464,3.389999389648437,225.11099853515623,220.1805000305176,0.0075349789873179
2024-08-27,226.1383056640625,228.02999877929688,228.8500061035156,224.88999938964844,226.0,35934600,AAPL,0.0037415535298863,3.960006713867159,225.78699798583983,220.64199981689453,0.0060461118747036
2024-08-28,224.61111450195312,226.4900054931641,229.8600006103516,225.67999267578125,227.9199981689453,38052200,AAPL,-0.0067534679400813,4.180007934570341,226.26399841308597,220.8625,0.0067987448673982
2024-08-29,227.8836975097656,229.7899932861328,232.9199981689453,228.8800048828125,230.1000061035156,51906300,AAPL,0.0145701254489498,4.0399932861328125,226.7709976196289,221.43399963378903,0.006997118469274
2024-08-30,227.1002655029297,229.0,230.3999938964844,227.47999572753903,230.19000244140625,52990800,AAPL,-0.0034378924636161,2.9199981689453693,227.0659973144531,221.8909996032715,0.0070779820418997
2024-09-03,220.9219512939453,222.7700042724609,229.0,221.1699981689453,228.5500030517578,50190600,AAPL,-0.0272052215176379,7.830001831054687,226.7539978027344,222.56599960327148,0.0114999480155548
2024-09-04,219.0178680419922,220.8500061035156,221.77999877929688,217.47999572753903,221.66000366210932,43840200,AAPL,-0.0086187463847109,4.300003051757841,226.18799896240236,223.24700012207032,0.011613462399277
2024-09-05,220.53515625,222.3800048828125,225.47999572753903,221.5200042724609,221.6300048828125,36615400,AAPL,0.0069277733167902,3.959991455078125,225.7860000610352,223.875,0.0119846234759905
2024-09-06,218.9881134033203,220.82000732421875,225.2400054931641,219.7700042724609,223.9499969482422,48423000,AAPL,-0.0070150082037089,5.470001220703182,225.41500091552732,224.2505004882813,0.0119154775992668
2024-09-09,219.077392578125,220.91000366210932,221.2700042724609,216.7100067138672,220.82000732421875,67180000,AAPL,0.0004075551802624,4.559997558593722,224.8220016479492,224.4840003967285,0.0112088228592771
2024-09-10,218.2840118408203,220.1100006103516,221.47999572753903,216.72999572753903,218.9199981689453,51591000,AAPL,-0.0036213980285899,4.75,224.11500244140623,224.61300048828124,0.0111179473395426
2024-09-11,220.81288146972656,222.66000366210932,223.08999633789065,217.88999938964844,221.4600067138672,44587100,AAPL,0.0115851303652116,5.199996948242216,223.5780029296875,224.68250045776367,0.0119032218897186
2024-09-12,220.9219512939453,222.7700042724609,223.5500030517578,219.82000732421875,222.5,37455600,AAPL,0.000494029500325,3.7299957275390634,223.2060028076172,224.7350006103516,0.0118233968216278
2024-09-13,220.6541748046875,222.5,224.0399932861328,221.91000366210932,223.5800018310547,36766600,AAPL,-0.001212031545013,2.129989624023466,222.4770034790039,224.6240005493164,0.0103932503482862
2024-09-16,214.52545166015625,216.32000732421875,217.22000122070312,213.9199981689453,216.5399932861328,59357400,AAPL,-0.0277752479810393,3.3000030517578125,221.2090042114258,224.13750076293945,0.0129885122125884
2024-09-17,214.99156188964844,216.7899932861328,216.8999938964844,214.5,215.75,45519300,AAPL,0.002172642132032,2.3999938964844034,220.61100311279296,223.68250045776367,0.010676195703083
2024-09-18,218.85922241210932,220.69000244140625,222.7100067138672,217.5399932861328,217.5500030517578,59894900,AAPL,0.017989802463465,5.170013427734375,220.59500274658205,223.3915008544922,0.0122303397229994
2024-09-19,226.9713134765625,228.8699951171875,229.82000732421875,224.6300048828125,224.9900054931641,66781300,AAPL,0.0370655334871956,5.19000244140625,221.24400177001957,223.5150009155273,0.0169362988326809
2024-09-20,226.306884765625,228.1999969482422,233.08999633789065,227.6199951171875,229.97000122070312,318679900,AAPL,-0.0029274181117636,5.470001220703153,221.98200073242188,223.6985008239746,0.0167153709037828
2024-09-23,224.5912475585937,226.47000122070312,229.4499969482422,225.8099975585937,227.33999633789065,54146000,AAPL,-0.007581050616453,3.639999389648466,222.53800048828128,223.68000106811525,0.0170625155543692
2024-09-24,225.48377990722656,227.3699951171875,229.3500061035156,225.72999572753903,228.6499938964844,43556100,AAPL,0.0039740093241191,3.6200103759765625,223.26399993896484,223.68950119018555,0.0169223370052611
2024-09-25,224.49208068847656,226.3699951171875,227.2899932861328,224.0200042724609,224.92999267578125,42308700,AAPL,-0.0043981177001151,3.2699890136719034,223.63499908447267,223.60650100708008,0.0168155723529921
2024-09-26,225.632553100586,227.5200042724609,228.5,225.41000366210932,227.3000030517578,36636700,AAPL,0.0050802190223049,3.0899963378906534,224.10999908447263,223.6580009460449,0.0168391201311741
2024-09-27,225.9002685546875,227.7899932861328,229.5200042724609,227.3000030517578,228.4600067138672,34026000,AAPL,0.0011866605511687,2.2200012207030966,224.63899841308597,223.55800094604493,0.0168015439914865
2024-09-30,231.0670928955078,233.0,233.0,229.6499938964844,230.0399932861328,54541900,AAPL,0.0228719736047524,3.3500061035155966,226.30699768066407,223.7580009460449,0.0140818903757757
2024-10-01,224.3334350585937,226.2100067138672,229.6499938964844,223.7400054931641,229.5200042724609,63285000,AAPL,-0.0291416020864069,5.9099884033203125,227.2489990234375,223.93000106811525,0.0182683225212067
2024-10-02,224.898681640625,226.77999877929688,227.3699951171875,223.0200042724609,225.88999938964844,32880600,AAPL,0.002519747352073,4.349990844726591,227.85799865722657,224.22650070190429,0.0176348018929436
2024-10-03,223.7978973388672,225.6699981689453,226.8099975585937,223.32000732421875,225.13999938964844,34044200,AAPL,-0.0048946142354988,3.489990234374972,227.5379989624024,224.39100036621093,0.0129672471323375
2024-10-04,224.9185028076172,226.8000030517578,228.0,224.1300048828125,227.8999938964844,37245100,AAPL,0.0050073332387166,3.8699951171875,227.39799957275392,224.69000015258788,0.0131007874207544
2024-10-07,219.85089111328125,221.69000244140625,225.69000244140625,221.3300018310547,224.5,39505400,AAPL,-0.0225308665855061,4.3600006103515625,226.9199996948242,224.72900009155276,0.0147438168882828
2024-10-08,223.8970642089844,225.7700042724609,225.97999572753903,223.25,224.3000030517578,31855700,AAPL,0.0184040858230989,2.729995727539034,226.7600006103516,225.0120002746582,0.0160456818219279
2024-10-09,227.63580322265625,229.5399932861328,229.75,224.8300018310547,225.22999572753903,33591100,AAPL,0.0166983609085742,4.9199981689453125,227.0770004272461,225.3559997558594,0.0168557090063883
2024-10-10,227.13992309570312,229.0399932861328,229.5,227.1699981689453,227.77999877929688,28183500,AAPL,-0.0021782696463562,2.3300018310546875,227.22899932861327,225.66949920654295,0.0168416470948283
2024-10-11,225.6623077392578,227.5500030517578,229.41000366210932,227.33999633789065,229.3000030517578,31759200,AAPL,-0.0065053714549913,2.070007324218693,227.2050003051758,225.9219993591309,0.0169966791487154
2024-10-14,229.38116455078125,231.3000030517578,231.72999572753903,228.6000061035156,228.6999969482422,39882100,AAPL,0.0164798943076569,3.129989624023437,227.0350006103516,226.6709991455078,0.0161406264093991
2024-10-15,231.9100341796875,233.8500061035156,237.4900054931641,232.3699951171875,233.6100006103516,64751400,AAPL,0.0110246563688423,5.120010375976591,227.7990005493164,227.52399978637692,0.0129314013151784
2024-10-16,229.8571929931641,231.77999877929688,232.1199951171875,229.83999633789065,231.6000061035156,34082200,AAPL,-0.0088518591840549,2.2799987792968466,228.2990005493164,228.0784996032715,0.0135049327742168
2024-10-17,230.22412109375,232.1499938964844,233.8500061035156,230.5200042724609,233.42999267578125,32993800,AAPL,0.0015963203000093,3.3300018310546875,228.9470001220703,228.24249954223632,0.0132766225968849
2024-10-18,233.05047607421875,235.0,236.17999267578125,234.009994506836,236.17999267578125,46431500,AAPL,0.0122765719510913,2.169998168945284,229.76699981689453,228.5824996948242,0.0135990345497683
2024-10-21,234.5181884765625,236.47999572753903,236.8500061035156,234.4499969482422,234.4499969482422,36254500,AAPL,0.0062978541597404,2.400009155273409,231.24599914550785,229.082999420166,0.0100186831811126
2024-10-22,233.9033660888672,235.8600006103516,236.22000122070312,232.6000061035156,233.88999938964844,38846600,AAPL,-0.0026217655970434,3.619995117187528,232.25499877929687,229.50749969482425,0.0094379582007394
2024-10-23,228.8456573486328,230.759994506836,235.13999938964844,227.759994506836,234.0800018310547,52287000,AAPL,-0.0216230225147034,7.380004882812472,232.3769989013672,229.72699966430665,0.0114621559007407
2024-10-24,228.65724182128903,230.57000732421875,230.82000732421875,228.41000366210932,229.97999572753903,31109500,AAPL,-0.0008233107433688,2.4100036621094034,232.53000030517575,229.8794998168945,0.011433775757715
2024-10-25,229.49026489257807,231.41000366210932,233.22000122070312,229.57000732421875,229.7400054931641,38802300,AAPL,0.0036431292501519,3.649993896484375,232.9160003662109,230.06050033569332,0.0111680054857254
2024-10-28,231.4637451171875,233.3999938964844,234.72999572753903,232.5500030517578,233.32000732421875,36087100,AAPL,0.0085994131752433,2.1799926757812216,233.1259994506836,230.0805000305176,0.0102528780310348
2024-10-29,231.7315216064453,233.6699981689453,234.3300018310547,232.32000732421875,233.1000061035156,35417200,AAPL,0.0011568306748999,2.009994506835937,233.10799865722657,230.4534996032715,0.0096317515985312
2024-10-30,228.19113159179688,230.1000061035156,233.47000122070312,229.5500030517578,232.6100006103516,47070900,AAPL,-0.0152779222553363,3.919998168945313,232.93999938964845,230.61949996948243,0.0104637798650565
2024-10-31,224.0359039306641,225.91000366210932,229.8300018310547,225.3699951171875,229.33999633789065,64370100,AAPL,-0.0182094842688587,4.460006713867188,232.31600036621091,230.63150024414065,0.0117775014063257
2024-11-01,221.0608062744141,222.91000366210932,225.3500061035156,220.2700042724609,220.97000122070312,65276700,AAPL,-0.013279624414008,5.080001831054688,231.10700073242188,230.4370002746582,0.0109180924377587
2024-11-04,220.1682281494141,222.009994506836,222.7899932861328,219.7100067138672,220.9900054931641,44944500,AAPL,-0.0040375449306332,3.079986572265625,229.6600006103516,230.4529998779297,0.010170907480792
2024-11-05,221.59629821777344,223.4499969482422,223.9499969482422,221.13999938964844,221.8000030517578,28111300,AAPL,0.0064862054728886,2.80999755859375,228.41900024414065,230.33699951171877,0.0109124237479906
2024-11-06,220.87234497070312,222.72000122070312,226.07000732421875,221.19000244140625,222.6100006103516,54561100,AAPL,-0.0032669310248778,4.8800048828125,227.61500091552733,229.9959999084473,0.009291978814959
2024-11-07,225.5928649902344,227.47999572753903,227.8800048828125,224.57000732421875,224.6300048828125,42137700,AAPL,0.0213721016556525,3.30999755859375,227.30599975585935,229.9180000305176,0.0121988250248483
2024-11-08,225.3247985839844,226.9600067138672,228.66000366210932,226.41000366210932,227.1699981689453,38328800,AAPL,-0.0022858669924306,2.25,226.8610000610352,229.88850021362305,0.0120763536594881
2024-11-11,222.614486694336,224.22999572753903,225.6999969482422,221.5,225.0,42005600,AAPL,-0.0120285993371948,4.199996948242188,225.94400024414065,229.5349998474121,0.01184813734693
2024-11-12,222.614486694336,224.22999572753903,225.58999633789065,223.3600006103516,224.5500030517578,40398300,AAPL,0.0,2.2299957275390625,225.0,229.0539993286133,0.0117984182855726
2024-11-13,223.49807739257807,225.1199951171875,226.6499938964844,222.759994506836,224.009994506836,48566200,AAPL,0.0039691361843037,3.8899993896484375,224.5019989013672,228.72099914550785,0.0113241430662953
2024-11-14,226.5757598876953,228.22000122070312,228.8699951171875,225.0,225.0200042724609,44923900,AAPL,0.013770460957508,3.8699951171875,224.73299865722657,228.52449951171877,0.0107806671979096
2024-11-15,223.3789520263672,225.0,226.9199981689453,224.2700042724609,226.3999938964844,47923700,AAPL,-0.0141091981573918,2.6499938964844034,224.94199829101564,228.02449951171877,0.0109058214515651
2024-11-18,226.377182006836,228.0200042724609,229.7400054931641,225.1699981689453,225.25,44633700,AAPL,0.0134222412109372,4.570007324218778,225.54299926757807,227.60149993896485,0.0113985284503805
2024-11-19,226.63528442382807,228.27999877929688,230.16000366210932,226.66000366210932,226.97999572753903,36211800,AAPL,0.0011402267431119,3.5,226.0259994506836,227.2224998474121,0.0113280870347635
2024-11-20,227.35011291503903,229.0,229.92999267578125,225.88999938964844,228.0599975585937,35169600,AAPL,0.0031540267415159,4.0399932861328125,226.65399932861328,227.1345001220703,0.0111646817281048
2024-11-21,226.87359619140625,228.5200042724609,230.16000366210932,225.7100067138672,228.8800048828125,42108300,AAPL,-0.0020960512119611,4.449996948242159,226.75800018310548,227.03199996948243,0.0091148396108268
2024-11-22,228.21383666992188,229.8699951171875,230.72000122070312,228.0599975585937,228.0599975585937,38168300,AAPL,0.005907539031537,2.6600036621094034,227.0489990234375,226.95499954223632,0.0092050360772833
2024-11-25,231.19224548339844,232.8699951171875,233.25,229.7400054931641,231.4600067138672,90152800,AAPL,0.0130508551082129,3.509994506835909,227.9129989624024,226.9284996032715,0.0085600906111885
2024-11-26,233.366439819336,235.0599975585937,235.57000732421875,233.3300018310547,233.3300018310547,45986200,AAPL,0.0094043993959125,2.2400054931640625,228.99599914550785,226.9979995727539,0.0086101221588275
2024-11-27,233.23736572265625,234.92999267578125,235.69000244140625,233.8099975585937,234.47000122070312,33498400,AAPL,-0.0005530710633997,1.8800048828125284,229.9769989013672,227.2394989013672,0.0087735612178292
2024-11-29,235.62008666992188,237.3300018310547,237.8099975585937,233.97000122070312,234.8099975585937,28481400,AAPL,0.0102158482530818,3.8399963378905966,230.88799896240235,227.81049880981445,0.0084122099712821
2024-12-02,237.8638153076172,239.58999633789065,240.7899932861328,237.16000366210932,237.2700042724609,48137100,AAPL,0.0095225824354256,3.629989624023466,232.3469985961914,228.6444984436035,0.0056350728591452
2024-12-03,240.9017639160156,242.6499938964844,242.759994506836,238.8999938964844,239.8099975585937,38861000,AAPL,0.0127718085285926,3.8600006103515625,233.80999755859372,229.67649841308597,0.0055470114756703
2024-12-04,241.2591857910156,243.009994506836,244.1100006103516,241.25,242.8699951171875,44383900,AAPL,0.0014836209330593,2.860000610351591,235.28299713134768,230.6544982910156,0.0055128090645247
2024-12-05,241.28895568847656,243.0399932861328,244.5399932861328,242.1300048828125,243.9900054931641,40033900,AAPL,0.0001234466893336,2.4099884033203125,236.6869964599609,231.6704978942871,0.0057809061547255
2024-12-06,241.09036254882807,242.83999633789065,244.6300048828125,242.0800018310547,242.91000366210932,36870600,AAPL,-0.0008228972752097,2.5500030517578125,238.1189956665039,232.4384979248047,0.0055942104180614
2024-12-09,244.9722595214844,246.75,247.2400054931641,241.75,241.8300018310547,44649200,AAPL,0.0161011518739644,5.490005493164091,239.8069961547852,233.42799758911133,0.0064207946789622
2024-12-10,245.98487854003903,247.7700042724609,248.2100067138672,245.33999633789065,246.88999938964844,36914800,AAPL,0.0041337559167615,2.870010375976534,241.2969970703125,234.60499801635743,0.0061192311113933
2024-12-11,244.714096069336,246.4900054931641,250.8000030517578,246.259994506836,247.9600067138672,45205800,AAPL,-0.0051660764306613,4.540008544921847,242.43999786376952,235.71799850463867,0.0069586379866827
2024-12-12,246.1735076904297,247.9600067138672,248.7400054931641,245.67999267578125,246.88999938964844,32777500,AAPL,0.0059637355995916,3.060012817382841,243.7429992675781,236.85999908447263,0.0067040885929409
2024-12-13,246.34228515625,248.1300048828125,249.2899932861328,246.2400054931641,247.82000732421875,33155300,AAPL,0.0006855870476785,3.0499877929687216,244.8229995727539,237.85549926757807,0.0066255161335067
2024-12-16,249.2313232421875,251.0399932861328,251.3800048828125,247.6499938964844,247.9900054931641,51694800,AAPL,0.0117276764037248,3.7300109863280966,245.9679992675781,239.1574989318848,0.0068450595048028
2024-12-17,251.6537322998047,253.47999572753903,253.8300018310547,249.77999877929688,250.0800018310547,51356400,AAPL,0.0097195765880424,4.0500030517578125,247.0509994506836,240.43049850463868,0.0065047427595418
2024-12-18,246.2628631591797,248.0500030517578,254.27999877929688,247.7400054931641,252.16000366210932,56774100,AAPL,-0.0214217798931076,6.539993286132784,247.55500030517575,241.4189987182617,0.0104688290036914
2024-12-19,247.9903106689453,249.7899932861328,252.0,247.08999633789065,247.5,60882300,AAPL,0.0070146753193627,4.910003662109347,248.2300003051758,242.4584983825684,0.0105504339435686
2024-12-20,252.65646362304688,254.4900054931641,255.0,245.69000244140625,248.0399932861328,147495300,AAPL,0.0188158546513408,9.30999755859375,249.39500122070316,243.75699844360352,0.0115800248409239
2024-12-23,253.43087768554688,255.2700042724609,255.6499938964844,253.4499969482422,254.7700042724609,40858800,AAPL,0.0030649485734628,2.199996948242216,250.2470016479492,245.0269989013672,0.0108733242028799
2024-12-24,256.3397216796875,258.20001220703125,258.2099914550781,255.2899932861328,255.4900054931641,23234700,AAPL,0.011478073747525,2.9199981689453125,251.29000244140624,246.2934997558594,0.0111683849900383
2024-12-26,257.15380859375,259.0199890136719,260.1000061035156,257.6300048828125,258.19000244140625,27237100,AAPL,0.0031757427105896,2.470001220703125,252.54300079345705,247.4914993286133,0.010693502409279
2024-12-27,253.74853515625,255.58999633789065,258.70001220703125,253.0599975585937,257.8299865722656,42355300,AAPL,-0.0132421929629538,5.640014648437528,253.30599975585935,248.52449951171877,0.0121334329976328
2024-12-30,250.38296508789065,252.1999969482422,253.5,250.75,252.22999572753903,35557500,AAPL,-0.0132634275136765,2.75,253.71299896240237,249.2679992675781,0.0131972526815183
2024-12-31,248.6158142089844,250.4199981689453,253.27999877929688,249.42999267578125,252.44000244140625,39480700,AAPL,-0.0070578858082308,3.850006103515625,253.6509994506836,249.80949935913085,0.0129470015210237
2025-01-02,242.0931396484375,243.8500061035156,249.1000061035156,241.82000732421875,248.92999267578125,55740700,AAPL,-0.0262358921550557,7.279998779296847,252.6880004882813,249.86949996948243,0.0147605067367265
2025-01-03,241.60665893554688,243.3600006103516,244.17999267578125,241.88999938964844,243.3600006103516,40244100,AAPL,-0.0020094545044054,2.2899932861328125,252.21900024414063,249.8870002746582,0.0133939215877357
